Date,BBCA,BYAN,TPIA,BBRI,BMRI,DSSA,TLKM,ASII,BBNI,ICBP
2018-01-01,3723.9267578125,716.8978881835938,1457.91748046875,2289.992919921875,2592.610107421875,1390.0,3339.20849609375,5383.92822265625,3732.603759765625,7525.14306640625
2018-01-02,3723.9267578125,723.6612548828125,1439.69384765625,2283.701416015625,2543.998779296875,1410.0,3316.646484375,5319.0625,3685.475341796875,7694.24755859375
2018-01-03,3723.9267578125,723.6612548828125,1403.24560546875,2271.119140625,2495.38720703125,1390.0,3181.273193359375,5221.76171875,3553.513916015625,7694.24755859375
2018-01-04,3779.189453125,716.8978881835938,1348.5738525390625,2233.3720703125,2535.89697265625,1390.0,3173.752197265625,5335.27880859375,3544.089111328125,7715.38525390625
2018-01-05,3783.441162109375,720.279541015625,1385.021728515625,2258.536865234375,2535.89697265625,1390.0,3218.876953125,5383.92822265625,3506.385009765625,7842.21484375
2018-01-06,3783.441162109375,720.279541015625,1385.021728515625,2258.536865234375,2535.89697265625,1390.0,3218.876953125,5383.92822265625,3506.385009765625,7842.21484375
2018-01-07,3783.441162109375,720.279541015625,1385.021728515625,2258.536865234375,2535.89697265625,1390.0,3218.876953125,5383.92822265625,3506.385009765625,7842.21484375
2018-01-08,3800.445556640625,703.37158203125,1397.1710205078125,2258.536865234375,2568.304443359375,1390.0,3203.835205078125,5383.92822265625,3506.385009765625,7609.69580078125
2018-01-09,3830.202880859375,710.1347045898438,1397.1710205078125,2245.95458984375,2560.202392578125,1390.0,3158.710693359375,5302.84521484375,3506.385009765625,7504.00634765625
2018-01-10,3817.44921875,642.5029296875,1360.7232666015625,2220.78955078125,2560.202392578125,1390.0,3151.190185546875,5367.71240234375,3496.959716796875,7377.17724609375
2018-01-11,3859.959716796875,713.5164184570312,1342.4990234375,2227.08056640625,2616.915771484375,1390.0,3136.14892578125,5351.4951171875,3496.959716796875,7377.17724609375
2018-01-12,3813.197998046875,693.226806640625,1342.4990234375,2227.08056640625,2625.017333984375,1390.0,3106.0654296875,5302.84521484375,3496.959716796875,7482.86865234375
2018-01-13,3813.197998046875,693.226806640625,1342.4990234375,2227.08056640625,2625.017333984375,1390.0,3106.0654296875,5302.84521484375,3496.959716796875,7482.86865234375
2018-01-14,3813.197998046875,693.226806640625,1342.4990234375,2227.08056640625,2625.017333984375,1390.0,3106.0654296875,5302.84521484375,3496.959716796875,7482.86865234375
2018-01-15,3821.699951171875,730.4242553710938,1336.4244384765625,2233.3720703125,2657.425537109375,1390.0,3098.544921875,5302.84521484375,3581.791748046875,7482.86865234375
2018-01-16,3842.955322265625,720.279541015625,1336.4244384765625,2271.119140625,2665.527099609375,1390.0,3166.2314453125,5335.27880859375,3619.49462890625,7482.86865234375
2018-01-17,3766.436767578125,720.279541015625,1336.4244384765625,2283.701416015625,2625.017333984375,1390.0,3158.710693359375,5319.0625,3619.49462890625,7504.00634765625
2018-01-18,3838.704833984375,737.1874389648438,1312.1259765625,2277.410400390625,2633.11962890625,1390.0,3136.14892578125,5383.92822265625,3581.791748046875,7504.00634765625
2018-01-19,3817.44921875,727.042724609375,1354.6484375,2277.410400390625,2616.915771484375,1390.0,3128.627685546875,5416.36083984375,3553.513916015625,7356.0390625
2018-01-20,3817.44921875,727.042724609375,1354.6484375,2277.410400390625,2616.915771484375,1390.0,3128.627685546875,5416.36083984375,3553.513916015625,7356.0390625
2018-01-21,3817.44921875,727.042724609375,1354.6484375,2277.410400390625,2616.915771484375,1390.0,3128.627685546875,5416.36083984375,3553.513916015625,7356.0390625
2018-01-22,3821.699951171875,723.6612548828125,1354.6484375,2296.283935546875,2616.915771484375,1390.0,3106.0654296875,5351.4951171875,3544.089111328125,7356.0390625
2018-01-23,3851.458251953125,728.7335815429688,1360.7232666015625,2466.14599609375,2649.3232421875,1390.0,3075.98291015625,5529.87890625,3638.345947265625,7482.86865234375
2018-01-24,3838.704833984375,737.1874389648438,1336.4244384765625,2409.525390625,2673.62890625,1390.0,2993.254638671875,5659.61181640625,3666.6240234375,7482.86865234375
2018-01-25,3838.704833984375,738.8782958984375,1573.3359375,2371.7783203125,2641.2216796875,1390.0,2985.73388671875,5659.61181640625,3619.49462890625,7461.72998046875
2018-01-26,3859.959716796875,738.8782958984375,1536.88818359375,2422.107666015625,2657.425537109375,1390.0,3121.107177734375,5594.7451171875,3619.49462890625,7461.72998046875
2018-01-27,3859.959716796875,738.8782958984375,1536.88818359375,2422.107666015625,2657.425537109375,1390.0,3121.107177734375,5594.7451171875,3619.49462890625,7461.72998046875
2018-01-28,3859.959716796875,738.8782958984375,1536.88818359375,2422.107666015625,2657.425537109375,1390.0,3121.107177734375,5594.7451171875,3619.49462890625,7461.72998046875
2018-01-29,3876.964111328125,733.8059692382812,1573.3359375,2390.651611328125,2649.3232421875,1390.0,3060.94140625,5610.9609375,3581.791748046875,7504.00634765625
2018-01-30,3876.964111328125,730.4242553710938,1585.4853515625,2340.322265625,2608.813720703125,1390.0,2985.73388671875,5465.01220703125,3478.1083984375,7356.0390625
2018-01-31,3864.210693359375,723.6612548828125,1585.4853515625,2327.739501953125,2641.2216796875,1390.0,3000.775146484375,5513.66162109375,3544.089111328125,7377.17724609375
2018-02-01,3974.738037109375,710.1347045898438,1573.3359375,2327.739501953125,2657.425537109375,1390.0,2993.254638671875,5562.31201171875,3515.811279296875,7356.0390625
2018-02-02,4076.76416015625,710.1347045898438,1579.41064453125,2352.90478515625,2633.11962890625,1390.0,3008.2958984375,5643.3955078125,3506.385009765625,7440.59228515625
2018-02-03,4076.76416015625,710.1347045898438,1579.41064453125,2352.90478515625,2633.11962890625,1390.0,3008.2958984375,5643.3955078125,3506.385009765625,7440.59228515625
2018-02-04,4076.76416015625,710.1347045898438,1579.41064453125,2352.90478515625,2633.11962890625,1390.0,3008.2958984375,5643.3955078125,3506.385009765625,7440.59228515625
2018-02-05,4047.006591796875,723.6612548828125,1542.9625244140625,2378.069091796875,2633.11962890625,1392.5,3015.816650390625,5529.87890625,3496.959716796875,7398.314453125
2018-02-06,4000.2451171875,730.4242553710938,1482.21630859375,2315.1572265625,2600.712158203125,1392.5,2963.17138671875,5465.01220703125,3421.5537109375,7398.314453125
2018-02-07,3995.994140625,723.6612548828125,1439.69384765625,2327.739501953125,2633.11962890625,1392.5,2993.254638671875,5481.228515625,3600.64306640625,7461.72998046875
2018-02-08,4030.002197265625,727.042724609375,1439.69384765625,2340.322265625,2649.3232421875,1392.5,3023.337646484375,5432.57861328125,3581.791748046875,7567.419921875
2018-02-09,4008.746826171875,727.042724609375,1621.9332275390625,2334.03076171875,2665.527099609375,1392.5,2970.692138671875,5319.0625,3553.513916015625,7546.2822265625
2018-02-10,4008.746826171875,727.042724609375,1621.9332275390625,2334.03076171875,2665.527099609375,1392.5,2970.692138671875,5319.0625,3553.513916015625,7546.2822265625
2018-02-11,4008.746826171875,727.042724609375,1621.9332275390625,2334.03076171875,2665.527099609375,1392.5,2970.692138671875,5319.0625,3553.513916015625,7546.2822265625
2018-02-12,3995.994140625,730.4242553710938,1470.0667724609375,2390.651611328125,2657.425537109375,1392.5,2978.213134765625,5319.0625,3591.216796875,7525.14306640625
2018-02-13,4047.006591796875,730.4242553710938,1470.0667724609375,2440.9814453125,2681.731201171875,1392.5,3038.37890625,5367.71240234375,3657.19775390625,7525.14306640625
2018-02-14,4030.002197265625,727.042724609375,1482.21630859375,2428.398681640625,2689.8330078125,1392.5,3038.37890625,5432.57861328125,3657.19775390625,7567.419921875
2018-02-15,3987.49267578125,730.4242553710938,1542.9625244140625,2415.816650390625,2689.8330078125,1392.5,3015.816650390625,5367.71240234375,3628.92041015625,7588.55810546875
2018-02-16,3987.49267578125,730.4242553710938,1542.9625244140625,2415.816650390625,2689.8330078125,1392.5,3015.816650390625,5367.71240234375,3628.92041015625,7588.55810546875
2018-02-17,3987.49267578125,730.4242553710938,1542.9625244140625,2415.816650390625,2689.8330078125,1392.5,3015.816650390625,5367.71240234375,3628.92041015625,7588.55810546875
2018-02-18,3987.49267578125,730.4242553710938,1542.9625244140625,2415.816650390625,2689.8330078125,1392.5,3015.816650390625,5367.71240234375,3628.92041015625,7588.55810546875
2018-02-19,4123.52587890625,727.042724609375,1555.1121826171875,2428.398681640625,2746.54638671875,1392.5,3045.899658203125,5465.01220703125,3723.177734375,7694.24755859375
2018-02-20,4085.26708984375,727.042724609375,1506.514892578125,2390.651611328125,2932.890380859375,1392.5,3060.94140625,5383.92822265625,3742.029296875,7504.00634765625
2018-02-21,4085.26708984375,730.4242553710938,1494.365478515625,2390.651611328125,2851.870849609375,1392.5,3060.94140625,5302.84521484375,3836.286865234375,7461.72998046875
2018-02-22,4064.0107421875,723.6612548828125,1506.514892578125,2371.7783203125,2795.157470703125,1392.5,3015.816650390625,5189.3291015625,3685.475341796875,7525.14306640625
2018-02-23,4123.52587890625,723.6612548828125,1518.6640625,2384.3603515625,2770.85205078125,1392.5,3030.8583984375,5319.0625,3713.752197265625,7546.2822265625
2018-02-24,4123.52587890625,723.6612548828125,1518.6640625,2384.3603515625,2770.85205078125,1392.5,3030.8583984375,5319.0625,3713.752197265625,7546.2822265625
2018-02-25,4123.52587890625,723.6612548828125,1518.6640625,2384.3603515625,2770.85205078125,1392.5,3030.8583984375,5319.0625,3713.752197265625,7546.2822265625
2018-02-26,4000.2451171875,727.042724609375,1506.514892578125,2352.90478515625,2689.8330078125,1392.5,3030.8583984375,5254.1953125,3704.326416015625,7546.2822265625
2018-02-27,4004.49609375,727.042724609375,1506.514892578125,2371.7783203125,2730.342529296875,1392.5,3023.337646484375,5319.0625,3704.326416015625,7609.69580078125
2018-02-28,3940.730712890625,727.042724609375,1494.365478515625,2378.069091796875,2689.8330078125,1392.5,3008.2958984375,5237.97900390625,3666.6240234375,7588.55810546875
2018-03-01,3940.730712890625,727.042724609375,1433.619140625,2384.3603515625,2714.138916015625,1392.5,3053.420654296875,5237.97900390625,3628.92041015625,7609.69580078125
2018-03-02,3889.717529296875,727.042724609375,1445.7684326171875,2384.3603515625,2746.54638671875,1120.0,3060.94140625,5286.62841796875,3591.216796875,7694.24755859375
2018-03-03,3889.717529296875,727.042724609375,1445.7684326171875,2384.3603515625,2746.54638671875,1120.0,3060.94140625,5286.62841796875,3591.216796875,7694.24755859375
2018-03-04,3889.717529296875,727.042724609375,1445.7684326171875,2384.3603515625,2746.54638671875,1120.0,3060.94140625,5286.62841796875,3591.216796875,7694.24755859375
2018-03-05,3889.717529296875,727.042724609375,1409.3203125,2371.7783203125,2665.527099609375,1342.5,3023.337646484375,5286.62841796875,3600.64306640625,7609.69580078125
2018-03-06,3872.713623046875,727.042724609375,1409.3203125,2346.613525390625,2608.813720703125,1342.5,3023.337646484375,5221.76171875,3459.2568359375,7546.2822265625
2018-03-07,3842.955322265625,723.6612548828125,1385.021728515625,2302.574951171875,2568.304443359375,1300.0,3008.2958984375,5075.81201171875,3421.5537109375,7377.17724609375
2018-03-08,3961.98583984375,727.042724609375,1366.797607421875,2371.7783203125,2625.017333984375,1300.0,3113.58642578125,5092.0283203125,3525.23681640625,7440.59228515625
2018-03-09,3961.98583984375,727.042724609375,1445.7684326171875,2321.448974609375,2625.017333984375,1300.0,3121.107177734375,5043.37841796875,3544.089111328125,7609.69580078125
2018-03-10,3961.98583984375,727.042724609375,1445.7684326171875,2321.448974609375,2625.017333984375,1300.0,3121.107177734375,5043.37841796875,3544.089111328125,7609.69580078125
2018-03-11,3961.98583984375,727.042724609375,1445.7684326171875,2321.448974609375,2625.017333984375,1300.0,3121.107177734375,5043.37841796875,3544.089111328125,7609.69580078125
2018-03-12,4017.249267578125,727.042724609375,1457.91748046875,2365.487060546875,2697.934814453125,1300.0,3158.710693359375,5059.595703125,3525.23681640625,7694.24755859375
2018-03-13,3987.49267578125,727.042724609375,1397.1710205078125,2365.487060546875,2649.3232421875,1300.0,3075.98291015625,4994.728515625,3487.53369140625,7377.17724609375
2018-03-14,3978.989990234375,727.042724609375,1391.0963134765625,2359.195556640625,2657.425537109375,1300.0,3053.420654296875,4913.6455078125,3562.940185546875,7356.0390625
2018-03-15,3974.738037109375,720.279541015625,1427.5443115234375,2289.992919921875,2592.610107421875,1300.0,2955.65087890625,4832.5625,3544.089111328125,7292.625
2018-03-16,3970.48876953125,723.6612548828125,1433.619140625,2315.1572265625,2568.304443359375,1300.0,2872.9228515625,4832.5625,3591.216796875,7398.314453125
2018-03-17,3970.48876953125,723.6612548828125,1433.619140625,2315.1572265625,2568.304443359375,1300.0,2872.9228515625,4832.5625,3591.216796875,7398.314453125
2018-03-18,3970.48876953125,723.6612548828125,1433.619140625,2315.1572265625,2568.304443359375,1300.0,2872.9228515625,4832.5625,3591.216796875,7398.314453125
2018-03-19,3970.48876953125,727.042724609375,1445.7684326171875,2321.448974609375,2616.915771484375,1300.0,2872.9228515625,4719.0458984375,3619.49462890625,7461.72998046875
2018-03-20,3957.7333984375,727.042724609375,1415.39501953125,2352.90478515625,2625.017333984375,1300.0,2752.591064453125,4735.2626953125,3487.53369140625,7250.349609375
2018-03-21,3974.738037109375,730.4242553710938,1470.0667724609375,2396.94287109375,2657.425537109375,1300.0,2790.194580078125,4735.2626953125,3496.959716796875,7271.48779296875
2018-03-22,3987.49267578125,730.4242553710938,1433.619140625,2308.865966796875,2592.610107421875,1300.0,2782.674072265625,4767.69677734375,3355.572998046875,7398.314453125
2018-03-23,4047.006591796875,730.4242553710938,1451.8428955078125,2264.827880859375,2745.416015625,1300.0,2752.591064453125,4719.0458984375,3289.593017578125,7356.0390625
2018-03-24,4047.006591796875,730.4242553710938,1451.8428955078125,2264.827880859375,2745.416015625,1300.0,2752.591064453125,4719.0458984375,3289.593017578125,7356.0390625
2018-03-25,4047.006591796875,730.4242553710938,1451.8428955078125,2264.827880859375,2745.416015625,1300.0,2752.591064453125,4719.0458984375,3289.593017578125,7356.0390625
2018-03-26,3957.7333984375,730.4242553710938,1494.365478515625,2264.827880859375,2753.942138671875,1300.0,2699.94580078125,4686.61279296875,3449.83056640625,7229.21044921875
2018-03-27,3987.49267578125,728.7335815429688,1512.589599609375,2264.827880859375,2728.363525390625,1300.0,2677.38330078125,4735.2626953125,3468.682373046875,7081.24462890625
2018-03-28,3966.236328125,723.6612548828125,1500.4403076171875,2233.3720703125,2660.15478515625,1300.0,2684.904296875,4605.52880859375,3354.495849609375,7165.79736328125
2018-03-29,3961.98583984375,723.6612548828125,1512.589599609375,2264.827880859375,2686.061767578125,1300.0,2707.466064453125,4735.2626953125,3364.190673828125,6996.69189453125
2018-03-30,3961.98583984375,723.6612548828125,1512.589599609375,2264.827880859375,2686.061767578125,1300.0,2707.466064453125,4735.2626953125,3364.190673828125,6996.69189453125
2018-03-31,3961.98583984375,723.6612548828125,1512.589599609375,2264.827880859375,2686.061767578125,1300.0,2707.466064453125,4735.2626953125,3364.190673828125,6996.69189453125
2018-04-01,3961.98583984375,723.6612548828125,1512.589599609375,2264.827880859375,2686.061767578125,1300.0,2707.466064453125,4735.2626953125,3364.190673828125,6996.69189453125
2018-04-02,3978.989990234375,723.6612548828125,1470.0667724609375,2334.0361328125,2738.55810546875,1300.0,2760.11181640625,4897.4287109375,3383.58154296875,7060.107421875
2018-04-03,3978.989990234375,723.6612548828125,1470.0667724609375,2334.0361328125,2729.808837890625,1300.0,2730.0283203125,4978.51220703125,3344.80078125,6933.27880859375
2018-04-04,3961.98583984375,723.6612548828125,1482.21630859375,2262.71875,2659.8134765625,1300.0,2707.466064453125,4913.6455078125,3209.06982421875,6891.00244140625
2018-04-05,3919.475341796875,723.6612548828125,1470.0667724609375,2249.751708984375,2677.312255859375,1300.0,2767.63232421875,4929.8623046875,3179.984619140625,6933.27880859375
2018-04-06,3864.210693359375,723.6612548828125,1482.21630859375,2256.235595703125,2642.314697265625,1300.0,2745.070068359375,4881.21142578125,3218.764892578125,6912.140625
2018-04-07,3864.210693359375,723.6612548828125,1482.21630859375,2256.235595703125,2642.314697265625,1300.0,2745.070068359375,4881.21142578125,3218.764892578125,6912.140625
2018-04-08,3864.210693359375,723.6612548828125,1482.21630859375,2256.235595703125,2642.314697265625,1300.0,2745.070068359375,4881.21142578125,3218.764892578125,6912.140625
2018-04-09,3872.713623046875,723.6612548828125,1494.365478515625,2288.65234375,2651.064208984375,1300.0,2835.319091796875,5027.162109375,3296.325439453125,6996.69189453125
2018-04-10,3961.98583984375,723.6612548828125,1506.514892578125,2321.0693359375,2756.056640625,1300.0,2903.005615234375,5075.81201171875,3383.58154296875,7123.52099609375
2018-04-11,3966.236328125,723.6612548828125,1512.589599609375,2366.45361328125,2817.302734375,1300.0,2910.526611328125,5156.89599609375,3325.41064453125,7102.3828125
2018-04-12,3936.47900390625,723.6612548828125,1500.4403076171875,2327.553466796875,2808.552978515625,1300.0,2820.277587890625,5010.9453125,3354.495849609375,7060.107421875
2018-04-13,3923.62890625,730.4242553710938,1482.21630859375,2301.619384765625,2808.552978515625,1300.0,2752.591064453125,4881.21142578125,3422.36181640625,7060.107421875
2018-04-14,3923.62890625,730.4242553710938,1482.21630859375,2301.619384765625,2808.552978515625,1300.0,2752.591064453125,4881.21142578125,3422.36181640625,7060.107421875
2018-04-15,3923.62890625,730.4242553710938,1482.21630859375,2301.619384765625,2808.552978515625,1300.0,2752.591064453125,4881.21142578125,3422.36181640625,7060.107421875
2018-04-16,3923.62890625,730.4242553710938,1482.21630859375,2301.619384765625,2808.552978515625,1300.0,2752.591064453125,4881.21142578125,3422.36181640625,7060.107421875
2018-04-17,3923.62890625,749.0231323242188,1482.21630859375,2301.619384765625,2808.552978515625,1300.0,2752.591064453125,4881.21142578125,3422.36181640625,7060.107421875
2018-04-18,3936.47900390625,733.8059692382812,1549.0374755859375,2372.93701171875,2817.302734375,1300.0,2835.319091796875,4881.21142578125,3402.97119140625,7038.96875
2018-04-19,3936.47900390625,737.1874389648438,1549.0374755859375,2372.93701171875,2817.302734375,1300.0,2835.319091796875,4881.21142578125,3402.97119140625,7038.96875
2018-04-20,3936.47900390625,737.1874389648438,1549.0374755859375,2372.93701171875,2817.302734375,1300.0,2835.319091796875,4881.21142578125,3402.97119140625,7038.96875
2018-04-21,3936.47900390625,737.1874389648438,1549.0374755859375,2372.93701171875,2817.302734375,1300.0,2835.319091796875,4881.21142578125,3402.97119140625,7038.96875
2018-04-22,3936.47900390625,737.1874389648438,1549.0374755859375,2372.93701171875,2817.302734375,1300.0,2835.319091796875,4881.21142578125,3402.97119140625,7038.96875
2018-04-23,3940.762939453125,743.95068359375,1518.6640625,2321.0693359375,2799.8037109375,1300.0,2820.277587890625,4848.77880859375,3383.58154296875,7081.24462890625
2018-04-24,3927.91259765625,743.95068359375,1518.6640625,2262.71875,2703.560546875,1300.0,2880.443115234375,4751.47998046875,3247.85009765625,7060.107421875
2018-04-25,3927.91259765625,743.95068359375,1518.6640625,2262.71875,2703.560546875,1300.0,2880.443115234375,4751.47998046875,3247.85009765625,7060.107421875
2018-04-26,3927.91259765625,743.95068359375,1518.6640625,2262.71875,2703.560546875,1300.0,2880.443115234375,4751.47998046875,3247.85009765625,7060.107421875
2018-04-27,3927.91259765625,710.1347045898438,1518.6640625,2262.71875,2703.560546875,1300.0,2880.443115234375,4751.47998046875,3247.85009765625,7060.107421875
2018-04-28,3927.91259765625,710.1347045898438,1518.6640625,2262.71875,2703.560546875,1300.0,2880.443115234375,4751.47998046875,3247.85009765625,7060.107421875
2018-04-29,3927.91259765625,710.1347045898438,1518.6640625,2262.71875,2703.560546875,1300.0,2880.443115234375,4751.47998046875,3247.85009765625,7060.107421875
2018-04-30,3786.55859375,742.2599487304688,1470.0667724609375,2087.665771484375,2493.575439453125,1300.0,2880.443115234375,4637.96240234375,3121.814453125,7334.9013671875
2018-05-01,3786.55859375,742.2599487304688,1470.0667724609375,2087.665771484375,2493.575439453125,1300.0,2880.443115234375,4637.96240234375,3121.814453125,7334.9013671875
2018-05-02,3923.62890625,742.2599487304688,1553.3896484375,2094.1494140625,2519.823486328125,1190.0,2910.526611328125,4783.91259765625,3102.42431640625,7356.0390625
2018-05-03,3820.826171875,742.2599487304688,1528.9296875,2042.281982421875,2397.331787109375,1190.0,2812.7568359375,4719.0458984375,2995.778076171875,6933.27880859375
2018-05-04,3773.70849609375,740.5690307617188,1510.58251953125,1964.480712890625,2318.58740234375,1190.0,2805.23583984375,4788.39404296875,2898.82763671875,6933.27880859375
2018-05-05,3773.70849609375,740.5690307617188,1510.58251953125,1964.480712890625,2318.58740234375,1190.0,2805.23583984375,4788.39404296875,2898.82763671875,6933.27880859375
2018-05-06,3773.70849609375,740.5690307617188,1510.58251953125,1964.480712890625,2318.58740234375,1190.0,2805.23583984375,4788.39404296875,2898.82763671875,6933.27880859375
2018-05-07,3820.826171875,740.5690307617188,1565.6240234375,1977.4476318359375,2379.83349609375,1190.0,2857.881103515625,4672.81298828125,2840.65673828125,7250.349609375
2018-05-08,3773.70849609375,740.5690307617188,1504.4666748046875,1990.41455078125,2379.83349609375,1190.0,2822.119384765625,4590.2548828125,2840.65673828125,7144.6591796875
2018-05-09,3923.62890625,740.5690307617188,1492.2354736328125,2081.18212890625,2511.07421875,1190.0,2884.4873046875,4689.32421875,3121.814453125,7165.79736328125
2018-05-10,3923.62890625,740.5690307617188,1492.2354736328125,2081.18212890625,2511.07421875,1190.0,2884.4873046875,4689.32421875,3121.814453125,7165.79736328125
2018-05-11,3897.928466796875,740.5690307617188,1516.698486328125,2048.76513671875,2519.823486328125,1190.0,2829.91552734375,4656.3017578125,3209.06982421875,7081.24462890625
2018-05-12,3897.928466796875,740.5690307617188,1516.698486328125,2048.76513671875,2519.823486328125,1190.0,2829.91552734375,4656.3017578125,3209.06982421875,7081.24462890625
2018-05-13,3897.928466796875,740.5690307617188,1516.698486328125,2048.76513671875,2519.823486328125,1190.0,2829.91552734375,4656.3017578125,3209.06982421875,7081.24462890625
2018-05-14,3936.47900390625,737.1874389648438,1504.4666748046875,2068.21533203125,2519.823486328125,1190.0,2759.75244140625,4639.7900390625,3179.984619140625,7060.107421875
2018-05-15,3803.6923828125,737.1874389648438,1480.0040283203125,1990.41455078125,2397.331787109375,1190.0,2627.22216796875,4573.74267578125,3131.50927734375,6933.27880859375
2018-05-16,3833.6767578125,737.1874389648438,1437.1939697265625,1990.41455078125,2397.331787109375,1190.0,2712.976806640625,4557.23095703125,3102.42431640625,7017.83056640625
2018-05-17,3769.42529296875,737.1874389648438,1437.1939697265625,1938.5465087890625,2344.835693359375,1190.0,2720.77294921875,4441.64892578125,3024.863525390625,6912.140625
2018-05-18,3718.02294921875,737.1874389648438,1424.962646484375,1906.1295166015625,2379.83349609375,1427.5,2720.77294921875,4309.5556640625,2937.608154296875,6764.17431640625
2018-05-19,3718.02294921875,737.1874389648438,1424.962646484375,1906.1295166015625,2379.83349609375,1427.5,2720.77294921875,4309.5556640625,2937.608154296875,6764.17431640625
2018-05-20,3718.02294921875,737.1874389648438,1424.962646484375,1906.1295166015625,2379.83349609375,1427.5,2720.77294921875,4309.5556640625,2937.608154296875,6764.17431640625
2018-05-21,3709.457275390625,737.1874389648438,1424.962646484375,1789.4281005859375,2336.0859375,1427.5,2666.201416015625,4309.5556640625,2830.9619140625,6764.17431640625
2018-05-22,3769.42529296875,737.1874389648438,1467.7724609375,1763.494140625,2283.58984375,1427.5,2705.181396484375,4590.2548828125,2763.096435546875,6848.7265625
2018-05-23,3769.42529296875,591.7789306640625,1455.541259765625,1867.229248046875,2371.083984375,1427.5,2705.181396484375,4623.27783203125,2792.181884765625,6785.3125
2018-05-24,3846.52685546875,710.1347045898438,1455.541259765625,1983.9307861328125,2449.828125,1427.5,2775.343994140625,4771.88330078125,2976.38818359375,6975.5546875
2018-05-25,3863.660400390625,710.1347045898438,1418.8468017578125,2022.8319091796875,2449.828125,1427.5,2775.343994140625,4788.39404296875,3092.72900390625,7017.83056640625
2018-05-26,3863.660400390625,710.1347045898438,1418.8468017578125,2022.8319091796875,2449.828125,1427.5,2775.343994140625,4788.39404296875,3092.72900390625,7017.83056640625
2018-05-27,3863.660400390625,710.1347045898438,1418.8468017578125,2022.8319091796875,2449.828125,1427.5,2775.343994140625,4788.39404296875,3092.72900390625,7017.83056640625
2018-05-28,3915.061767578125,740.5690307617188,1418.8468017578125,2107.116455078125,2581.069091796875,1427.5,2876.691162109375,4738.859375,3325.41064453125,7292.625
2018-05-29,3915.061767578125,740.5690307617188,1418.8468017578125,2107.116455078125,2581.069091796875,1427.5,2876.691162109375,4738.859375,3325.41064453125,7292.625
2018-05-30,3889.36083984375,750.7140502929688,1406.615234375,2035.798583984375,2537.322021484375,1427.5,2806.52734375,4623.27783203125,3354.495849609375,7186.93505859375
2018-05-31,3889.36083984375,750.7140502929688,1431.078125,1996.89794921875,2467.326904296875,1427.5,2744.16064453125,4557.23095703125,3286.63037109375,7356.0390625
2018-06-01,3889.36083984375,750.7140502929688,1431.078125,1996.89794921875,2467.326904296875,1427.5,2744.16064453125,4557.23095703125,3286.63037109375,7356.0390625
2018-06-02,3889.36083984375,750.7140502929688,1431.078125,1996.89794921875,2467.326904296875,1427.5,2744.16064453125,4557.23095703125,3286.63037109375,7356.0390625
2018-06-03,3889.36083984375,750.7140502929688,1431.078125,1996.89794921875,2467.326904296875,1427.5,2744.16064453125,4557.23095703125,3286.63037109375,7356.0390625
2018-06-04,3927.91259765625,760.8587646484375,1363.805419921875,2029.3150634765625,2581.069091796875,1427.5,2837.711669921875,4623.27783203125,3286.63037109375,7334.9013671875
2018-06-05,3893.64453125,760.8587646484375,1357.6895751953125,2016.347900390625,2572.31982421875,1427.5,2985.833740234375,4623.27783203125,3209.06982421875,7419.45361328125
2018-06-06,3945.047119140625,765.9310913085938,1333.2266845703125,2042.281982421875,2563.570556640625,1495.0,2954.650146484375,4606.7666015625,3199.374755859375,7482.86865234375
2018-06-07,3936.47900390625,769.3125610351562,1345.4581298828125,2120.083251953125,2581.069091796875,1495.0,2939.058349609375,4606.7666015625,3276.935302734375,7609.69580078125
2018-06-08,3812.259521484375,759.2171630859375,1418.8468017578125,2035.798583984375,2432.32958984375,1550.0,2814.32373046875,4557.23095703125,3121.814453125,7482.86865234375
2018-06-09,3812.259521484375,759.2171630859375,1418.8468017578125,2035.798583984375,2432.32958984375,1550.0,2814.32373046875,4557.23095703125,3121.814453125,7482.86865234375
2018-06-10,3812.259521484375,759.2171630859375,1418.8468017578125,2035.798583984375,2432.32958984375,1550.0,2814.32373046875,4557.23095703125,3121.814453125,7482.86865234375
2018-06-11,3812.259521484375,759.2171630859375,1418.8468017578125,2035.798583984375,2432.32958984375,1550.0,2814.32373046875,4557.23095703125,3121.814453125,7482.86865234375
2018-06-12,3812.259521484375,759.2171630859375,1418.8468017578125,2035.798583984375,2432.32958984375,1550.0,2814.32373046875,4557.23095703125,3121.814453125,7482.86865234375
2018-06-13,3812.259521484375,759.2171630859375,1418.8468017578125,2035.798583984375,2432.32958984375,1550.0,2814.32373046875,4557.23095703125,3121.814453125,7482.86865234375
2018-06-14,3812.259521484375,759.2171630859375,1418.8468017578125,2035.798583984375,2432.32958984375,1550.0,2814.32373046875,4557.23095703125,3121.814453125,7482.86865234375
2018-06-15,3812.259521484375,759.2171630859375,1418.8468017578125,2035.798583984375,2432.32958984375,1550.0,2814.32373046875,4557.23095703125,3121.814453125,7482.86865234375
2018-06-16,3812.259521484375,759.2171630859375,1418.8468017578125,2035.798583984375,2432.32958984375,1550.0,2814.32373046875,4557.23095703125,3121.814453125,7482.86865234375
2018-06-17,3812.259521484375,759.2171630859375,1418.8468017578125,2035.798583984375,2432.32958984375,1550.0,2814.32373046875,4557.23095703125,3121.814453125,7482.86865234375
2018-06-18,3812.259521484375,759.2171630859375,1418.8468017578125,2035.798583984375,2432.32958984375,1550.0,2814.32373046875,4557.23095703125,3121.814453125,7482.86865234375
2018-06-19,3812.259521484375,759.2171630859375,1418.8468017578125,2035.798583984375,2432.32958984375,1550.0,2814.32373046875,4557.23095703125,3121.814453125,7482.86865234375
2018-06-20,3683.756591796875,762.7984008789062,1339.3424072265625,1919.0966796875,2344.835693359375,1750.0,2892.282958984375,4590.2548828125,2918.21728515625,7407.07470703125
2018-06-21,3623.7880859375,812.935302734375,1272.069580078125,1886.6795654296875,2344.835693359375,2100.0,2814.32373046875,4408.62548828125,2869.742431640625,7105.62353515625
2018-06-22,3756.574951171875,859.4911499023438,1290.416748046875,1932.0635986328125,2344.835693359375,2520.0,2790.935791015625,4359.09033203125,2869.742431640625,7379.7275390625
2018-06-23,3756.574951171875,859.4911499023438,1290.416748046875,1932.0635986328125,2344.835693359375,2520.0,2790.935791015625,4359.09033203125,2869.742431640625,7379.7275390625
2018-06-24,3756.574951171875,859.4911499023438,1290.416748046875,1932.0635986328125,2344.835693359375,2520.0,2790.935791015625,4359.09033203125,2869.742431640625,7379.7275390625
2018-06-25,3803.6923828125,855.9099731445312,1320.9954833984375,1873.71240234375,2344.835693359375,3022.5,2853.303466796875,4359.09033203125,2830.9619140625,7687.2158203125
2018-06-26,3662.339599609375,1002.73974609375,1369.9210205078125,1828.328369140625,2318.58740234375,3000.0,2876.691162109375,4425.13720703125,2772.79150390625,7731.14404296875
2018-06-27,3658.05615234375,999.1585083007812,1302.6480712890625,1841.29541015625,2309.837890625,2790.0,2892.282958984375,4243.5087890625,2734.010986328125,7533.47265625
2018-06-28,3589.520751953125,1038.5517578125,1296.532470703125,1782.9447021484375,2274.840576171875,2300.0,2853.303466796875,4193.9736328125,2637.060546875,7489.54541015625
2018-06-29,3679.472900390625,1040.3424072265625,1369.9210205078125,1841.29541015625,2397.331787109375,2005.0,2923.46630859375,4359.09033203125,2734.010986328125,7775.0712890625
2018-06-30,3679.472900390625,1040.3424072265625,1369.9210205078125,1841.29541015625,2397.331787109375,2005.0,2923.46630859375,4359.09033203125,2734.010986328125,7775.0712890625
2018-07-01,3679.472900390625,1040.3424072265625,1369.9210205078125,1841.29541015625,2397.331787109375,2005.0,2923.46630859375,4359.09033203125,2734.010986328125,7775.0712890625
2018-07-02,3675.18896484375,1034.970703125,1308.7637939453125,1847.7786865234375,2283.58984375,1855.0,2923.46630859375,4127.9267578125,2734.010986328125,7797.03466796875
2018-07-03,3529.552734375,1036.7613525390625,1290.416748046875,1834.812255859375,2213.594970703125,2040.0,2884.4873046875,4028.8564453125,2695.230712890625,7753.10791015625
2018-07-04,3636.638671875,1036.7613525390625,1339.3424072265625,1899.6463623046875,2309.837890625,2297.5,2931.2626953125,4127.9267578125,2792.181884765625,7972.7412109375
2018-07-05,3636.638671875,1047.5050048828125,1284.301025390625,1886.6795654296875,2283.58984375,2440.0,2985.833740234375,4160.95068359375,2753.401611328125,7818.99755859375
2018-07-06,3585.2373046875,1120.9197998046875,1284.301025390625,1841.29541015625,2204.84521484375,2440.0,3009.2216796875,4160.95068359375,2695.230712890625,7643.2890625
2018-07-07,3585.2373046875,1120.9197998046875,1284.301025390625,1841.29541015625,2204.84521484375,2440.0,3009.2216796875,4160.95068359375,2695.230712890625,7643.2890625
2018-07-08,3585.2373046875,1120.9197998046875,1284.301025390625,1841.29541015625,2204.84521484375,2440.0,3009.2216796875,4160.95068359375,2695.230712890625,7643.2890625
2018-07-09,3752.292236328125,1142.406982421875,1296.532470703125,1951.5137939453125,2248.59228515625,2500.0,3102.7724609375,4177.462890625,2792.181884765625,7709.1806640625
2018-07-10,3752.292236328125,1210.4500732421875,1302.6480712890625,1977.4476318359375,2257.341552734375,2050.0,3141.752197265625,4193.9736328125,2830.9619140625,7818.99755859375
2018-07-11,3825.110595703125,1257.0059814453125,1290.416748046875,1938.5465087890625,2222.34423828125,1855.0,3165.139892578125,4375.60205078125,2782.486572265625,7731.14404296875
2018-07-12,3910.7783203125,1258.79638671875,1272.069580078125,1925.579833984375,2257.341552734375,2002.5,3196.3232421875,4408.62548828125,2724.31591796875,7753.10791015625
2018-07-13,3945.047119140625,1260.587158203125,1265.9537353515625,1925.579833984375,2309.837890625,2050.0,3133.956298828125,4491.1845703125,2811.57177734375,7797.03466796875
2018-07-14,3945.047119140625,1260.587158203125,1265.9537353515625,1925.579833984375,2309.837890625,2050.0,3133.956298828125,4491.1845703125,2811.57177734375,7797.03466796875
2018-07-15,3945.047119140625,1260.587158203125,1265.9537353515625,1925.579833984375,2309.837890625,2050.0,3133.956298828125,4491.1845703125,2811.57177734375,7797.03466796875
2018-07-16,3962.179443359375,1260.587158203125,1284.301025390625,1925.579833984375,2292.33935546875,2052.5,3071.589111328125,4425.13720703125,2850.351806640625,7753.10791015625
2018-07-17,3893.64453125,1257.0059814453125,1241.4910888671875,1860.7454833984375,2213.594970703125,2052.5,3071.589111328125,4375.60205078125,2879.437255859375,7621.32568359375
2018-07-18,3975.0302734375,1257.0059814453125,1235.375244140625,1847.7786865234375,2239.843017578125,2052.5,3126.16015625,4392.11328125,2860.047119140625,7599.36328125
2018-07-19,3975.0302734375,1325.0489501953125,1208.4659423828125,1873.71240234375,2231.09375,2400.0,3048.20068359375,4425.13720703125,2860.047119140625,7555.43603515625
2018-07-20,3957.896484375,1319.6771240234375,1196.2347412109375,1932.0635986328125,2222.34423828125,2110.0,3110.568359375,4408.62548828125,2811.57177734375,7555.43603515625
2018-07-21,3957.896484375,1319.6771240234375,1196.2347412109375,1932.0635986328125,2222.34423828125,2110.0,3110.568359375,4408.62548828125,2811.57177734375,7555.43603515625
2018-07-22,3957.896484375,1319.6771240234375,1196.2347412109375,1932.0635986328125,2222.34423828125,2110.0,3110.568359375,4408.62548828125,2811.57177734375,7555.43603515625
2018-07-23,4000.7314453125,1307.1429443359375,1213.3587646484375,1970.9638671875,2239.843017578125,2290.0,3165.139892578125,4408.62548828125,2830.9619140625,7621.32568359375
2018-07-24,4030.715087890625,1296.399169921875,1235.375244140625,1951.5137939453125,2283.58984375,2175.0,3141.752197265625,4392.11328125,2850.351806640625,7621.32568359375
2018-07-25,4039.281005859375,1305.352294921875,1247.606689453125,1938.5465087890625,2266.091064453125,2150.0,3040.405029296875,4540.7197265625,2830.9619140625,7511.50830078125
2018-07-26,3996.447509765625,1299.98046875,1235.375244140625,1970.9638671875,2292.33935546875,2100.0,3063.792724609375,4408.62548828125,2937.608154296875,7599.36328125
2018-07-27,3979.3134765625,1296.399169921875,1218.2513427734375,2003.3812255859375,2301.0888671875,1955.0,3071.589111328125,4606.7666015625,2889.13232421875,7555.43603515625
2018-07-28,3979.3134765625,1296.399169921875,1218.2513427734375,2003.3812255859375,2301.0888671875,1955.0,3071.589111328125,4606.7666015625,2889.13232421875,7555.43603515625
2018-07-29,3979.3134765625,1296.399169921875,1218.2513427734375,2003.3812255859375,2301.0888671875,1955.0,3071.589111328125,4606.7666015625,2889.13232421875,7555.43603515625
2018-07-30,3987.880126953125,1360.8612060546875,1223.143798828125,1996.89794921875,2353.585205078125,2097.5,3048.20068359375,4689.32421875,2908.5224609375,7709.1806640625
2018-07-31,3987.880126953125,1414.5792236328125,1223.143798828125,1990.41455078125,2327.337158203125,2097.5,2783.14013671875,4722.34814453125,2869.742431640625,7665.25244140625
2018-08-01,4022.14794921875,1407.4168701171875,1247.606689453125,2068.21533203125,2449.828125,1817.5,2767.548095703125,4937.0,3034.55810546875,7665.25244140625
2018-08-02,4017.865234375,1405.626220703125,1259.838134765625,2107.116455078125,2467.326904296875,1825.0,2728.568603515625,4821.41845703125,3024.863525390625,7709.1806640625
2018-08-03,4017.865234375,1389.5108642578125,1265.9537353515625,2158.9833984375,2519.823486328125,1875.0,2697.385009765625,4705.8369140625,3063.6435546875,7709.1806640625
2018-08-04,4017.865234375,1389.5108642578125,1265.9537353515625,2158.9833984375,2519.823486328125,1875.0,2697.385009765625,4705.8369140625,3063.6435546875,7709.1806640625
2018-08-05,4017.865234375,1389.5108642578125,1265.9537353515625,2158.9833984375,2519.823486328125,1875.0,2697.385009765625,4705.8369140625,3063.6435546875,7709.1806640625
2018-08-06,4077.83203125,1403.83544921875,1229.259521484375,2210.85107421875,2554.82080078125,1850.0,2845.507568359375,4903.9765625,3179.984619140625,7906.8515625
2018-08-07,4077.83203125,1432.4853515625,1247.606689453125,2171.95068359375,2519.823486328125,1850.0,2790.935791015625,4870.9541015625,3141.204345703125,7906.8515625
2018-08-08,4099.25,1428.9041748046875,1302.6480712890625,2158.9833984375,2563.570556640625,1850.0,2767.548095703125,4903.9765625,3141.204345703125,7862.92431640625
2018-08-09,4129.23291015625,1421.74169921875,1272.069580078125,2158.9833984375,2546.07177734375,1850.0,2720.77294921875,4953.51220703125,3083.033935546875,7884.888671875
2018-08-10,4090.682861328125,1418.1605224609375,1272.069580078125,2197.884033203125,2572.31982421875,1847.5,2728.568603515625,4887.46533203125,3092.72900390625,7884.888671875
2018-08-11,4090.682861328125,1418.1605224609375,1272.069580078125,2197.884033203125,2572.31982421875,1847.5,2728.568603515625,4887.46533203125,3092.72900390625,7884.888671875
2018-08-12,4090.682861328125,1418.1605224609375,1272.069580078125,2197.884033203125,2572.31982421875,1847.5,2728.568603515625,4887.46533203125,3092.72900390625,7884.888671875
2018-08-13,3996.447509765625,1181.8004150390625,1259.838134765625,2035.798583984375,2423.580078125,1847.5,2627.22216796875,4689.32421875,2869.742431640625,7511.50830078125
2018-08-14,4026.431396484375,1360.8612060546875,1215.8048095703125,2029.3150634765625,2353.585205078125,1847.5,2611.630126953125,4507.69677734375,2830.9619140625,7204.01953125
2018-08-15,4017.865234375,1432.4853515625,1213.3587646484375,2081.18212890625,2379.83349609375,1847.5,2673.99755859375,4606.7666015625,2860.047119140625,7511.50830078125
2018-08-16,4005.01416015625,1428.9041748046875,1259.838134765625,1977.4476318359375,2344.835693359375,1847.5,2611.630126953125,4689.32421875,2743.7060546875,7599.36328125
2018-08-17,4005.01416015625,1428.9041748046875,1259.838134765625,1977.4476318359375,2344.835693359375,1847.5,2611.630126953125,4689.32421875,2743.7060546875,7599.36328125
2018-08-18,4005.01416015625,1428.9041748046875,1259.838134765625,1977.4476318359375,2344.835693359375,1847.5,2611.630126953125,4689.32421875,2743.7060546875,7599.36328125
2018-08-19,4005.01416015625,1428.9041748046875,1259.838134765625,1977.4476318359375,2344.835693359375,1847.5,2611.630126953125,4689.32421875,2743.7060546875,7599.36328125
2018-08-20,4094.96630859375,1427.1134033203125,1229.259521484375,2061.732421875,2353.585205078125,1800.0,2642.81396484375,4887.46533203125,2821.266845703125,7555.43603515625
2018-08-21,4090.682861328125,1418.1605224609375,1253.7222900390625,2042.281982421875,2344.835693359375,1800.0,2611.630126953125,4937.0,2860.047119140625,7731.14404296875
2018-08-22,4090.682861328125,1418.1605224609375,1253.7222900390625,2042.281982421875,2344.835693359375,1800.0,2611.630126953125,4937.0,2860.047119140625,7731.14404296875
2018-08-23,4210.61962890625,1393.0919189453125,1241.4910888671875,2120.083251953125,2397.331787109375,1562.5,2572.650390625,4903.9765625,2927.91259765625,7840.9609375
2018-08-24,4296.2890625,1407.4168701171875,1235.375244140625,2120.083251953125,2371.083984375,1697.5,2564.854736328125,4870.9541015625,2879.437255859375,7797.03466796875
2018-08-25,4296.2890625,1407.4168701171875,1235.375244140625,2120.083251953125,2371.083984375,1697.5,2564.854736328125,4870.9541015625,2879.437255859375,7797.03466796875
2018-08-26,4296.2890625,1407.4168701171875,1235.375244140625,2120.083251953125,2371.083984375,1697.5,2564.854736328125,4870.9541015625,2879.437255859375,7797.03466796875
2018-08-27,4244.88720703125,1432.4853515625,1223.143798828125,2191.40087890625,2441.078857421875,1697.5,2697.385009765625,5003.046875,2976.38818359375,7731.14404296875
2018-08-28,4279.154296875,1432.4853515625,1290.416748046875,2158.9833984375,2449.828125,1697.5,2790.935791015625,4854.44287109375,3053.948486328125,7577.3994140625
2018-08-29,4249.16943359375,1432.4853515625,1284.301025390625,2133.049560546875,2449.828125,1677.5,2790.935791015625,4937.0,3044.253662109375,7753.10791015625
2018-08-30,4296.2890625,1410.9981689453125,1284.301025390625,2068.21533203125,2397.331787109375,1677.5,2736.36474609375,4937.0,2956.997802734375,7731.14404296875
2018-08-31,4249.16943359375,1414.5792236328125,1345.4581298828125,2061.732421875,2414.830810546875,1677.5,2720.77294921875,4788.39404296875,3024.863525390625,7621.32568359375
2018-09-01,4249.16943359375,1414.5792236328125,1345.4581298828125,2061.732421875,2414.830810546875,1677.5,2720.77294921875,4788.39404296875,3024.863525390625,7621.32568359375
2018-09-02,4249.16943359375,1414.5792236328125,1345.4581298828125,2061.732421875,2414.830810546875,1677.5,2720.77294921875,4788.39404296875,3024.863525390625,7621.32568359375
2018-09-03,4244.88720703125,1389.5108642578125,1308.7637939453125,2055.24853515625,2344.835693359375,1680.0,2720.77294921875,4689.32421875,3044.253662109375,7643.2890625
2018-09-04,4240.603515625,1389.5108642578125,1235.375244140625,2016.347900390625,2301.0888671875,1680.0,2666.201416015625,4672.81298828125,2908.5224609375,7599.36328125
2018-09-05,4112.10107421875,1421.74169921875,1210.9122314453125,1899.6463623046875,2213.594970703125,1680.0,2549.262939453125,4474.67236328125,2743.7060546875,7379.7275390625
2018-09-06,4232.037109375,1403.83544921875,1247.606689453125,1919.0966796875,2292.33935546875,1680.0,2619.42626953125,4491.1845703125,2821.266845703125,7599.36328125
2018-09-07,4257.7373046875,1403.83544921875,1215.8048095703125,1964.480712890625,2318.58740234375,1680.0,2642.81396484375,4738.859375,2850.351806640625,7775.0712890625
2018-09-08,4257.7373046875,1403.83544921875,1215.8048095703125,1964.480712890625,2318.58740234375,1680.0,2642.81396484375,4738.859375,2850.351806640625,7775.0712890625
2018-09-09,4257.7373046875,1403.83544921875,1215.8048095703125,1964.480712890625,2318.58740234375,1680.0,2642.81396484375,4738.859375,2850.351806640625,7775.0712890625
2018-09-10,4240.603515625,1418.1605224609375,1247.606689453125,1925.579833984375,2301.0888671875,1680.0,2635.017822265625,4738.859375,2821.266845703125,7818.99755859375
2018-09-11,4240.603515625,1418.1605224609375,1247.606689453125,1925.579833984375,2301.0888671875,1680.0,2635.017822265625,4738.859375,2821.266845703125,7818.99755859375
2018-09-12,4094.96630859375,1418.1605224609375,1184.003173828125,1886.6795654296875,2231.09375,1680.0,2588.242431640625,4705.8369140625,2763.096435546875,7797.03466796875
2018-09-13,4112.10107421875,1418.1605224609375,1179.1104736328125,1945.030517578125,2301.0888671875,1630.0,2689.58935546875,4672.81298828125,2850.351806640625,7775.0712890625
2018-09-14,4107.81689453125,1418.1605224609375,1198.680908203125,1990.41455078125,2362.33447265625,1630.0,2798.73193359375,4771.88330078125,2918.21728515625,7840.9609375
2018-09-15,4107.81689453125,1418.1605224609375,1198.680908203125,1990.41455078125,2362.33447265625,1630.0,2798.73193359375,4771.88330078125,2918.21728515625,7840.9609375
2018-09-16,4107.81689453125,1418.1605224609375,1198.680908203125,1990.41455078125,2362.33447265625,1630.0,2798.73193359375,4771.88330078125,2918.21728515625,7840.9609375
2018-09-17,4099.25,1418.1605224609375,1184.003173828125,1925.579833984375,2257.341552734375,1630.0,2705.181396484375,4590.2548828125,2801.87646484375,7753.10791015625
2018-09-18,4112.10107421875,1418.1605224609375,1186.4495849609375,1906.1295166015625,2231.09375,1630.0,2783.14013671875,4639.7900390625,2801.87646484375,7709.1806640625
2018-09-19,4112.10107421875,1410.9981689453125,1186.4495849609375,1945.030517578125,2239.843017578125,1630.0,2767.548095703125,4887.46533203125,2782.486572265625,7665.25244140625
2018-09-20,4103.53271484375,1418.1605224609375,1203.5732421875,2003.3812255859375,2336.0859375,1400.0,2806.52734375,4953.51220703125,2830.9619140625,7775.0712890625
2018-09-21,4060.698974609375,1418.1605224609375,1229.259521484375,2022.8319091796875,2397.331787109375,1410.0,2806.52734375,4788.39404296875,2966.69287109375,7862.92431640625
2018-09-22,4060.698974609375,1418.1605224609375,1229.259521484375,2022.8319091796875,2397.331787109375,1410.0,2806.52734375,4788.39404296875,2966.69287109375,7862.92431640625
2018-09-23,4060.698974609375,1418.1605224609375,1229.259521484375,2022.8319091796875,2397.331787109375,1410.0,2806.52734375,4788.39404296875,2966.69287109375,7862.92431640625
2018-09-24,4099.25,1403.83544921875,1235.375244140625,1951.5137939453125,2362.33447265625,1370.0,2759.75244140625,4705.8369140625,2860.047119140625,7731.14404296875
2018-09-25,4099.25,1410.9981689453125,1223.143798828125,1964.480712890625,2318.58740234375,1447.5,2775.343994140625,4755.37158203125,2850.351806640625,7775.0712890625
2018-09-26,4146.3681640625,1410.9981689453125,1193.788330078125,1938.5465087890625,2309.837890625,1235.0,2759.75244140625,4854.44287109375,2840.65673828125,7555.43603515625
2018-09-27,4112.10107421875,1410.9981689453125,1193.788330078125,1990.41455078125,2318.58740234375,1407.5,2790.935791015625,4870.9541015625,2850.351806640625,7753.10791015625
2018-09-28,4137.80029296875,1328.6300048828125,1203.5732421875,2042.281982421875,2353.585205078125,1407.5,2837.711669921875,4854.44287109375,2869.742431640625,7753.10791015625
2018-09-29,4137.80029296875,1328.6300048828125,1203.5732421875,2042.281982421875,2353.585205078125,1407.5,2837.711669921875,4854.44287109375,2869.742431640625,7753.10791015625
2018-09-30,4137.80029296875,1328.6300048828125,1203.5732421875,2042.281982421875,2353.585205078125,1407.5,2837.711669921875,4854.44287109375,2869.742431640625,7753.10791015625
2018-10-01,4103.53271484375,1407.4168701171875,1170.1263427734375,2061.732421875,2344.835693359375,1407.5,2861.099609375,4837.9306640625,2908.5224609375,7753.10791015625
2018-10-02,4103.53271484375,1409.20751953125,1148.0023193359375,2016.347900390625,2257.341552734375,1407.5,2822.119384765625,4755.37158203125,2821.266845703125,7862.92431640625
2018-10-03,4099.25,1409.20751953125,1138.169189453125,2009.8648681640625,2274.840576171875,1407.5,2806.52734375,4755.37158203125,2811.57177734375,7753.10791015625
2018-10-04,4043.564697265625,1409.20751953125,1113.5869140625,1945.030517578125,2178.59716796875,1407.5,2806.52734375,4672.81298828125,2675.840576171875,7753.10791015625
2018-10-05,3949.329833984375,1405.626220703125,1113.5869140625,1932.0635986328125,2196.095947265625,1407.5,2751.95654296875,4629.51611328125,2666.1455078125,7731.14404296875
2018-10-06,3949.329833984375,1405.626220703125,1113.5869140625,1932.0635986328125,2196.095947265625,1407.5,2751.95654296875,4629.51611328125,2666.1455078125,7731.14404296875
2018-10-07,3949.329833984375,1405.626220703125,1113.5869140625,1932.0635986328125,2196.095947265625,1407.5,2751.95654296875,4629.51611328125,2666.1455078125,7731.14404296875
2018-10-08,4017.865234375,1409.20751953125,1120.9615478515625,1925.579833984375,2169.84765625,1407.5,2744.16064453125,4562.90283203125,2646.755615234375,7753.10791015625
2018-10-09,4069.26611328125,1405.626220703125,1123.4197998046875,1957.9974365234375,2222.34423828125,1407.5,2798.73193359375,4679.474609375,2646.755615234375,7797.03466796875
2018-10-10,4005.01416015625,1407.4168701171875,1120.9615478515625,1951.5137939453125,2266.091064453125,1407.5,2806.52734375,4629.51611328125,2695.230712890625,7577.3994140625
2018-10-11,3893.64453125,1368.0235595703125,1123.4197998046875,1886.6795654296875,2196.095947265625,1407.5,2783.14013671875,4479.63916015625,2607.975341796875,7533.47265625
2018-10-12,3983.5966796875,1409.20751953125,1116.0450439453125,1912.6131591796875,2239.843017578125,1407.5,2868.895263671875,4562.90283203125,2685.535400390625,7665.25244140625
2018-10-13,3983.5966796875,1409.20751953125,1116.0450439453125,1912.6131591796875,2239.843017578125,1407.5,2868.895263671875,4562.90283203125,2685.535400390625,7665.25244140625
2018-10-14,3983.5966796875,1409.20751953125,1116.0450439453125,1912.6131591796875,2239.843017578125,1407.5,2868.895263671875,4562.90283203125,2685.535400390625,7665.25244140625
2018-10-15,4086.399658203125,1396.6732177734375,1118.503173828125,1945.030517578125,2231.09375,1407.5,2853.303466796875,4562.90283203125,2734.010986328125,7665.25244140625
2018-10-16,4129.23291015625,1407.4168701171875,1113.5869140625,1945.030517578125,2274.840576171875,1395.0,2946.854248046875,4646.16845703125,2811.57177734375,7687.2158203125
2018-10-17,4116.3837890625,1403.83544921875,1111.1285400390625,1990.41455078125,2301.0888671875,1367.5,3040.405029296875,4679.474609375,2840.65673828125,7731.14404296875
2018-10-18,4043.564697265625,1396.6732177734375,1108.67041015625,2003.3812255859375,2274.840576171875,1367.5,2931.2626953125,4679.474609375,2792.181884765625,7775.0712890625
2018-10-19,4005.01416015625,1393.0919189453125,1098.83740234375,1957.9974365234375,2257.341552734375,1367.5,2907.87451171875,4862.6572265625,2782.486572265625,7709.1806640625
2018-10-20,4005.01416015625,1393.0919189453125,1098.83740234375,1957.9974365234375,2257.341552734375,1367.5,2907.87451171875,4862.6572265625,2782.486572265625,7709.1806640625
2018-10-21,4005.01416015625,1393.0919189453125,1098.83740234375,1957.9974365234375,2257.341552734375,1367.5,2907.87451171875,4862.6572265625,2782.486572265625,7709.1806640625
2018-10-22,3966.462646484375,1393.0919189453125,1093.9207763671875,1977.4476318359375,2257.341552734375,1367.5,2962.446044921875,4846.0029296875,2782.486572265625,7687.2158203125
2018-10-23,3932.196044921875,1382.348388671875,1098.83740234375,1957.9974365234375,2248.59228515625,1367.5,2884.4873046875,4895.96240234375,2763.096435546875,7687.2158203125
2018-10-24,3880.795166015625,1396.6732177734375,1133.2525634765625,1912.6131591796875,2213.594970703125,1395.0,2744.16064453125,4862.6572265625,2734.010986328125,7687.2158203125
2018-10-25,3923.62890625,1389.5108642578125,1157.8353271484375,1945.030517578125,2266.091064453125,1395.0,2767.548095703125,4912.61474609375,2743.7060546875,7709.1806640625
2018-10-26,4043.564697265625,1409.20751953125,1177.501220703125,1938.5465087890625,2257.341552734375,1432.5,2829.91552734375,4945.9208984375,2753.401611328125,7709.1806640625
2018-10-27,4043.564697265625,1409.20751953125,1177.501220703125,1938.5465087890625,2257.341552734375,1432.5,2829.91552734375,4945.9208984375,2753.401611328125,7709.1806640625
2018-10-28,4043.564697265625,1409.20751953125,1177.501220703125,1938.5465087890625,2257.341552734375,1432.5,2829.91552734375,4945.9208984375,2753.401611328125,7709.1806640625
2018-10-29,3962.179443359375,1403.83544921875,1179.9593505859375,1912.6131591796875,2239.843017578125,1432.5,2853.303466796875,4995.88037109375,2743.7060546875,7731.14404296875
2018-10-30,4026.431396484375,1403.83544921875,1187.3343505859375,1964.480712890625,2283.58984375,1410.0,2962.446044921875,5129.1025390625,2782.486572265625,7599.36328125
2018-10-31,4052.1318359375,1403.83544921875,1182.417724609375,2042.281982421875,2397.331787109375,1410.0,3001.425537109375,5262.32666015625,2840.65673828125,7840.9609375
2018-11-01,4077.83203125,1403.83544921875,1184.8758544921875,2074.699462890625,2528.572509765625,1497.5,3024.8134765625,5362.2451171875,2879.437255859375,7840.9609375
2018-11-02,4112.10107421875,1402.0450439453125,1172.5848388671875,2126.56640625,2598.568115234375,1497.5,3071.589111328125,5445.5087890625,3015.16845703125,7840.9609375
2018-11-03,4112.10107421875,1402.0450439453125,1172.5848388671875,2126.56640625,2598.568115234375,1497.5,3071.589111328125,5445.5087890625,3015.16845703125,7840.9609375
2018-11-04,4112.10107421875,1402.0450439453125,1172.5848388671875,2126.56640625,2598.568115234375,1497.5,3071.589111328125,5445.5087890625,3015.16845703125,7840.9609375
2018-11-05,4142.0849609375,1403.83544921875,1184.8758544921875,2120.083251953125,2581.069091796875,1497.5,3032.609130859375,5495.4677734375,2947.302978515625,7884.888671875
2018-11-06,4180.6357421875,1407.4168701171875,1172.5848388671875,2158.9833984375,2572.31982421875,1497.5,3032.609130859375,5395.54931640625,3005.47314453125,7869.85595703125
2018-11-07,4129.23291015625,1407.4168701171875,1184.8758544921875,2184.91748046875,2572.31982421875,1467.5,3079.384521484375,5478.814453125,3024.863525390625,7715.1103515625
2018-11-08,4112.10107421875,1405.626220703125,1179.9593505859375,2236.784912109375,2624.81591796875,1400.0,3118.3642578125,5462.162109375,3063.6435546875,7737.2177734375
2018-11-09,4112.10107421875,1407.4168701171875,1192.2508544921875,2165.46728515625,2528.572509765625,1435.0,3055.9970703125,5445.5087890625,3102.42431640625,7582.4736328125
2018-11-10,4112.10107421875,1407.4168701171875,1192.2508544921875,2165.46728515625,2528.572509765625,1435.0,3055.9970703125,5445.5087890625,3102.42431640625,7582.4736328125
2018-11-11,4112.10107421875,1407.4168701171875,1192.2508544921875,2165.46728515625,2528.572509765625,1435.0,3055.9970703125,5445.5087890625,3102.42431640625,7582.4736328125
2018-11-12,4060.698974609375,1407.4168701171875,1209.458251953125,2126.56640625,2441.078857421875,1385.0,3009.2216796875,5245.67431640625,2947.302978515625,7449.8349609375
2018-11-13,4124.95068359375,1418.1605224609375,1167.668212890625,2171.95068359375,2502.324462890625,1385.0,2985.833740234375,5328.93896484375,3063.6435546875,7560.3671875
2018-11-14,4120.6669921875,1414.5792236328125,1192.2508544921875,2171.95068359375,2493.575439453125,1350.0,2923.46630859375,5445.5087890625,3112.119140625,7693.0048828125
2018-11-15,4142.0849609375,1414.5792236328125,1192.2508544921875,2210.85107421875,2589.818359375,1350.0,3048.20068359375,5678.650390625,3199.374755859375,7715.1103515625
2018-11-16,4253.453125,1410.9981689453125,1199.62548828125,2262.71875,2607.317138671875,1350.0,3157.343994140625,5695.302734375,3218.764892578125,7759.3232421875
2018-11-17,4253.453125,1410.9981689453125,1199.62548828125,2262.71875,2607.317138671875,1350.0,3157.343994140625,5695.302734375,3218.764892578125,7759.3232421875
2018-11-18,4253.453125,1410.9981689453125,1199.62548828125,2262.71875,2607.317138671875,1350.0,3157.343994140625,5695.302734375,3218.764892578125,7759.3232421875
2018-11-19,4300.57177734375,1432.4853515625,1216.8331298828125,2282.16943359375,2616.066650390625,1350.0,3079.384521484375,5661.99755859375,3257.54541015625,7759.3232421875
2018-11-20,4300.57177734375,1432.4853515625,1216.8331298828125,2282.16943359375,2616.066650390625,1350.0,3079.384521484375,5661.99755859375,3257.54541015625,7759.3232421875
2018-11-21,4249.16943359375,1410.9981689453125,1272.1436767578125,2223.81787109375,2546.07177734375,1350.0,3087.180908203125,5628.69189453125,3199.374755859375,7825.642578125
2018-11-22,4300.57177734375,1418.1605224609375,1272.1436767578125,2301.619384765625,2563.570556640625,1350.0,3102.7724609375,5628.69189453125,3257.54541015625,7914.0673828125
2018-11-23,4300.57177734375,1421.74169921875,1278.28955078125,2256.235595703125,2554.82080078125,1350.0,3110.568359375,5595.38525390625,3267.240478515625,7891.9619140625
2018-11-24,4300.57177734375,1421.74169921875,1278.28955078125,2256.235595703125,2554.82080078125,1350.0,3110.568359375,5595.38525390625,3267.240478515625,7891.9619140625
2018-11-25,4300.57177734375,1421.74169921875,1278.28955078125,2256.235595703125,2554.82080078125,1350.0,3110.568359375,5595.38525390625,3267.240478515625,7891.9619140625
2018-11-26,4321.98876953125,1425.32275390625,1290.580810546875,2295.135498046875,2581.069091796875,1350.0,3110.568359375,5545.42626953125,3267.240478515625,7869.85595703125
2018-11-27,4369.107421875,1421.74169921875,1278.28955078125,2334.0361328125,2607.317138671875,1350.0,3024.8134765625,5595.38525390625,3354.495849609375,7914.0673828125
2018-11-28,4360.5400390625,1425.32275390625,1253.70703125,2366.45361328125,2589.818359375,1350.0,2900.0791015625,5595.38525390625,3315.715576171875,7958.2802734375
2018-11-29,4489.04248046875,1425.32275390625,1284.43505859375,2405.35400390625,2677.312255859375,1350.0,2915.6708984375,5645.34423828125,3402.97119140625,8577.2578125
2018-11-30,4463.34130859375,1425.32275390625,1309.017578125,2347.00341796875,2589.818359375,1472.5,2868.895263671875,5695.302734375,3296.325439453125,8709.896484375
2018-12-01,4463.34130859375,1425.32275390625,1309.017578125,2347.00341796875,2589.818359375,1472.5,2868.895263671875,5695.302734375,3296.325439453125,8709.896484375
2018-12-02,4463.34130859375,1425.32275390625,1309.017578125,2347.00341796875,2589.818359375,1472.5,2868.895263671875,5695.302734375,3296.325439453125,8709.896484375
2018-12-03,4434.97802734375,1421.74169921875,1302.8719482421875,2392.3876953125,2659.8134765625,1472.5,2884.4873046875,5728.609375,3393.276123046875,8510.939453125
2018-12-04,4503.73779296875,1421.74169921875,1290.580810546875,2405.35400390625,2677.312255859375,1472.5,2946.854248046875,5678.650390625,3412.66650390625,8621.4716796875
2018-12-05,4495.14306640625,1414.5792236328125,1278.28955078125,2366.45361328125,2651.064208984375,1472.5,2939.058349609375,5545.42626953125,3393.276123046875,8621.4716796875
2018-12-06,4520.92724609375,1414.5792236328125,1302.8719482421875,2366.45361328125,2616.066650390625,1472.5,2892.282958984375,5395.54931640625,3354.495849609375,8577.2578125
2018-12-07,4460.7626953125,1414.5792236328125,1315.1632080078125,2347.00341796875,2624.81591796875,1472.5,2861.099609375,5478.814453125,3325.41064453125,8577.2578125
2018-12-08,4460.7626953125,1414.5792236328125,1315.1632080078125,2347.00341796875,2624.81591796875,1472.5,2861.099609375,5478.814453125,3325.41064453125,8577.2578125
2018-12-09,4460.7626953125,1414.5792236328125,1315.1632080078125,2347.00341796875,2624.81591796875,1472.5,2861.099609375,5478.814453125,3325.41064453125,8577.2578125
2018-12-10,4452.16796875,1414.5792236328125,1315.1632080078125,2340.52001953125,2598.568115234375,1472.5,2868.895263671875,5428.8564453125,3325.41064453125,8599.365234375
2018-12-11,4434.97802734375,1418.1605224609375,1327.4547119140625,2347.00341796875,2607.317138671875,1472.5,2822.119384765625,5428.8564453125,3276.935302734375,8577.2578125
2018-12-12,4439.275390625,1425.32275390625,1352.036865234375,2347.00341796875,2616.066650390625,1472.5,2845.507568359375,5495.4677734375,3276.935302734375,8555.1513671875
2018-12-13,4439.275390625,1428.9041748046875,1339.74560546875,2385.90380859375,2694.81103515625,1350.0,2923.46630859375,5628.69189453125,3315.715576171875,8687.7900390625
2018-12-14,4439.275390625,1430.6947021484375,1352.036865234375,2385.90380859375,2651.064208984375,1350.0,2907.87451171875,5628.69189453125,3335.10595703125,8930.9599609375
2018-12-15,4439.275390625,1430.6947021484375,1352.036865234375,2385.90380859375,2651.064208984375,1350.0,2907.87451171875,5628.69189453125,3335.10595703125,8930.9599609375
2018-12-16,4439.275390625,1430.6947021484375,1352.036865234375,2385.90380859375,2651.064208984375,1350.0,2907.87451171875,5628.69189453125,3335.10595703125,8930.9599609375
2018-12-17,4439.275390625,1375.185791015625,1321.3089599609375,2334.0361328125,2589.818359375,1350.0,2892.282958984375,5528.7744140625,3325.41064453125,8953.0654296875
2018-12-18,4353.3271484375,1373.395263671875,1339.74560546875,2353.48681640625,2572.31982421875,1350.0,2915.6708984375,5578.732421875,3344.80078125,8886.7470703125
2018-12-19,4495.14306640625,1346.5361328125,1401.201904296875,2379.420166015625,2598.568115234375,1350.0,2970.241943359375,5612.03857421875,3373.88623046875,9019.384765625
2018-12-20,4396.30126953125,1346.5361328125,1364.328125,2366.45361328125,2554.82080078125,1350.0,2915.6708984375,5645.34423828125,3364.190673828125,9262.5537109375
2018-12-21,4443.57373046875,1346.5361328125,1401.201904296875,2347.00341796875,2528.572509765625,1350.0,2931.2626953125,5612.03857421875,3364.190673828125,9306.7666015625
2018-12-22,4443.57373046875,1346.5361328125,1401.201904296875,2347.00341796875,2528.572509765625,1350.0,2931.2626953125,5612.03857421875,3364.190673828125,9306.7666015625
2018-12-23,4443.57373046875,1346.5361328125,1401.201904296875,2347.00341796875,2528.572509765625,1350.0,2931.2626953125,5612.03857421875,3364.190673828125,9306.7666015625
2018-12-24,4443.57373046875,1346.5361328125,1401.201904296875,2347.00341796875,2528.572509765625,1350.0,2931.2626953125,5612.03857421875,3364.190673828125,9306.7666015625
2018-12-25,4443.57373046875,1346.5361328125,1401.201904296875,2347.00341796875,2528.572509765625,1350.0,2931.2626953125,5612.03857421875,3364.190673828125,9306.7666015625
2018-12-26,4490.84619140625,1360.8612060546875,1419.638916015625,2334.0361328125,2528.572509765625,1350.0,2907.87451171875,5412.203125,3373.88623046875,9063.59765625
2018-12-27,4465.0615234375,1360.8612060546875,1376.619384765625,2372.93701171875,2546.07177734375,1350.0,2923.46630859375,5478.814453125,3412.66650390625,9461.5107421875
2018-12-28,4469.35888671875,1423.5323486328125,1456.5126953125,2372.93701171875,2581.069091796875,1350.0,2923.46630859375,5478.814453125,3412.66650390625,9240.4482421875
2018-12-29,4469.35888671875,1423.5323486328125,1456.5126953125,2372.93701171875,2581.069091796875,1350.0,2923.46630859375,5478.814453125,3412.66650390625,9240.4482421875
2018-12-30,4469.35888671875,1423.5323486328125,1456.5126953125,2372.93701171875,2581.069091796875,1350.0,2923.46630859375,5478.814453125,3412.66650390625,9240.4482421875
2018-12-31,4469.35888671875,1423.5323486328125,1456.5126953125,2372.93701171875,2581.069091796875,1350.0,2923.46630859375,5478.814453125,3412.66650390625,9240.4482421875
2019-01-01,4469.35888671875,1423.5323486328125,1456.5126953125,2372.93701171875,2581.069091796875,1350.0,2923.46630859375,5478.814453125,3412.66650390625,9240.4482421875
2019-01-02,4503.73779296875,1423.5323486328125,1474.9493408203125,2340.52001953125,2563.570556640625,1350.0,2907.87451171875,5462.162109375,3383.58154296875,9196.236328125
2019-01-03,4452.16796875,1423.5323486328125,1474.9493408203125,2347.00341796875,2511.07421875,1350.0,2915.6708984375,5578.732421875,3383.58154296875,9350.9814453125
2019-01-04,4473.65625,1423.5323486328125,1456.5126953125,2372.93701171875,2607.317138671875,1350.0,2892.282958984375,5562.07958984375,3383.58154296875,9373.0869140625
2019-01-05,4473.65625,1423.5323486328125,1456.5126953125,2372.93701171875,2607.317138671875,1350.0,2892.282958984375,5562.07958984375,3383.58154296875,9373.0869140625
2019-01-06,4473.65625,1423.5323486328125,1456.5126953125,2372.93701171875,2607.317138671875,1350.0,2892.282958984375,5562.07958984375,3383.58154296875,9373.0869140625
2019-01-07,4508.0361328125,1346.5361328125,1450.366943359375,2372.93701171875,2598.568115234375,1350.0,2939.058349609375,5428.8564453125,3441.751708984375,9152.0224609375
2019-01-08,4503.73779296875,1274.9119873046875,1419.638916015625,2385.90380859375,2572.31982421875,1497.5,2962.446044921875,5445.5087890625,3451.446533203125,8997.2783203125
2019-01-09,4516.630859375,1265.958984375,1407.3472900390625,2411.837646484375,2651.064208984375,1497.5,2907.87451171875,5462.162109375,3432.05615234375,9063.59765625
2019-01-10,4516.630859375,1253.424560546875,1401.201904296875,2431.2880859375,2694.81103515625,1497.5,2962.446044921875,5462.162109375,3432.05615234375,8975.1728515625
2019-01-11,4512.3330078125,1274.9119873046875,1425.784423828125,2418.3212890625,2694.81103515625,1550.0,3009.2216796875,5528.7744140625,3461.141845703125,8975.1728515625
2019-01-12,4512.3330078125,1274.9119873046875,1425.784423828125,2418.3212890625,2694.81103515625,1550.0,3009.2216796875,5528.7744140625,3461.141845703125,8975.1728515625
2019-01-13,4512.3330078125,1274.9119873046875,1425.784423828125,2418.3212890625,2694.81103515625,1550.0,3009.2216796875,5528.7744140625,3461.141845703125,8975.1728515625
2019-01-14,4469.35888671875,1289.237060546875,1401.201904296875,2457.221923828125,2694.81103515625,1550.0,3001.425537109375,5428.8564453125,3441.751708984375,8842.5341796875
2019-01-15,4520.92724609375,1289.237060546875,1388.91064453125,2450.738037109375,2729.808837890625,1550.0,3063.792724609375,5428.8564453125,3490.2275390625,8930.9599609375
2019-01-16,4542.41552734375,1307.1429443359375,1376.619384765625,2450.738037109375,2729.808837890625,1550.0,3110.568359375,5495.4677734375,3587.177978515625,8864.640625
2019-01-17,4581.091796875,1307.1429443359375,1364.328125,2470.1884765625,2756.056640625,1550.0,3110.568359375,5512.1201171875,3587.177978515625,8842.5341796875
2019-01-18,4662.744140625,1282.0743408203125,1339.74560546875,2476.672119140625,2756.056640625,1550.0,3133.956298828125,5645.34423828125,3645.34814453125,8975.1728515625
2019-01-19,4662.744140625,1282.0743408203125,1339.74560546875,2476.672119140625,2756.056640625,1550.0,3133.956298828125,5645.34423828125,3645.34814453125,8975.1728515625
2019-01-20,4662.744140625,1282.0743408203125,1339.74560546875,2476.672119140625,2756.056640625,1550.0,3133.956298828125,5645.34423828125,3645.34814453125,8975.1728515625
2019-01-21,4765.8828125,1317.886474609375,1327.4547119140625,2463.704833984375,2729.808837890625,1782.5,3141.752197265625,5545.42626953125,3577.482666015625,9019.384765625
2019-01-22,4813.1552734375,1296.399169921875,1388.91064453125,2444.255126953125,2712.309814453125,1782.5,3118.3642578125,5462.162109375,3587.177978515625,9240.4482421875
2019-01-23,4727.205078125,1296.399169921875,1376.619384765625,2444.255126953125,2616.066650390625,1782.5,3055.9970703125,5445.5087890625,3509.617431640625,9262.5537109375
2019-01-24,4692.826171875,1303.5615234375,1352.036865234375,2457.221923828125,2616.066650390625,1782.5,3009.2216796875,5612.03857421875,3490.2275390625,9594.150390625
2019-01-25,4727.205078125,1303.5615234375,1321.3089599609375,2450.738037109375,2581.069091796875,1500.0,3024.8134765625,5612.03857421875,3529.007080078125,9505.724609375
2019-01-26,4727.205078125,1303.5615234375,1321.3089599609375,2450.738037109375,2581.069091796875,1500.0,3024.8134765625,5612.03857421875,3529.007080078125,9505.724609375
2019-01-27,4727.205078125,1303.5615234375,1321.3089599609375,2450.738037109375,2581.069091796875,1500.0,3024.8134765625,5612.03857421875,3529.007080078125,9505.724609375
2019-01-28,4722.90869140625,1296.399169921875,1352.036865234375,2450.738037109375,2511.07421875,1500.0,2946.854248046875,5578.732421875,3529.007080078125,9505.724609375
2019-01-29,4761.5859375,1346.5361328125,1401.201904296875,2392.3876953125,2493.575439453125,1500.0,2993.6298828125,5578.732421875,3499.921875,9483.6171875
2019-01-30,4744.396484375,1310.72412109375,1401.201904296875,2431.2880859375,2537.322021484375,1520.0,3009.2216796875,5562.07958984375,3490.2275390625,9527.8310546875
2019-01-31,4843.23828125,1360.8612060546875,1444.2213134765625,2496.122314453125,2607.317138671875,1520.0,3040.405029296875,5628.69189453125,3519.312255859375,9527.8310546875
2019-02-01,4843.23828125,1339.3739013671875,1413.4931640625,2541.506103515625,2659.8134765625,1520.0,3017.017578125,5628.69189453125,3587.177978515625,9505.724609375
2019-02-02,4843.23828125,1339.3739013671875,1413.4931640625,2541.506103515625,2659.8134765625,1520.0,3017.017578125,5628.69189453125,3587.177978515625,9505.724609375
2019-02-03,4843.23828125,1339.3739013671875,1413.4931640625,2541.506103515625,2659.8134765625,1520.0,3017.017578125,5628.69189453125,3587.177978515625,9505.724609375
2019-02-04,4727.205078125,1396.6732177734375,1413.4931640625,2528.539306640625,2572.31982421875,1520.0,2946.854248046875,5462.162109375,3538.702880859375,9417.298828125
2019-02-05,4727.205078125,1396.6732177734375,1413.4931640625,2528.539306640625,2572.31982421875,1520.0,2946.854248046875,5462.162109375,3538.702880859375,9417.298828125
2019-02-06,4757.28955078125,1339.3739013671875,1407.3472900390625,2541.506103515625,2616.066650390625,1500.0,3009.2216796875,5478.814453125,3529.007080078125,9373.0869140625
2019-02-07,4752.99072265625,1351.9080810546875,1401.201904296875,2547.989990234375,2642.314697265625,1500.0,3009.2216796875,5462.162109375,3519.312255859375,9306.7666015625
2019-02-08,4744.396484375,1353.698486328125,1388.91064453125,2522.056396484375,2651.064208984375,1500.0,3001.425537109375,5428.8564453125,3480.531982421875,9373.0869140625
2019-02-09,4744.396484375,1353.698486328125,1388.91064453125,2522.056396484375,2651.064208984375,1500.0,3001.425537109375,5428.8564453125,3480.531982421875,9373.0869140625
2019-02-10,4744.396484375,1353.698486328125,1388.91064453125,2522.056396484375,2651.064208984375,1500.0,3001.425537109375,5428.8564453125,3480.531982421875,9373.0869140625
2019-02-11,4722.90869140625,1353.698486328125,1364.328125,2509.089599609375,2668.5625,1500.0,3063.792724609375,5328.93896484375,3509.617431640625,9284.6611328125
2019-02-12,4692.826171875,1289.237060546875,1327.4547119140625,2496.122314453125,2598.568115234375,1500.0,2978.0380859375,5095.79736328125,3451.446533203125,9240.4482421875
2019-02-13,4658.44677734375,1353.698486328125,1370.473876953125,2457.221923828125,2537.322021484375,1500.0,2954.650146484375,5112.45068359375,3354.495849609375,9218.3408203125
2019-02-14,4624.06640625,1360.8612060546875,1382.764892578125,2463.704833984375,2511.07421875,1550.0,2915.6708984375,5062.4921875,3402.97119140625,9284.6611328125
2019-02-15,4606.87646484375,1339.3739013671875,1364.328125,2444.255126953125,2511.07421875,1550.0,2954.650146484375,5062.4921875,3402.97119140625,9218.3408203125
2019-02-16,4606.87646484375,1339.3739013671875,1364.328125,2444.255126953125,2511.07421875,1550.0,2954.650146484375,5062.4921875,3402.97119140625,9218.3408203125
2019-02-17,4606.87646484375,1339.3739013671875,1364.328125,2444.255126953125,2511.07421875,1550.0,2954.650146484375,5062.4921875,3402.97119140625,9218.3408203125
2019-02-18,4710.015625,1360.8612060546875,1345.8912353515625,2489.638916015625,2546.07177734375,1550.0,3040.405029296875,5245.67431640625,3480.531982421875,9328.8740234375
2019-02-19,4624.06640625,1360.8612060546875,1315.1632080078125,2535.023193359375,2519.823486328125,1550.0,3055.9970703125,5179.06201171875,3441.751708984375,9262.5537109375
2019-02-20,4727.205078125,1360.8612060546875,1315.1632080078125,2522.056396484375,2484.82568359375,1550.0,3017.017578125,5179.06201171875,3422.36181640625,9284.6611328125
2019-02-21,4731.50341796875,1348.3267822265625,1370.473876953125,2535.023193359375,2563.570556640625,1550.0,3017.017578125,5129.1025390625,3461.141845703125,9262.5537109375
2019-02-22,4718.61181640625,1360.8612060546875,1364.328125,2528.539306640625,2484.82568359375,1550.0,2993.6298828125,5079.14501953125,3383.58154296875,9196.236328125
2019-02-23,4718.61181640625,1360.8612060546875,1364.328125,2528.539306640625,2484.82568359375,1550.0,2993.6298828125,5079.14501953125,3383.58154296875,9196.236328125
2019-02-24,4718.61181640625,1360.8612060546875,1364.328125,2528.539306640625,2484.82568359375,1550.0,2993.6298828125,5079.14501953125,3383.58154296875,9196.236328125
2019-02-25,4718.61181640625,1360.8612060546875,1395.0562744140625,2567.4404296875,2537.322021484375,1550.0,3048.20068359375,5095.79736328125,3412.66650390625,9063.59765625
2019-02-26,4774.478515625,1346.5361328125,1419.638916015625,2554.47314453125,2546.07177734375,1550.0,3063.792724609375,5062.4921875,3432.05615234375,9196.236328125
2019-02-27,4783.0732421875,1359.070556640625,1419.638916015625,2509.089599609375,2519.823486328125,1552.5,3048.20068359375,5062.4921875,3432.05615234375,9218.3408203125
2019-02-28,4740.09765625,1359.070556640625,1401.201904296875,2496.122314453125,2493.575439453125,1552.5,3009.2216796875,4762.73876953125,3412.66650390625,9041.4912109375
2019-03-01,4761.5859375,1346.5361328125,1407.3472900390625,2509.089599609375,2511.07421875,1552.5,3048.20068359375,4812.6982421875,3480.531982421875,9107.810546875
2019-03-02,4761.5859375,1346.5361328125,1407.3472900390625,2509.089599609375,2511.07421875,1552.5,3048.20068359375,4812.6982421875,3480.531982421875,9107.810546875
2019-03-03,4761.5859375,1346.5361328125,1407.3472900390625,2509.089599609375,2511.07421875,1552.5,3048.20068359375,4812.6982421875,3480.531982421875,9107.810546875
2019-03-04,4757.28955078125,1346.5361328125,1407.3472900390625,2515.57275390625,2484.82568359375,1550.0,3001.425537109375,4762.73876953125,3470.837158203125,9152.0224609375
2019-03-05,4722.90869140625,1346.5361328125,1413.4931640625,2502.605712890625,2432.32958984375,1450.0,3017.017578125,4862.6572265625,3412.66650390625,9085.7041015625
2019-03-06,4718.61181640625,1346.5361328125,1401.201904296875,2528.539306640625,2476.076171875,1450.0,2978.0380859375,4879.30908203125,3412.66650390625,9063.59765625
2019-03-07,4718.61181640625,1346.5361328125,1401.201904296875,2528.539306640625,2476.076171875,1450.0,2978.0380859375,4879.30908203125,3412.66650390625,9063.59765625
2019-03-08,4675.63671875,1346.5361328125,1388.91064453125,2496.122314453125,2414.830810546875,1450.0,2915.6708984375,4762.73876953125,3364.190673828125,9063.59765625
2019-03-09,4675.63671875,1346.5361328125,1388.91064453125,2496.122314453125,2414.830810546875,1450.0,2915.6708984375,4762.73876953125,3364.190673828125,9063.59765625
2019-03-10,4675.63671875,1346.5361328125,1388.91064453125,2496.122314453125,2414.830810546875,1450.0,2915.6708984375,4762.73876953125,3364.190673828125,9063.59765625
2019-03-11,4731.50341796875,1289.237060546875,1352.036865234375,2502.605712890625,2397.331787109375,1450.0,2962.446044921875,4812.6982421875,3364.190673828125,9107.810546875
2019-03-12,4727.205078125,1346.5361328125,1352.036865234375,2489.638916015625,2353.585205078125,1452.5,2931.2626953125,4779.39111328125,3364.190673828125,9041.4912109375
2019-03-13,4727.205078125,1332.2113037109375,1370.473876953125,2457.221923828125,2344.835693359375,1452.5,2900.0791015625,4746.08642578125,3335.10595703125,9152.0224609375
2019-03-14,4710.015625,1360.8612060546875,1388.91064453125,2489.638916015625,2414.830810546875,1452.5,2915.6708984375,4796.04443359375,3422.36181640625,9174.12890625
2019-03-15,4761.5859375,1360.8612060546875,1395.0562744140625,2560.95654296875,2484.82568359375,1452.5,2923.46630859375,4879.30908203125,3519.312255859375,9218.3408203125
2019-03-16,4761.5859375,1360.8612060546875,1395.0562744140625,2560.95654296875,2484.82568359375,1452.5,2923.46630859375,4879.30908203125,3519.312255859375,9218.3408203125
2019-03-17,4761.5859375,1360.8612060546875,1395.0562744140625,2560.95654296875,2484.82568359375,1452.5,2923.46630859375,4879.30908203125,3519.312255859375,9218.3408203125
2019-03-18,4770.1806640625,1364.4422607421875,1382.764892578125,2593.3740234375,2484.82568359375,1452.5,2978.0380859375,4879.30908203125,3625.958251953125,9174.12890625
2019-03-19,4718.61181640625,1364.4422607421875,1376.619384765625,2580.4072265625,2581.069091796875,1452.5,2946.854248046875,4846.0029296875,3625.958251953125,9107.810546875
2019-03-20,4701.4208984375,1364.4422607421875,1382.764892578125,2586.890380859375,2589.818359375,1502.5,2931.2626953125,4846.0029296875,3606.56787109375,9174.12890625
2019-03-21,4705.71826171875,1364.4422607421875,1382.764892578125,2586.890380859375,2616.066650390625,1502.5,2954.650146484375,4829.35009765625,3693.82373046875,9174.12890625
2019-03-22,4714.31396484375,1364.4422607421875,1382.764892578125,2625.791015625,2607.317138671875,1502.5,2962.446044921875,4812.6982421875,3722.90869140625,9129.916015625
2019-03-23,4714.31396484375,1364.4422607421875,1382.764892578125,2625.791015625,2607.317138671875,1502.5,2962.446044921875,4812.6982421875,3722.90869140625,9129.916015625
2019-03-24,4714.31396484375,1364.4422607421875,1382.764892578125,2625.791015625,2607.317138671875,1502.5,2962.446044921875,4812.6982421875,3722.90869140625,9129.916015625
2019-03-25,4688.529296875,1371.604736328125,1358.1824951171875,2599.857421875,2511.07421875,1502.5,2954.650146484375,4696.12744140625,3567.78759765625,8311.9833984375
2019-03-26,4701.4208984375,1371.604736328125,1431.93017578125,2632.2744140625,2554.82080078125,1502.5,2978.0380859375,4729.43359375,3635.6533203125,8466.7275390625
2019-03-27,4714.31396484375,1371.604736328125,1438.0755615234375,2625.791015625,2528.572509765625,1502.5,2978.0380859375,4779.39111328125,3625.958251953125,8090.91845703125
2019-03-28,4701.4208984375,1371.604736328125,1370.473876953125,2638.7578125,2581.069091796875,1450.0,3024.8134765625,4729.43359375,3655.04296875,8201.4501953125
2019-03-29,4735.80126953125,1353.698486328125,1364.328125,2664.691650390625,2616.066650390625,1450.0,3087.180908203125,4862.6572265625,3645.34814453125,8245.6640625
2019-03-30,4735.80126953125,1353.698486328125,1364.328125,2664.691650390625,2616.066650390625,1450.0,3087.180908203125,4862.6572265625,3645.34814453125,8245.6640625
2019-03-31,4735.80126953125,1353.698486328125,1364.328125,2664.691650390625,2616.066650390625,1450.0,3087.180908203125,4862.6572265625,3645.34814453125,8245.6640625
2019-04-01,4727.205078125,1353.698486328125,1395.0562744140625,2690.625244140625,2624.81591796875,1450.0,3063.792724609375,4895.96240234375,3664.738037109375,8179.3447265625
2019-04-02,4727.205078125,1353.698486328125,1370.473876953125,2690.625244140625,2598.568115234375,1450.0,3063.792724609375,4945.9208984375,3674.43359375,7958.2802734375
2019-04-03,4727.205078125,1353.698486328125,1370.473876953125,2690.625244140625,2598.568115234375,1450.0,3063.792724609375,4945.9208984375,3674.43359375,7958.2802734375
2019-04-04,4761.5859375,1360.8612060546875,1382.764892578125,2736.00927734375,2686.061767578125,1452.5,3141.752197265625,5029.185546875,3761.688720703125,8002.49365234375
2019-04-05,4752.99072265625,1360.8612060546875,1370.473876953125,2768.4267578125,2642.314697265625,1452.5,3165.139892578125,5095.79736328125,3771.384521484375,8024.60009765625
2019-04-06,4752.99072265625,1360.8612060546875,1370.473876953125,2768.4267578125,2642.314697265625,1452.5,3165.139892578125,5095.79736328125,3771.384521484375,8024.60009765625
2019-04-07,4752.99072265625,1360.8612060546875,1370.473876953125,2768.4267578125,2642.314697265625,1452.5,3165.139892578125,5095.79736328125,3771.384521484375,8024.60009765625
2019-04-08,4710.015625,1360.8612060546875,1290.580810546875,2755.4599609375,2624.81591796875,1450.0,3079.384521484375,5012.53271484375,3674.43359375,7980.38720703125
2019-04-09,4757.28955078125,1360.8612060546875,1296.7264404296875,2787.876953125,2686.061767578125,1450.0,3079.384521484375,5112.45068359375,3751.994384765625,8179.3447265625
2019-04-10,4748.69287109375,1360.8612060546875,1278.28955078125,2794.3603515625,2642.314697265625,1450.0,3063.792724609375,5095.79736328125,3761.688720703125,8223.556640625
2019-04-11,4710.015625,1360.8612060546875,1278.28955078125,2787.876953125,2589.818359375,1450.0,3032.609130859375,5012.53271484375,3732.603759765625,8002.49365234375
2019-04-12,4727.205078125,1360.8612060546875,1290.580810546875,2794.3603515625,2563.570556640625,1450.0,2985.833740234375,5012.53271484375,3751.994384765625,8002.49365234375
2019-04-13,4727.205078125,1360.8612060546875,1290.580810546875,2794.3603515625,2563.570556640625,1450.0,2985.833740234375,5012.53271484375,3751.994384765625,8002.49365234375
2019-04-14,4727.205078125,1360.8612060546875,1290.580810546875,2794.3603515625,2563.570556640625,1450.0,2985.833740234375,5012.53271484375,3751.994384765625,8002.49365234375
2019-04-15,4731.50341796875,1360.8612060546875,1284.43505859375,2820.294189453125,2572.31982421875,1450.0,2985.833740234375,5062.4921875,3742.298583984375,8002.49365234375
2019-04-16,4722.90869140625,1360.8612060546875,1290.580810546875,2813.810791015625,2668.5625,1450.0,3017.017578125,5162.4091796875,3761.688720703125,8024.60009765625
2019-04-17,4722.90869140625,1360.8612060546875,1290.580810546875,2813.810791015625,2668.5625,1450.0,3017.017578125,5162.4091796875,3761.688720703125,8024.60009765625
2019-04-18,4834.642578125,1382.348388671875,1290.580810546875,2891.611572265625,2729.808837890625,1450.0,3009.2216796875,5229.0205078125,3819.859375,8046.70654296875
2019-04-19,4834.642578125,1382.348388671875,1290.580810546875,2891.611572265625,2729.808837890625,1450.0,3009.2216796875,5229.0205078125,3819.859375,8046.70654296875
2019-04-20,4834.642578125,1382.348388671875,1290.580810546875,2891.611572265625,2729.808837890625,1450.0,3009.2216796875,5229.0205078125,3819.859375,8046.70654296875
2019-04-21,4834.642578125,1382.348388671875,1290.580810546875,2891.611572265625,2729.808837890625,1450.0,3009.2216796875,5229.0205078125,3819.859375,8046.70654296875
2019-04-22,4834.642578125,1382.348388671875,1253.70703125,2878.644775390625,2712.309814453125,1450.0,2946.854248046875,5012.53271484375,3751.994384765625,7980.38720703125
2019-04-23,4838.94091796875,1382.348388671875,1235.2701416015625,2872.161376953125,2686.061767578125,1450.0,3001.425537109375,5095.79736328125,3800.468994140625,8135.1328125
2019-04-24,4883.1748046875,1382.348388671875,1235.2701416015625,2852.7109375,2686.061767578125,1450.0,2993.6298828125,5095.79736328125,3800.468994140625,8135.1328125
2019-04-25,4852.8173828125,1382.348388671875,1253.70703125,2807.3271484375,2677.312255859375,1450.0,2985.833740234375,5029.185546875,3722.90869140625,8024.60009765625
2019-04-26,4874.5009765625,1360.8612060546875,1247.5614013671875,2807.3271484375,2703.560546875,1450.0,3048.20068359375,5095.79736328125,3742.298583984375,8113.025390625
2019-04-27,4874.5009765625,1360.8612060546875,1247.5614013671875,2807.3271484375,2703.560546875,1450.0,3048.20068359375,5095.79736328125,3742.298583984375,8113.025390625
2019-04-28,4874.5009765625,1360.8612060546875,1247.5614013671875,2807.3271484375,2703.560546875,1450.0,3048.20068359375,5095.79736328125,3742.298583984375,8113.025390625
2019-04-29,4930.87890625,1360.8612060546875,1235.2701416015625,2813.810791015625,2721.05908203125,1450.0,3009.2216796875,5062.4921875,3732.603759765625,8223.556640625
2019-04-30,4987.2568359375,1360.8612060546875,1253.70703125,2833.26123046875,2703.560546875,1450.0,2954.650146484375,5079.14501953125,3722.90869140625,8599.365234375
2019-05-01,4987.2568359375,1360.8612060546875,1253.70703125,2833.26123046875,2703.560546875,1450.0,2954.650146484375,5079.14501953125,3722.90869140625,8599.365234375
2019-05-02,4930.87890625,1360.8612060546875,1253.70703125,2833.26123046875,2694.81103515625,1450.0,2985.833740234375,4979.2275390625,3655.04296875,8577.2578125
2019-05-03,4922.20556640625,1360.8612060546875,1259.8525390625,2839.744384765625,2677.312255859375,1450.0,2978.0380859375,4945.9208984375,3587.177978515625,8510.939453125
2019-05-04,4922.20556640625,1360.8612060546875,1259.8525390625,2839.744384765625,2677.312255859375,1450.0,2978.0380859375,4945.9208984375,3587.177978515625,8510.939453125
2019-05-05,4922.20556640625,1360.8612060546875,1259.8525390625,2839.744384765625,2677.312255859375,1450.0,2978.0380859375,4945.9208984375,3587.177978515625,8510.939453125
2019-05-06,4874.5009765625,1360.8612060546875,1247.5614013671875,2742.492919921875,2633.565185546875,1450.0,2993.6298828125,4945.9208984375,3441.751708984375,8488.8330078125
2019-05-07,4909.19482421875,1360.8612060546875,1284.43505859375,2755.4599609375,2677.312255859375,1450.0,3040.405029296875,5118.7900390625,3470.837158203125,8577.2578125
2019-05-08,4943.888671875,1360.8612060546875,1309.017578125,2736.00927734375,2633.565185546875,1450.0,3040.405029296875,5033.7607421875,3393.276123046875,8577.2578125
2019-05-09,4883.1748046875,1360.8612060546875,1327.4547119140625,2671.1748046875,2624.81591796875,1450.0,2962.446044921875,4863.7001953125,3325.41064453125,8555.1513671875
2019-05-10,4865.82763671875,1360.8612060546875,1358.1824951171875,2671.1748046875,2616.066650390625,1450.0,2954.650146484375,4880.7060546875,3335.10595703125,8687.7900390625
2019-05-11,4865.82763671875,1360.8612060546875,1358.1824951171875,2671.1748046875,2616.066650390625,1450.0,2954.650146484375,4880.7060546875,3335.10595703125,8687.7900390625
2019-05-12,4865.82763671875,1360.8612060546875,1358.1824951171875,2671.1748046875,2616.066650390625,1450.0,2954.650146484375,4880.7060546875,3335.10595703125,8687.7900390625
2019-05-13,4865.82763671875,1346.5361328125,1321.3089599609375,2658.2080078125,2633.565185546875,1450.0,2939.058349609375,4778.671875,3296.325439453125,8510.939453125
2019-05-14,4766.08251953125,1294.6085205078125,1265.998291015625,2625.791015625,2607.317138671875,1450.0,2931.2626953125,4761.66455078125,3276.935302734375,8533.0439453125
2019-05-15,4735.72509765625,1294.6085205078125,1229.12451171875,2522.056396484375,2598.568115234375,1450.0,2853.303466796875,4727.65380859375,3189.6796875,8422.5146484375
2019-05-16,4579.603515625,1294.6085205078125,1224.2081298828125,2502.605712890625,2572.31982421875,1450.0,2806.52734375,4608.61181640625,3170.289306640625,8400.4072265625
2019-05-17,4492.8681640625,1353.698486328125,1224.2081298828125,2457.221923828125,2476.076171875,1450.0,2736.36474609375,4557.59326171875,3141.204345703125,8223.556640625
2019-05-18,4492.8681640625,1353.698486328125,1224.2081298828125,2457.221923828125,2476.076171875,1450.0,2736.36474609375,4557.59326171875,3141.204345703125,8223.556640625
2019-05-19,4492.8681640625,1353.698486328125,1224.2081298828125,2457.221923828125,2476.076171875,1450.0,2736.36474609375,4557.59326171875,3141.204345703125,8223.556640625
2019-05-20,4666.337890625,1353.698486328125,1226.6661376953125,2431.2880859375,2528.572509765625,1450.0,2806.52734375,4693.6416015625,3267.240478515625,8289.8759765625
2019-05-21,4735.72509765625,1353.698486328125,1235.2701416015625,2431.2880859375,2537.322021484375,1450.0,2806.52734375,4761.66455078125,3335.10595703125,8510.939453125
2019-05-22,4735.72509765625,1353.698486328125,1216.9248046875,2444.255126953125,2554.82080078125,1450.0,2759.75244140625,4761.66455078125,3295.908203125,8400.4072265625
2019-05-23,4861.4912109375,1353.698486328125,1234.203857421875,2496.122314453125,2651.064208984375,1450.0,2853.303466796875,4829.689453125,3375.32763671875,8599.365234375
2019-05-24,4865.82763671875,1353.698486328125,1258.8878173828125,2584.86328125,2694.81103515625,1450.0,2923.46630859375,4880.7060546875,3434.892333984375,8577.2578125
2019-05-25,4865.82763671875,1353.698486328125,1258.8878173828125,2584.86328125,2694.81103515625,1450.0,2923.46630859375,4880.7060546875,3434.892333984375,8577.2578125
2019-05-26,4865.82763671875,1353.698486328125,1258.8878173828125,2584.86328125,2694.81103515625,1450.0,2923.46630859375,4880.7060546875,3434.892333984375,8577.2578125
2019-05-27,4930.87890625,1353.698486328125,1252.716796875,2631.860595703125,2790.993408203125,1450.0,2978.0380859375,4846.6953125,3454.747314453125,8643.5771484375
2019-05-28,4974.2470703125,1353.698486328125,1265.0587158203125,2558.00732421875,2664.54052734375,1450.0,2876.691162109375,4812.68359375,3236.343505859375,8599.365234375
2019-05-29,4978.58349609375,1353.698486328125,1258.8878173828125,2645.288330078125,2727.76708984375,1450.0,2946.854248046875,4897.71337890625,3236.343505859375,8599.365234375
2019-05-30,4978.58349609375,1353.698486328125,1258.8878173828125,2645.288330078125,2727.76708984375,1450.0,2946.854248046875,4897.71337890625,3236.343505859375,8599.365234375
2019-05-31,5047.97119140625,1353.698486328125,1258.8878173828125,2752.711181640625,2772.928466796875,1450.0,3040.405029296875,5067.771484375,3335.61767578125,8665.6845703125
2019-06-01,5047.97119140625,1353.698486328125,1258.8878173828125,2752.711181640625,2772.928466796875,1450.0,3040.405029296875,5067.771484375,3335.61767578125,8665.6845703125
2019-06-02,5047.97119140625,1353.698486328125,1258.8878173828125,2752.711181640625,2772.928466796875,1450.0,3040.405029296875,5067.771484375,3335.61767578125,8665.6845703125
2019-06-03,5047.97119140625,1353.698486328125,1258.8878173828125,2752.711181640625,2772.928466796875,1450.0,3040.405029296875,5067.771484375,3335.61767578125,8665.6845703125
2019-06-04,5047.97119140625,1353.698486328125,1258.8878173828125,2752.711181640625,2772.928466796875,1450.0,3040.405029296875,5067.771484375,3335.61767578125,8665.6845703125
2019-06-05,5047.97119140625,1353.698486328125,1258.8878173828125,2752.711181640625,2772.928466796875,1450.0,3040.405029296875,5067.771484375,3335.61767578125,8665.6845703125
2019-06-06,5047.97119140625,1353.698486328125,1258.8878173828125,2752.711181640625,2772.928466796875,1450.0,3040.405029296875,5067.771484375,3335.61767578125,8665.6845703125
2019-06-07,5047.97119140625,1353.698486328125,1258.8878173828125,2752.711181640625,2772.928466796875,1450.0,3040.405029296875,5067.771484375,3335.61767578125,8665.6845703125
2019-06-08,5047.97119140625,1353.698486328125,1258.8878173828125,2752.711181640625,2772.928466796875,1450.0,3040.405029296875,5067.771484375,3335.61767578125,8665.6845703125
2019-06-09,5047.97119140625,1353.698486328125,1258.8878173828125,2752.711181640625,2772.928466796875,1450.0,3040.405029296875,5067.771484375,3335.61767578125,8665.6845703125
2019-06-10,5100.01171875,1353.698486328125,1167.556884765625,2839.99267578125,2836.155029296875,1450.0,3149.548095703125,5220.82568359375,3444.81982421875,8665.6845703125
2019-06-11,5126.0322265625,1353.698486328125,1234.203857421875,2839.99267578125,2845.187255859375,1450.0,3133.956298828125,5186.81396484375,3405.10986328125,8975.1728515625
2019-06-12,5069.65478515625,1228.3560791015625,1240.374755859375,2826.56494140625,2845.187255859375,1450.0,3113.8876953125,5101.7841796875,3415.037841796875,8975.1728515625
2019-06-13,5034.9599609375,1228.3560791015625,1204.5828857421875,2819.850830078125,2827.12255859375,1450.0,3153.404296875,5101.7841796875,3434.892333984375,8842.5341796875
2019-06-14,5030.62451171875,1228.3560791015625,1184.83544921875,2839.99267578125,2827.12255859375,1450.0,3153.404296875,5050.76611328125,3375.32763671875,8820.4287109375
2019-06-15,5030.62451171875,1228.3560791015625,1184.83544921875,2839.99267578125,2827.12255859375,1450.0,3153.404296875,5050.76611328125,3375.32763671875,8820.4287109375
2019-06-16,5030.62451171875,1228.3560791015625,1184.83544921875,2839.99267578125,2827.12255859375,1450.0,3153.404296875,5050.76611328125,3375.32763671875,8820.4287109375
2019-06-17,5026.287109375,1228.3560791015625,1202.1143798828125,2819.850830078125,2818.09033203125,1450.0,3082.274658203125,5016.75439453125,3355.472900390625,8920.84375
2019-06-18,5117.35986328125,1160.3131103515625,1202.1143798828125,2860.134521484375,2836.155029296875,1450.0,3145.500732421875,5101.7841796875,3464.675048828125,9077.7431640625
2019-06-19,5152.05224609375,1153.150634765625,1209.5196533203125,2880.276123046875,2881.31689453125,1450.0,3145.500732421875,5101.7841796875,3534.16650390625,9077.7431640625
2019-06-20,5126.0322265625,1153.150634765625,1209.5196533203125,2893.703857421875,2872.284423828125,1450.0,3192.920654296875,5169.80859375,3494.45703125,9100.158203125
2019-06-21,5100.01171875,1321.4677734375,1226.798583984375,2927.273681640625,2881.31689453125,1450.0,3192.920654296875,5067.771484375,3514.311767578125,8988.0869140625
2019-06-22,5100.01171875,1321.4677734375,1226.798583984375,2927.273681640625,2881.31689453125,1450.0,3192.920654296875,5067.771484375,3514.311767578125,8988.0869140625
2019-06-23,5100.01171875,1321.4677734375,1226.798583984375,2927.273681640625,2881.31689453125,1450.0,3192.920654296875,5067.771484375,3514.311767578125,8988.0869140625
2019-06-24,5095.67529296875,1330.4207763671875,1221.8616943359375,2893.703857421875,2881.31689453125,1450.0,3145.500732421875,4999.74853515625,3524.239013671875,8920.84375
2019-06-25,5126.0322265625,1423.5323486328125,1221.8616943359375,2907.1318359375,2872.284423828125,1450.0,3169.210693359375,4999.74853515625,3544.093994140625,8965.6708984375
2019-06-26,5087.00146484375,1430.6947021484375,1214.456298828125,2927.273681640625,2872.284423828125,1450.0,3145.500732421875,4931.72412109375,3514.311767578125,9010.5009765625
2019-06-27,5147.71630859375,1396.6732177734375,1219.3931884765625,2940.701416015625,2890.34912109375,1450.0,3232.436767578125,5016.75439453125,3534.16650390625,9100.158203125
2019-06-28,5199.7568359375,1494.0162353515625,1226.798583984375,2927.273681640625,2899.38134765625,1450.0,3271.953125,5067.771484375,3653.295654296875,9100.158203125
2019-06-29,5199.7568359375,1494.0162353515625,1226.798583984375,2927.273681640625,2899.38134765625,1450.0,3271.953125,5067.771484375,3653.295654296875,9100.158203125
2019-06-30,5199.7568359375,1494.0162353515625,1226.798583984375,2927.273681640625,2899.38134765625,1450.0,3271.953125,5067.771484375,3653.295654296875,9100.158203125
2019-07-01,5195.42041015625,1484.439453125,1214.456298828125,2967.55712890625,2890.34912109375,1450.0,3335.17919921875,5016.75439453125,3722.78759765625,9077.7431640625
2019-07-02,5204.09423828125,1484.439453125,1219.3931884765625,2960.84326171875,2899.38134765625,1450.0,3358.88916015625,4965.7373046875,3712.86083984375,9077.7431640625
2019-07-03,5204.09423828125,1302.475830078125,1209.5196533203125,2954.129150390625,2899.38134765625,1450.0,3350.985595703125,4948.73046875,3702.932861328125,9077.7431640625
2019-07-04,5195.42041015625,1302.475830078125,1224.330078125,2947.41552734375,2899.38134765625,1450.0,3358.88916015625,4931.72412109375,3722.78759765625,9055.3291015625
2019-07-05,5178.07275390625,1310.137451171875,1184.83544921875,2954.129150390625,2827.12255859375,1450.0,3382.598876953125,4863.7001953125,3653.295654296875,9055.3291015625
2019-07-06,5178.07275390625,1310.137451171875,1184.83544921875,2954.129150390625,2827.12255859375,1450.0,3382.598876953125,4863.7001953125,3653.295654296875,9055.3291015625
2019-07-07,5178.07275390625,1310.137451171875,1184.83544921875,2954.129150390625,2827.12255859375,1450.0,3382.598876953125,4863.7001953125,3653.295654296875,9055.3291015625
2019-07-08,5100.01171875,1310.137451171875,1184.83544921875,2954.129150390625,2845.187255859375,1450.0,3374.69580078125,4965.7373046875,3563.948974609375,8988.0869140625
2019-07-09,5204.09423828125,1310.137451171875,1160.1514892578125,2960.84326171875,2854.219482421875,1450.0,3437.921630859375,4948.73046875,3633.441162109375,9055.3291015625
2019-07-10,5204.09423828125,1312.0528564453125,1167.556884765625,3001.126953125,2872.284423828125,1450.0,3390.502197265625,5067.771484375,3633.441162109375,9077.7431640625
2019-07-11,5225.77783203125,1312.0528564453125,1172.493408203125,3027.982666015625,2890.34912109375,1450.0,3374.69580078125,5118.7900390625,3673.150390625,9189.8134765625
2019-07-12,5212.7666015625,1313.96826171875,1184.83544921875,3027.982666015625,2917.446044921875,1450.0,3303.566162109375,5067.771484375,3653.295654296875,9212.2275390625
2019-07-13,5212.7666015625,1313.96826171875,1184.83544921875,3027.982666015625,2917.446044921875,1450.0,3303.566162109375,5067.771484375,3653.295654296875,9212.2275390625
2019-07-14,5212.7666015625,1313.96826171875,1184.83544921875,3027.982666015625,2917.446044921875,1450.0,3303.566162109375,5067.771484375,3653.295654296875,9212.2275390625
2019-07-15,5295.16552734375,1313.96826171875,1192.2408447265625,3041.410400390625,2944.542724609375,1450.0,3382.598876953125,5050.76611328125,3643.36865234375,9301.8837890625
2019-07-16,5277.818359375,1313.96826171875,1197.177734375,3054.838134765625,2917.446044921875,1450.0,3350.985595703125,5067.771484375,3603.658203125,9346.712890625
2019-07-17,5334.1953125,1313.96826171875,1234.203857421875,3034.696533203125,2881.31689453125,1450.0,3343.08251953125,4829.689453125,3593.7314453125,9526.02734375
2019-07-18,5329.85888671875,1313.96826171875,1302.0849609375,2987.698974609375,2836.155029296875,1450.0,3350.985595703125,4863.7001953125,3524.239013671875,9615.68359375
2019-07-19,5377.56396484375,1313.96826171875,1394.650146484375,3007.8408203125,2845.187255859375,1450.0,3374.69580078125,4829.689453125,3534.16650390625,9727.7548828125
2019-07-20,5377.56396484375,1313.96826171875,1394.650146484375,3007.8408203125,2845.187255859375,1450.0,3374.69580078125,4829.689453125,3534.16650390625,9727.7548828125
2019-07-21,5377.56396484375,1313.96826171875,1394.650146484375,3007.8408203125,2845.187255859375,1450.0,3374.69580078125,4829.689453125,3534.16650390625,9727.7548828125
2019-07-22,5455.62451171875,1313.96826171875,1481.04443359375,3021.268798828125,2809.05810546875,1450.0,3366.79248046875,4829.689453125,3514.311767578125,9548.4404296875
2019-07-23,5407.92041015625,1313.96826171875,1468.7025146484375,3014.554443359375,2781.961181640625,1425.0,3358.88916015625,4863.7001953125,3424.964599609375,9615.68359375
2019-07-24,5420.93115234375,1294.814208984375,1493.386474609375,2987.698974609375,2781.961181640625,1425.0,3311.469482421875,4880.7060546875,3345.545654296875,9481.1982421875
2019-07-25,5420.93115234375,1294.814208984375,1487.215576171875,2994.41259765625,2818.09033203125,1425.0,3327.27587890625,4965.7373046875,3375.32763671875,9593.2685546875
2019-07-26,5373.22705078125,1294.814208984375,1505.728515625,2980.98486328125,2800.025634765625,1425.0,3287.759521484375,4812.68359375,3345.545654296875,9481.1982421875
2019-07-27,5373.22705078125,1294.814208984375,1505.728515625,2980.98486328125,2800.025634765625,1425.0,3287.759521484375,4812.68359375,3345.545654296875,9481.1982421875
2019-07-28,5373.22705078125,1294.814208984375,1505.728515625,2980.98486328125,2800.025634765625,1425.0,3287.759521484375,4812.68359375,3345.545654296875,9481.1982421875
2019-07-29,5368.8896484375,1294.814208984375,1499.5576171875,2994.41259765625,2818.09033203125,1425.0,3319.372802734375,4880.7060546875,3315.76318359375,9458.7841796875
2019-07-30,5394.91064453125,1294.814208984375,1530.4127197265625,3021.268798828125,2872.284423828125,1705.0,3374.69580078125,4948.73046875,3315.76318359375,9526.02734375
2019-07-31,5368.8896484375,1294.814208984375,1548.9256591796875,3007.8408203125,2881.31689453125,1695.0,3398.40576171875,4761.66455078125,3365.400634765625,9593.2685546875
2019-08-01,5386.2373046875,1302.475830078125,1616.8067626953125,2987.698974609375,2809.05810546875,1737.5,3382.598876953125,4778.671875,3276.053466796875,9593.2685546875
2019-08-02,5347.20556640625,1306.306640625,1635.3199462890625,2987.698974609375,2772.928466796875,2000.0,3382.598876953125,4812.68359375,3216.488525390625,9727.7548828125
2019-08-03,5347.20556640625,1306.306640625,1635.3199462890625,2987.698974609375,2772.928466796875,2000.0,3382.598876953125,4812.68359375,3216.488525390625,9727.7548828125
2019-08-04,5347.20556640625,1306.306640625,1635.3199462890625,2987.698974609375,2772.928466796875,2000.0,3382.598876953125,4812.68359375,3216.488525390625,9727.7548828125
2019-08-05,5204.09423828125,1310.137451171875,1635.3199462890625,2866.848388671875,2682.60498046875,1997.5,3224.533447265625,4710.6474609375,3146.99658203125,9750.16796875
2019-08-06,5100.01171875,1310.137451171875,1653.8330078125,2752.711181640625,2619.37890625,1997.5,3264.0498046875,4591.60546875,3107.286865234375,9660.51171875
2019-08-07,5212.7666015625,1310.137451171875,1703.2010498046875,2853.420654296875,2655.50830078125,1997.5,3327.27587890625,4574.60009765625,3127.14208984375,10063.9658203125
2019-08-08,5208.43017578125,1225.859619140625,1758.740478515625,2880.276123046875,2709.7021484375,1997.5,3366.79248046875,4693.6416015625,3226.416259765625,10019.1376953125
2019-08-09,5260.4716796875,1300.5604248046875,1801.9373779296875,2907.1318359375,2691.637451171875,1997.5,3366.79248046875,4608.61181640625,3146.99658203125,10131.208984375
2019-08-10,5260.4716796875,1300.5604248046875,1801.9373779296875,2907.1318359375,2691.637451171875,1997.5,3366.79248046875,4608.61181640625,3146.99658203125,10131.208984375
2019-08-11,5260.4716796875,1300.5604248046875,1801.9373779296875,2907.1318359375,2691.637451171875,1997.5,3366.79248046875,4608.61181640625,3146.99658203125,10131.208984375
2019-08-12,5238.78857421875,1294.814208984375,1826.6214599609375,2886.990234375,2673.572998046875,1997.5,3366.79248046875,4591.60546875,3146.99658203125,10108.794921875
2019-08-13,5217.10400390625,1294.814208984375,1838.9637451171875,2873.56201171875,2655.50830078125,1997.5,3358.88916015625,4540.58837890625,3137.069091796875,10086.380859375
2019-08-14,5212.7666015625,1294.814208984375,1845.1346435546875,2907.1318359375,2709.7021484375,1997.5,3390.502197265625,4540.58837890625,3216.488525390625,10176.037109375
2019-08-15,5204.09423828125,1294.814208984375,1875.9896240234375,2853.420654296875,2673.572998046875,1997.5,3390.502197265625,4438.552734375,3186.70654296875,10310.5234375
2019-08-16,5169.3994140625,1294.814208984375,1913.015869140625,2826.56494140625,2664.54052734375,1997.5,3382.598876953125,4421.54638671875,3146.99658203125,10422.5947265625
2019-08-17,5169.3994140625,1294.814208984375,1913.015869140625,2826.56494140625,2664.54052734375,1997.5,3382.598876953125,4421.54638671875,3146.99658203125,10422.5947265625
2019-08-18,5169.3994140625,1294.814208984375,1913.015869140625,2826.56494140625,2664.54052734375,1997.5,3382.598876953125,4421.54638671875,3146.99658203125,10422.5947265625
2019-08-19,5217.10400390625,1256.5062255859375,1956.212890625,2806.4228515625,2655.50830078125,1997.5,3430.018310546875,4370.52783203125,3127.14208984375,10332.9365234375
2019-08-20,5191.08349609375,1256.5062255859375,2042.607177734375,2752.711181640625,2664.54052734375,1997.5,3532.760986328125,4370.52783203125,3077.504638671875,10669.150390625
2019-08-21,5182.41015625,1248.844482421875,2030.2650146484375,2719.141845703125,2610.34619140625,1997.5,3485.341552734375,4319.51123046875,3008.012451171875,10579.4931640625
2019-08-22,5204.09423828125,1248.844482421875,2036.43603515625,2732.569580078125,2610.34619140625,1997.5,3516.95458984375,4302.50439453125,3017.93994140625,10601.90625
2019-08-23,5199.7568359375,1248.844482421875,2073.462158203125,2739.28369140625,2592.28173828125,1997.5,3461.63134765625,4472.56396484375,3027.86767578125,10557.0791015625
2019-08-24,5199.7568359375,1248.844482421875,2073.462158203125,2739.28369140625,2592.28173828125,1997.5,3461.63134765625,4472.56396484375,3027.86767578125,10557.0791015625
2019-08-25,5199.7568359375,1248.844482421875,2073.462158203125,2739.28369140625,2592.28173828125,1997.5,3461.63134765625,4472.56396484375,3027.86767578125,10557.0791015625
2019-08-26,5195.42041015625,1248.844482421875,2079.63330078125,2732.569580078125,2547.1201171875,1997.5,3422.115478515625,4472.56396484375,2978.23046875,10534.6640625
2019-08-27,5208.43017578125,1248.844482421875,2110.488525390625,2819.850830078125,2538.087646484375,1997.5,3461.63134765625,4438.552734375,3008.012451171875,10534.6640625
2019-08-28,5199.7568359375,1248.844482421875,2141.343505859375,2813.13671875,2547.1201171875,1997.5,3453.728271484375,4387.53466796875,3017.93994140625,10601.90625
2019-08-29,5208.43017578125,1248.844482421875,2159.856689453125,2819.850830078125,2556.152587890625,1997.5,3461.63134765625,4370.52783203125,2988.15771484375,10758.8056640625
2019-08-30,5290.82958984375,1248.844482421875,2178.36962890625,2866.848388671875,2619.37890625,1997.5,3516.95458984375,4540.58837890625,3057.649658203125,10803.6337890625
2019-08-31,5290.82958984375,1248.844482421875,2178.36962890625,2866.848388671875,2619.37890625,1997.5,3516.95458984375,4540.58837890625,3057.649658203125,10803.6337890625
2019-09-01,5290.82958984375,1248.844482421875,2178.36962890625,2866.848388671875,2619.37890625,1997.5,3516.95458984375,4540.58837890625,3057.649658203125,10803.6337890625
2019-09-02,5204.09423828125,1248.844482421875,2196.882568359375,2833.278564453125,2592.28173828125,1997.5,3485.341552734375,4455.55810546875,3027.86767578125,10736.392578125
2019-09-03,5251.79736328125,1248.844482421875,2190.711669921875,2786.281005859375,2492.92578125,1997.5,3437.921630859375,4404.54052734375,2958.37548828125,10758.8056640625
2019-09-04,5221.44140625,1248.844482421875,2215.3955078125,2792.994873046875,2501.95849609375,1997.5,3390.502197265625,4421.54638671875,2948.4482421875,10758.8056640625
2019-09-05,5238.78857421875,1302.475830078125,2203.053955078125,2833.278564453125,2520.02294921875,1997.5,3414.212158203125,4557.59326171875,2988.15771484375,10758.8056640625
2019-09-06,5225.77783203125,1302.475830078125,2227.737548828125,2866.848388671875,2547.1201171875,1997.5,3327.27587890625,4591.60546875,3017.93994140625,10669.150390625
2019-09-07,5225.77783203125,1302.475830078125,2227.737548828125,2866.848388671875,2547.1201171875,1997.5,3327.27587890625,4591.60546875,3017.93994140625,10669.150390625
2019-09-08,5225.77783203125,1302.475830078125,2227.737548828125,2866.848388671875,2547.1201171875,1997.5,3327.27587890625,4591.60546875,3017.93994140625,10669.150390625
2019-09-09,5234.45068359375,1302.475830078125,2246.250732421875,2799.70849609375,2520.02294921875,1997.5,3374.69580078125,4523.58203125,2998.085205078125,10624.3212890625
2019-09-10,5251.79736328125,1302.475830078125,2283.27685546875,2813.13671875,2547.1201171875,1997.5,3374.69580078125,4540.58837890625,3077.504638671875,10781.220703125
2019-09-11,5290.82958984375,1302.475830078125,2295.618896484375,2853.420654296875,2583.249267578125,1997.5,3358.88916015625,4710.6474609375,3176.779296875,10713.9775390625
2019-09-12,5221.44140625,1302.475830078125,2295.618896484375,2873.56201171875,2583.249267578125,1970.0,3295.662841796875,4591.60546875,3127.14208984375,10691.564453125
2019-09-13,5230.11376953125,1302.475830078125,2196.882568359375,2893.703857421875,2601.31396484375,1942.5,3287.759521484375,4591.60546875,3117.21435546875,10400.1806640625
2019-09-14,5230.11376953125,1302.475830078125,2196.882568359375,2893.703857421875,2601.31396484375,1942.5,3287.759521484375,4591.60546875,3117.21435546875,10400.1806640625
2019-09-15,5230.11376953125,1302.475830078125,2196.882568359375,2893.703857421875,2601.31396484375,1942.5,3287.759521484375,4591.60546875,3117.21435546875,10400.1806640625
2019-09-16,5208.43017578125,1302.475830078125,2048.778076171875,2813.13671875,2529.055419921875,1980.0,3335.17919921875,4557.59326171875,3047.72265625,10601.90625
2019-09-17,5230.11376953125,1302.475830078125,2054.94921875,2853.420654296875,2520.02294921875,1980.0,3374.69580078125,4404.54052734375,3077.504638671875,10713.9775390625
2019-09-18,5238.78857421875,1271.829345703125,2091.9755859375,2846.706298828125,2601.31396484375,1980.0,3358.88916015625,4557.59326171875,3137.069091796875,10646.734375
2019-09-19,5230.11376953125,1271.829345703125,2079.63330078125,2833.278564453125,2565.184814453125,1980.0,3327.27587890625,4489.5703125,3087.43212890625,10669.150390625
2019-09-20,5195.42041015625,1271.829345703125,2061.120361328125,2792.994873046875,2556.152587890625,1980.0,3390.502197265625,4472.56396484375,3037.794921875,10713.9775390625
2019-09-21,5195.42041015625,1271.829345703125,2061.120361328125,2792.994873046875,2556.152587890625,1980.0,3390.502197265625,4472.56396484375,3037.794921875,10713.9775390625
2019-09-22,5195.42041015625,1271.829345703125,2061.120361328125,2792.994873046875,2556.152587890625,1980.0,3390.502197265625,4472.56396484375,3037.794921875,10713.9775390625
2019-09-23,5225.77783203125,1271.829345703125,2036.43603515625,2806.4228515625,2529.055419921875,1980.0,3358.88916015625,4506.5751953125,3008.012451171875,10646.734375
2019-09-24,5156.39013671875,1271.829345703125,2024.0941162109375,2759.42529296875,2510.99072265625,1980.0,3327.27587890625,4404.54052734375,2958.37548828125,10579.4931640625
2019-09-25,5147.71630859375,1271.829345703125,2048.778076171875,2739.28369140625,2492.92578125,1980.0,3335.17919921875,4421.54638671875,2968.302734375,10579.4931640625
2019-09-26,5256.13525390625,1271.829345703125,2061.120361328125,2826.56494140625,2565.184814453125,1980.0,3445.82470703125,4557.59326171875,2998.085205078125,10758.8056640625
2019-09-27,5264.80810546875,1271.829345703125,2030.2650146484375,2806.4228515625,2520.02294921875,1980.0,3406.30859375,4523.58203125,2948.4482421875,10713.9775390625
2019-09-28,5264.80810546875,1271.829345703125,2030.2650146484375,2806.4228515625,2520.02294921875,1980.0,3406.30859375,4523.58203125,2948.4482421875,10713.9775390625
2019-09-29,5264.80810546875,1271.829345703125,2030.2650146484375,2806.4228515625,2520.02294921875,1980.0,3406.30859375,4523.58203125,2948.4482421875,10713.9775390625
2019-09-30,5264.80810546875,1271.829345703125,2024.0941162109375,2766.13916015625,2520.02294921875,1917.5,3406.30859375,4489.5703125,2918.66552734375,10781.220703125
2019-10-01,5238.78857421875,1271.829345703125,2048.778076171875,2732.569580078125,2492.92578125,1820.0,3358.88916015625,4455.55810546875,2888.88330078125,10691.564453125
2019-10-02,5247.46142578125,1271.829345703125,2048.778076171875,2638.574951171875,2357.44091796875,1790.0,3319.372802734375,4387.53466796875,2749.899169921875,10938.12109375
2019-10-03,5238.78857421875,1271.829345703125,2079.63330078125,2558.00732421875,2312.279296875,1837.5,3319.372802734375,4404.54052734375,2739.9716796875,10938.12109375
2019-10-04,5243.12451171875,1271.829345703125,2048.778076171875,2652.00244140625,2312.279296875,1837.5,3311.469482421875,4370.52783203125,2730.04443359375,10960.533203125
2019-10-05,5243.12451171875,1271.829345703125,2048.778076171875,2652.00244140625,2312.279296875,1837.5,3311.469482421875,4370.52783203125,2730.04443359375,10960.533203125
2019-10-06,5243.12451171875,1271.829345703125,2048.778076171875,2652.00244140625,2312.279296875,1837.5,3311.469482421875,4370.52783203125,2730.04443359375,10960.533203125
2019-10-07,5264.80810546875,1271.829345703125,1974.72607421875,2618.4326171875,2294.214599609375,1837.5,3248.2431640625,4341.01708984375,2650.624755859375,11005.36328125
2019-10-08,5290.82958984375,1271.829345703125,2011.7520751953125,2638.574951171875,2348.40869140625,1837.5,3232.436767578125,4358.1748046875,2710.18994140625,11117.43359375
2019-10-09,5264.80810546875,1271.829345703125,2061.120361328125,2658.716552734375,2321.3115234375,1837.5,3256.146728515625,4306.69970703125,2680.40771484375,10758.8056640625
2019-10-10,5299.50244140625,1271.829345703125,2098.146240234375,2611.718994140625,2357.44091796875,1837.5,3248.2431640625,4306.69970703125,2680.40771484375,10265.6943359375
2019-10-11,5312.51220703125,1271.829345703125,2178.36962890625,2631.860595703125,2366.473388671875,1837.5,3295.662841796875,4443.9658203125,2769.75439453125,10422.5947265625
2019-10-12,5312.51220703125,1271.829345703125,2178.36962890625,2631.860595703125,2366.473388671875,1837.5,3295.662841796875,4443.9658203125,2769.75439453125,10422.5947265625
2019-10-13,5312.51220703125,1271.829345703125,2178.36962890625,2631.860595703125,2366.473388671875,1837.5,3295.662841796875,4443.9658203125,2769.75439453125,10422.5947265625
2019-10-14,5377.56396484375,1264.1678466796875,2221.566650390625,2631.860595703125,2384.53759765625,1837.5,3311.469482421875,4409.6484375,2749.899169921875,10400.1806640625
2019-10-15,5355.87890625,1264.1678466796875,2252.421875,2645.288330078125,2375.505615234375,1837.5,3295.662841796875,4392.4921875,2839.246337890625,10198.4521484375
2019-10-16,5390.57421875,1264.1678466796875,2270.934814453125,2678.858154296875,2393.5703125,1837.5,3295.662841796875,4375.33251953125,2878.9560546875,10153.6240234375
2019-10-17,5303.8388671875,1264.1678466796875,2301.789794921875,2719.141845703125,2420.667236328125,1837.5,3295.662841796875,4546.91455078125,2928.59326171875,10355.3515625
2019-10-18,5342.8701171875,1264.1678466796875,2332.64501953125,2799.70849609375,2447.7646484375,1837.5,3311.469482421875,4598.388671875,2968.302734375,10108.794921875
2019-10-19,5342.8701171875,1264.1678466796875,2332.64501953125,2799.70849609375,2447.7646484375,1837.5,3311.469482421875,4598.388671875,2968.302734375,10108.794921875
2019-10-20,5342.8701171875,1264.1678466796875,2332.64501953125,2799.70849609375,2447.7646484375,1837.5,3311.469482421875,4598.388671875,2968.302734375,10108.794921875
2019-10-21,5394.91064453125,1264.1678466796875,2332.64501953125,2766.13916015625,2456.796875,1760.0,3319.372802734375,4615.54736328125,2928.59326171875,10220.8662109375
2019-10-22,5464.29833984375,1264.1678466796875,2338.81591796875,2779.567138671875,2465.8291015625,1857.5,3343.08251953125,4632.70556640625,2908.73828125,10243.28125
2019-10-23,5442.61474609375,1264.1678466796875,2357.3291015625,2806.4228515625,2556.152587890625,1857.5,3366.79248046875,4632.70556640625,2998.085205078125,10310.5234375
2019-10-24,5464.29833984375,1043.8961181640625,2357.3291015625,2886.990234375,2610.34619140625,1752.5,3437.921630859375,4769.970703125,3137.069091796875,10400.1806640625
2019-10-25,5377.56396484375,1045.8114013671875,2296.879150390625,2839.99267578125,2529.055419921875,1752.5,3382.598876953125,4667.021484375,3107.286865234375,10243.28125
2019-10-26,5377.56396484375,1045.8114013671875,2296.879150390625,2839.99267578125,2529.055419921875,1752.5,3382.598876953125,4667.021484375,3107.286865234375,10243.28125
2019-10-27,5377.56396484375,1045.8114013671875,2296.879150390625,2839.99267578125,2529.055419921875,1752.5,3382.598876953125,4667.021484375,3107.286865234375,10243.28125
2019-10-28,5381.90087890625,1045.8114013671875,2290.704833984375,2839.99267578125,2529.055419921875,1752.5,3366.79248046875,4735.65478515625,3087.43212890625,10489.8349609375
2019-10-29,5394.91064453125,1047.726806640625,2290.704833984375,2839.99267578125,2565.184814453125,1875.0,3422.115478515625,4787.12890625,3067.576904296875,10400.1806640625
2019-10-30,5433.94140625,1252.67529296875,2296.879150390625,2853.420654296875,2538.087646484375,1875.0,3374.69580078125,4769.970703125,3077.504638671875,10467.421875
2019-10-31,5455.62451171875,1053.4730224609375,2346.2744140625,2826.56494140625,2538.087646484375,1750.0,3248.2431640625,4769.970703125,3047.72265625,10422.5947265625
2019-11-01,5485.982421875,1072.627197265625,2309.22802734375,2806.4228515625,2520.02294921875,1782.5,3224.533447265625,4667.021484375,3047.72265625,10422.5947265625
2019-11-02,5485.982421875,1072.627197265625,2309.22802734375,2806.4228515625,2520.02294921875,1782.5,3224.533447265625,4667.021484375,3047.72265625,10422.5947265625
2019-11-03,5485.982421875,1072.627197265625,2309.22802734375,2806.4228515625,2520.02294921875,1782.5,3224.533447265625,4667.021484375,3047.72265625,10422.5947265625
2019-11-04,5442.61474609375,1015.1649780273438,2321.576904296875,2792.994873046875,2483.8935546875,1870.0,3279.856689453125,4598.388671875,3027.86767578125,10176.037109375
2019-11-05,5516.3388671875,1018.995849609375,2346.2744140625,2886.990234375,2601.31396484375,1870.0,3319.372802734375,4735.65478515625,3067.576904296875,10041.552734375
2019-11-06,5459.96142578125,1103.2735595703125,2303.0537109375,2792.994873046875,2520.02294921875,1870.0,3256.146728515625,4701.33740234375,2978.23046875,10063.9658203125
2019-11-07,5451.28857421875,1103.2735595703125,2309.22802734375,2685.572265625,2529.055419921875,1870.0,3216.63037109375,4615.54736328125,3017.93994140625,9682.92578125
2019-11-08,5446.95166015625,1103.2735595703125,2247.48388671875,2678.858154296875,2565.184814453125,1870.0,3248.2431640625,4546.91455078125,3047.72265625,10108.794921875
2019-11-09,5446.95166015625,1103.2735595703125,2247.48388671875,2678.858154296875,2565.184814453125,1870.0,3248.2431640625,4546.91455078125,3047.72265625,10108.794921875
2019-11-10,5446.95166015625,1103.2735595703125,2247.48388671875,2678.858154296875,2565.184814453125,1870.0,3248.2431640625,4546.91455078125,3047.72265625,10108.794921875
2019-11-11,5459.96142578125,888.7481689453125,2296.879150390625,2685.572265625,2547.1201171875,1840.0,3240.340087890625,4564.07177734375,2998.085205078125,10220.8662109375
2019-11-12,5433.94140625,1064.9656982421875,2333.92578125,2685.572265625,2538.087646484375,1622.5,3303.566162109375,4649.86279296875,3017.93994140625,10220.8662109375
2019-11-13,5446.95166015625,996.010986328125,2383.32080078125,2658.716552734375,2483.8935546875,1625.0,3279.856689453125,4615.54736328125,2918.66552734375,10288.1083984375
2019-11-14,5438.27880859375,927.0562744140625,2383.32080078125,2645.288330078125,2483.8935546875,1675.0,3200.82373046875,4512.59765625,2898.810791015625,10220.8662109375
2019-11-15,5442.61474609375,1018.995849609375,2401.84423828125,2745.99755859375,2510.99072265625,1675.0,3224.533447265625,4478.2822265625,2958.37548828125,10220.8662109375
2019-11-16,5442.61474609375,1018.995849609375,2401.84423828125,2745.99755859375,2510.99072265625,1675.0,3224.533447265625,4478.2822265625,2958.37548828125,10220.8662109375
2019-11-17,5442.61474609375,1018.995849609375,2401.84423828125,2745.99755859375,2510.99072265625,1675.0,3224.533447265625,4478.2822265625,2958.37548828125,10220.8662109375
2019-11-18,5446.95166015625,1210.5364990234375,2408.0185546875,2766.13916015625,2520.02294921875,1675.0,3161.307373046875,4529.75634765625,2948.4482421875,10220.8662109375
2019-11-19,5477.30859375,1156.905029296875,2333.92578125,2813.13671875,2583.249267578125,1675.0,3177.114013671875,4564.07177734375,3017.93994140625,10243.28125
2019-11-20,5507.66650390625,1200.959228515625,2327.75146484375,2833.278564453125,2565.184814453125,1675.0,3232.436767578125,4546.91455078125,3037.794921875,10243.28125
2019-11-21,5464.29833984375,1181.80517578125,2235.13525390625,2833.278564453125,2592.28173828125,1580.0,3177.114013671875,4529.75634765625,3057.649658203125,10220.8662109375
2019-11-22,5468.6357421875,1181.80517578125,2216.612060546875,2826.56494140625,2556.152587890625,1580.0,3200.82373046875,4546.91455078125,3037.794921875,10243.28125
2019-11-23,5468.6357421875,1181.80517578125,2216.612060546875,2826.56494140625,2556.152587890625,1580.0,3200.82373046875,4546.91455078125,3037.794921875,10243.28125
2019-11-24,5468.6357421875,1181.80517578125,2216.612060546875,2826.56494140625,2556.152587890625,1580.0,3200.82373046875,4546.91455078125,3037.794921875,10243.28125
2019-11-25,5442.61474609375,1181.80517578125,2228.9609375,2772.853515625,2520.02294921875,1302.5,3121.790771484375,4461.123046875,2978.23046875,10220.8662109375
2019-11-26,5451.28857421875,1149.243408203125,2247.48388671875,2786.281005859375,2501.95849609375,1305.0,3050.66162109375,4358.1748046875,2978.23046875,10198.4521484375
2019-11-27,5464.29833984375,1149.243408203125,2266.00732421875,2799.70849609375,2492.92578125,1442.5,3066.46826171875,4409.6484375,2968.302734375,10198.4521484375
2019-11-28,5420.93115234375,1149.243408203125,2284.5302734375,2719.141845703125,2447.7646484375,1435.0,3019.048583984375,4392.4921875,2938.5205078125,10153.6240234375
2019-11-29,5446.95166015625,1057.303955078125,2309.22802734375,2745.99755859375,2520.02294921875,1522.5,3105.984619140625,4461.123046875,2978.23046875,10153.6240234375
2019-11-30,5446.95166015625,1057.303955078125,2309.22802734375,2745.99755859375,2520.02294921875,1522.5,3105.984619140625,4461.123046875,2978.23046875,10153.6240234375
2019-12-01,5446.95166015625,1057.303955078125,2309.22802734375,2745.99755859375,2520.02294921875,1522.5,3105.984619140625,4461.123046875,2978.23046875,10153.6240234375
2019-12-02,5572.716796875,1057.303955078125,2321.576904296875,2826.56494140625,2565.184814453125,1522.5,3121.790771484375,4564.07177734375,2998.085205078125,10220.8662109375
2019-12-03,5529.349609375,1133.9200439453125,2346.2744140625,2799.70849609375,2592.28173828125,1522.5,3098.081298828125,4478.2822265625,2998.085205078125,10220.8662109375
2019-12-04,5520.67626953125,1133.9200439453125,2358.623291015625,2772.853515625,2556.152587890625,1522.5,3153.404296875,4495.43994140625,2948.4482421875,9951.8955078125
2019-12-05,5498.99169921875,1133.9200439453125,2395.669921875,2833.278564453125,2592.28173828125,1522.5,3208.726806640625,4598.388671875,2958.37548828125,10086.380859375
2019-12-06,5564.2490234375,1133.9200439453125,2420.36767578125,2799.70849609375,2592.28173828125,1522.5,3240.340087890625,4649.86279296875,3008.012451171875,10243.28125
2019-12-07,5564.2490234375,1133.9200439453125,2420.36767578125,2799.70849609375,2592.28173828125,1522.5,3240.340087890625,4649.86279296875,3008.012451171875,10243.28125
2019-12-08,5564.2490234375,1133.9200439453125,2420.36767578125,2799.70849609375,2592.28173828125,1522.5,3240.340087890625,4649.86279296875,3008.012451171875,10243.28125
2019-12-09,5564.2490234375,1133.9200439453125,2408.0185546875,2806.4228515625,2619.37890625,1522.5,3216.63037109375,4581.2314453125,3008.012451171875,10198.4521484375
2019-12-10,5538.146484375,1133.9200439453125,2408.0185546875,2799.70849609375,2664.54052734375,1522.5,3192.920654296875,4564.07177734375,3017.93994140625,10198.4521484375
2019-12-11,5551.19775390625,1133.9200439453125,2426.541748046875,2826.56494140625,2655.50830078125,1560.0,3200.82373046875,4495.43994140625,2988.15771484375,10265.6943359375
2019-12-12,5516.39453125,1133.9200439453125,2432.716064453125,2853.420654296875,2637.443359375,1512.5,3121.790771484375,4495.43994140625,2988.15771484375,10198.4521484375
2019-12-13,5533.79638671875,1110.935302734375,2445.065185546875,2873.56201171875,2664.54052734375,1495.0,3153.404296875,4701.33740234375,3037.794921875,10265.6943359375
2019-12-14,5533.79638671875,1110.935302734375,2445.065185546875,2873.56201171875,2664.54052734375,1495.0,3153.404296875,4701.33740234375,3037.794921875,10265.6943359375
2019-12-15,5533.79638671875,1110.935302734375,2445.065185546875,2873.56201171875,2664.54052734375,1495.0,3153.404296875,4701.33740234375,3037.794921875,10265.6943359375
2019-12-16,5533.79638671875,928.9717407226562,2451.239501953125,2907.1318359375,2655.50830078125,1495.0,3137.59765625,4787.12890625,3057.649658203125,10176.037109375
2019-12-17,5655.60888671875,1057.303955078125,2457.413818359375,2920.559814453125,2655.50830078125,1515.0,3145.500732421875,4769.970703125,3057.649658203125,10310.5234375
2019-12-18,5877.4833984375,1057.303955078125,2463.58837890625,2954.129150390625,2718.734619140625,1512.5,3153.404296875,4735.65478515625,3107.286865234375,10310.5234375
2019-12-19,5742.6181640625,1057.303955078125,2469.762451171875,2920.559814453125,2745.83154296875,1505.0,3082.274658203125,4701.33740234375,3107.286865234375,10243.28125
2019-12-20,5794.82470703125,1057.303955078125,2599.425537109375,2927.273681640625,2781.961181640625,1450.0,3177.114013671875,4752.8125,3097.359619140625,10332.9365234375
2019-12-21,5794.82470703125,1057.303955078125,2599.425537109375,2927.273681640625,2781.961181640625,1450.0,3177.114013671875,4752.8125,3097.359619140625,10332.9365234375
2019-12-22,5794.82470703125,1057.303955078125,2599.425537109375,2927.273681640625,2781.961181640625,1450.0,3177.114013671875,4752.8125,3097.359619140625,10332.9365234375
2019-12-23,5794.82470703125,1256.5062255859375,2587.076416015625,2987.698974609375,2790.993408203125,1450.0,3177.114013671875,4735.65478515625,3146.99658203125,10220.8662109375
2019-12-24,5794.82470703125,1256.5062255859375,2587.076416015625,2987.698974609375,2790.993408203125,1450.0,3177.114013671875,4735.65478515625,3146.99658203125,10220.8662109375
2019-12-25,5794.82470703125,1256.5062255859375,2587.076416015625,2987.698974609375,2790.993408203125,1450.0,3177.114013671875,4735.65478515625,3146.99658203125,10220.8662109375
2019-12-26,5812.22607421875,1256.5062255859375,2599.425537109375,2960.84326171875,2818.09033203125,1450.0,3161.307373046875,4718.49560546875,3156.923828125,10108.794921875
2019-12-27,5825.27783203125,1252.67529296875,2574.7275390625,2974.27099609375,2800.025634765625,1450.0,3153.404296875,4752.8125,3146.99658203125,10019.1376953125
2019-12-28,5825.27783203125,1252.67529296875,2574.7275390625,2974.27099609375,2800.025634765625,1450.0,3153.404296875,4752.8125,3146.99658203125,10019.1376953125
2019-12-29,5825.27783203125,1252.67529296875,2574.7275390625,2974.27099609375,2800.025634765625,1450.0,3153.404296875,4752.8125,3146.99658203125,10019.1376953125
2019-12-30,5816.576171875,1218.197998046875,2562.378662109375,2954.129150390625,2772.928466796875,1387.5,3137.59765625,4752.8125,3117.21435546875,9996.7236328125
2019-12-31,5816.576171875,1218.197998046875,2562.378662109375,2954.129150390625,2772.928466796875,1387.5,3137.59765625,4752.8125,3117.21435546875,9996.7236328125
2020-01-01,5816.576171875,1218.197998046875,2562.378662109375,2954.129150390625,2772.928466796875,1387.5,3137.59765625,4752.8125,3117.21435546875,9996.7236328125
2020-01-02,5820.92724609375,1218.197998046875,2537.68115234375,2960.84326171875,2800.025634765625,1435.0,3090.177734375,4718.49560546875,3087.43212890625,9996.7236328125
2020-01-03,5916.6376953125,1191.38232421875,2537.68115234375,2967.55712890625,2790.993408203125,1435.0,3145.500732421875,4769.970703125,3097.359619140625,10086.380859375
2020-01-04,5916.6376953125,1191.38232421875,2537.68115234375,2967.55712890625,2790.993408203125,1435.0,3145.500732421875,4769.970703125,3097.359619140625,10086.380859375
2020-01-05,5916.6376953125,1191.38232421875,2537.68115234375,2967.55712890625,2790.993408203125,1435.0,3145.500732421875,4769.970703125,3097.359619140625,10086.380859375
2020-01-06,5860.08154296875,1191.38232421875,2408.0185546875,2933.988037109375,2745.83154296875,1435.0,3129.694091796875,4632.70556640625,3027.86767578125,10310.5234375
2020-01-07,5864.431640625,1191.38232421875,2377.146484375,2954.129150390625,2745.83154296875,1435.0,3113.8876953125,4649.86279296875,2998.085205078125,10310.5234375
2020-01-08,5812.22607421875,1191.38232421875,2296.879150390625,2940.701416015625,2709.7021484375,1435.0,3082.274658203125,4649.86279296875,2948.4482421875,10355.3515625
2020-01-09,5864.431640625,1191.38232421875,2340.10009765625,2954.129150390625,2781.961181640625,1435.0,3129.694091796875,4718.49560546875,3057.649658203125,10332.9365234375
2020-01-10,5851.380859375,1206.7056884765625,2327.75146484375,2960.84326171875,2790.993408203125,1435.0,3145.500732421875,4684.1796875,3067.576904296875,10332.9365234375
2020-01-11,5851.380859375,1206.7056884765625,2327.75146484375,2960.84326171875,2790.993408203125,1435.0,3145.500732421875,4684.1796875,3067.576904296875,10332.9365234375
2020-01-12,5851.380859375,1206.7056884765625,2327.75146484375,2960.84326171875,2790.993408203125,1435.0,3145.500732421875,4684.1796875,3067.576904296875,10332.9365234375
2020-01-13,5868.78173828125,1179.889892578125,2327.75146484375,3027.982666015625,2790.993408203125,1435.0,3185.01708984375,4752.8125,3087.43212890625,10355.3515625
2020-01-14,5977.54443359375,1179.889892578125,2333.92578125,3068.26611328125,2800.025634765625,1435.0,3121.790771484375,4924.39404296875,3117.21435546875,10400.1806640625
2020-01-15,5947.0908203125,1179.889892578125,2333.92578125,3074.97998046875,2763.896240234375,1437.5,3066.46826171875,4941.55224609375,3047.72265625,10288.1083984375
2020-01-16,5960.1416015625,1179.889892578125,2346.2744140625,3068.26611328125,2727.76708984375,1437.5,3042.75830078125,4890.07861328125,3057.649658203125,10400.1806640625
2020-01-17,5981.89501953125,1164.566650390625,2358.623291015625,3108.5498046875,2790.993408203125,1437.5,3011.14501953125,4855.76123046875,3087.43212890625,10377.765625
2020-01-18,5981.89501953125,1164.566650390625,2358.623291015625,3108.5498046875,2790.993408203125,1437.5,3011.14501953125,4855.76123046875,3087.43212890625,10377.765625
2020-01-19,5981.89501953125,1164.566650390625,2358.623291015625,3108.5498046875,2790.993408203125,1437.5,3011.14501953125,4855.76123046875,3087.43212890625,10377.765625
2020-01-20,5947.0908203125,1164.566650390625,2377.146484375,3128.691650390625,2754.86376953125,1437.5,3011.14501953125,4804.287109375,2998.085205078125,10400.1806640625
2020-01-21,5942.740234375,1164.566650390625,2370.97216796875,3135.405517578125,2781.961181640625,1580.0,3074.37158203125,4821.44482421875,3008.012451171875,10489.8349609375
2020-01-22,5951.44189453125,1164.566650390625,2389.4951171875,3162.26123046875,2818.09033203125,1547.5,3050.66162109375,4804.287109375,3027.86767578125,10534.6640625
2020-01-23,5951.44189453125,1164.566650390625,2420.36767578125,3182.4033203125,2809.05810546875,1547.5,3066.46826171875,4838.603515625,3037.794921875,10489.8349609375
2020-01-24,5925.33935546875,1164.566650390625,2463.58837890625,3182.4033203125,2863.251953125,1547.5,3098.081298828125,4787.12890625,3057.649658203125,10489.8349609375
2020-01-25,5925.33935546875,1164.566650390625,2463.58837890625,3182.4033203125,2863.251953125,1547.5,3098.081298828125,4787.12890625,3057.649658203125,10489.8349609375
2020-01-26,5925.33935546875,1164.566650390625,2463.58837890625,3182.4033203125,2863.251953125,1547.5,3098.081298828125,4787.12890625,3057.649658203125,10489.8349609375
2020-01-27,5951.44189453125,1164.566650390625,2222.78662109375,3121.977783203125,2790.993408203125,1537.5,3034.855224609375,4615.54736328125,2958.37548828125,10445.0068359375
2020-01-28,5907.9365234375,1164.566650390625,2216.612060546875,3101.83544921875,2800.025634765625,1537.5,3026.95166015625,4684.1796875,2968.302734375,10422.5947265625
2020-01-29,5903.58642578125,1164.566650390625,2241.309814453125,3101.83544921875,2818.09033203125,1537.5,3082.274658203125,4684.1796875,2918.66552734375,10489.8349609375
2020-01-30,5864.431640625,1164.566650390625,2204.262939453125,3074.97998046875,2763.896240234375,1537.5,3050.66162109375,4546.91455078125,2878.9560546875,10422.5947265625
2020-01-31,5638.20751953125,1164.566650390625,2167.216796875,2994.41259765625,2727.76708984375,1537.5,3003.24169921875,4358.1748046875,2859.101318359375,10198.4521484375
2020-02-01,5638.20751953125,1164.566650390625,2167.216796875,2994.41259765625,2727.76708984375,1537.5,3003.24169921875,4358.1748046875,2859.101318359375,10198.4521484375
2020-02-02,5638.20751953125,1164.566650390625,2167.216796875,2994.41259765625,2727.76708984375,1537.5,3003.24169921875,4358.1748046875,2859.101318359375,10198.4521484375
2020-02-03,5603.4033203125,1164.566650390625,2161.04248046875,2994.41259765625,2709.7021484375,1277.5,2955.82275390625,4306.69970703125,2829.31884765625,10220.8662109375
2020-02-04,5742.6181640625,1164.566650390625,2161.04248046875,3061.5517578125,2718.734619140625,1277.5,2971.628662109375,4392.4921875,2918.66552734375,10400.1806640625
2020-02-05,5855.7314453125,1164.566650390625,2154.867919921875,3061.5517578125,2781.961181640625,1387.5,2979.5322265625,4392.4921875,2948.4482421875,10310.5234375
2020-02-06,5864.431640625,1164.566650390625,2154.867919921875,3054.838134765625,2781.961181640625,1372.5,2971.628662109375,4461.123046875,2918.66552734375,10310.5234375
2020-02-07,5881.833984375,1164.566650390625,2173.391357421875,3054.838134765625,2790.993408203125,1360.0,2995.339111328125,4392.4921875,2918.66552734375,10310.5234375
2020-02-08,5881.833984375,1164.566650390625,2173.391357421875,3054.838134765625,2790.993408203125,1360.0,2995.339111328125,4392.4921875,2918.66552734375,10310.5234375
2020-02-09,5881.833984375,1164.566650390625,2173.391357421875,3054.838134765625,2790.993408203125,1360.0,2995.339111328125,4392.4921875,2918.66552734375,10310.5234375
2020-02-10,5903.58642578125,1164.566650390625,2179.565673828125,3021.268798828125,2790.993408203125,1550.0,3011.14501953125,4255.2255859375,2908.73828125,10377.765625
2020-02-11,5899.2353515625,1164.566650390625,2204.262939453125,3027.982666015625,2809.05810546875,1550.0,2995.339111328125,4186.5927734375,2898.810791015625,10288.1083984375
2020-02-12,5916.6376953125,1164.566650390625,2228.9609375,3041.410400390625,2818.09033203125,1550.0,3019.048583984375,4100.8017578125,2888.88330078125,9638.0986328125
2020-02-13,5907.9365234375,1164.566650390625,2228.9609375,3068.26611328125,2836.155029296875,1550.0,2947.919189453125,4083.643798828125,2938.5205078125,9682.92578125
2020-02-14,5812.22607421875,1164.566650390625,2216.612060546875,3054.838134765625,2827.12255859375,1550.0,2876.7900390625,4186.5927734375,2988.15771484375,9660.51171875
2020-02-15,5812.22607421875,1164.566650390625,2216.612060546875,3054.838134765625,2827.12255859375,1550.0,2876.7900390625,4186.5927734375,2988.15771484375,9660.51171875
2020-02-16,5812.22607421875,1164.566650390625,2216.612060546875,3054.838134765625,2827.12255859375,1550.0,2876.7900390625,4186.5927734375,2988.15771484375,9660.51171875
2020-02-17,5847.02978515625,1164.566650390625,2185.73974609375,3001.126953125,2836.155029296875,1550.0,2853.079833984375,4186.5927734375,3027.86767578125,9727.7548828125
2020-02-18,5825.27783203125,1164.566650390625,2216.612060546875,2954.129150390625,2827.12255859375,1550.0,2860.983154296875,4186.5927734375,3057.649658203125,9727.7548828125
2020-02-19,5825.27783203125,1164.566650390625,2241.309814453125,3007.8408203125,2872.284423828125,1787.5,2860.983154296875,4289.5419921875,3087.43212890625,9862.23828125
2020-02-20,5738.26708984375,1164.566650390625,2235.13525390625,3061.5517578125,2890.34912109375,1787.5,2868.886474609375,4306.69970703125,3146.99658203125,10063.9658203125
2020-02-21,5755.6708984375,1164.566650390625,2235.13525390625,3027.982666015625,2854.219482421875,1787.5,2916.30615234375,4255.2255859375,3087.43212890625,9817.4111328125
2020-02-22,5755.6708984375,1164.566650390625,2235.13525390625,3027.982666015625,2854.219482421875,1787.5,2916.30615234375,4255.2255859375,3087.43212890625,9817.4111328125
2020-02-23,5755.6708984375,1164.566650390625,2235.13525390625,3027.982666015625,2854.219482421875,1787.5,2916.30615234375,4255.2255859375,3087.43212890625,9817.4111328125
2020-02-24,5677.361328125,1164.566650390625,2346.2744140625,3014.554443359375,2809.05810546875,1787.5,2876.7900390625,4186.5927734375,3008.012451171875,9884.6533203125
2020-02-25,5681.7119140625,1164.566650390625,2123.995849609375,3021.268798828125,2818.09033203125,1787.5,2837.273681640625,4272.38330078125,2978.23046875,9839.82421875
2020-02-26,5586.00244140625,1164.566650390625,2000.5078125,3007.8408203125,2763.896240234375,1787.5,2774.047119140625,4152.27587890625,2898.810791015625,9705.33984375
2020-02-27,5472.88916015625,1164.566650390625,1932.5892333984375,2881.021728515625,2655.50830078125,1787.5,2742.434326171875,4083.643798828125,2809.464111328125,9458.7841796875
2020-02-28,5472.88916015625,1164.566650390625,1975.81005859375,2922.876953125,2761.14990234375,1787.5,2758.24072265625,3791.954833984375,2789.60888671875,9212.2275390625
2020-02-29,5472.88916015625,1164.566650390625,1975.81005859375,2922.876953125,2761.14990234375,1787.5,2758.24072265625,3791.954833984375,2789.60888671875,9212.2275390625
2020-03-01,5472.88916015625,1164.566650390625,1975.81005859375,2922.876953125,2761.14990234375,1787.5,2758.24072265625,3791.954833984375,2789.60888671875,9212.2275390625
2020-03-02,5290.16943359375,1164.566650390625,1951.1124267578125,2776.38427734375,2637.799560546875,1787.5,2718.724365234375,3912.062255859375,2761.47900390625,9100.158203125
2020-03-03,5498.9921875,1164.566650390625,1920.240478515625,2860.09423828125,2732.68408203125,1787.5,2860.983154296875,4049.328125,2781.934814453125,9817.4111328125
2020-03-04,5603.4033203125,1164.566650390625,1926.4149169921875,2943.803955078125,2837.0576171875,1787.5,3026.95166015625,4100.8017578125,2843.30078125,9817.4111328125
2020-03-05,5599.0537109375,1164.566650390625,1901.7171630859375,2894.97314453125,2884.5,1787.5,3026.95166015625,4152.27587890625,2792.162109375,9817.4111328125
2020-03-06,5394.5810546875,1164.566650390625,1901.7171630859375,2797.311767578125,2751.661376953125,1787.5,2963.725830078125,3894.904296875,2618.29150390625,9817.4111328125
2020-03-07,5394.5810546875,1164.566650390625,1901.7171630859375,2797.311767578125,2751.661376953125,1787.5,2963.725830078125,3894.904296875,2618.29150390625,9817.4111328125
2020-03-08,5394.5810546875,1164.566650390625,1901.7171630859375,2797.311767578125,2751.661376953125,1787.5,2963.725830078125,3894.904296875,2618.29150390625,9817.4111328125
2020-03-09,5033.4921875,1164.566650390625,1852.3218994140625,2615.93994140625,2495.472412109375,1787.5,2766.143798828125,3448.79150390625,2311.460205078125,9301.8837890625
2020-03-10,5155.3056640625,1164.566650390625,1901.7171630859375,2727.55322265625,2609.333984375,1787.5,2758.24072265625,3534.582763671875,2321.68798828125,9660.51171875
2020-03-11,5090.0478515625,1164.566650390625,1895.542724609375,2727.55322265625,2590.35693359375,1787.5,2687.111083984375,3517.425048828125,2260.32177734375,9817.4111328125
2020-03-12,4837.7216796875,1164.566650390625,1722.659423828125,2518.27783203125,2438.541259765625,1787.5,2615.98193359375,3369.864013671875,2055.76806640625,9436.369140625
2020-03-13,4837.7216796875,1164.566650390625,1722.659423828125,2595.011962890625,2410.075927734375,1787.5,2615.98193359375,3369.864013671875,2055.76806640625,9839.82421875
2020-03-14,4837.7216796875,1164.566650390625,1722.659423828125,2595.011962890625,2410.075927734375,1787.5,2615.98193359375,3369.864013671875,2055.76806640625,9839.82421875
2020-03-15,4837.7216796875,1164.566650390625,1722.659423828125,2595.011962890625,2410.075927734375,1787.5,2615.98193359375,3369.864013671875,2055.76806640625,9839.82421875
2020-03-16,4837.7216796875,1164.566650390625,1722.659423828125,2441.543701171875,2410.075927734375,1787.5,2497.432861328125,3150.23974609375,1980.0828857421875,9324.298828125
2020-03-17,4454.88037109375,1164.566650390625,1494.2064208984375,2274.12353515625,2096.955810546875,1787.5,2323.56103515625,2930.614990234375,1845.077392578125,8741.5302734375
2020-03-18,4350.46826171875,1164.566650390625,1543.6016845703125,2190.41357421875,1954.62841796875,1787.5,2220.818603515625,2848.255615234375,1718.2537841796875,8360.4892578125
2020-03-19,4045.935302734375,1164.566650390625,1438.63671875,2043.9208984375,1817.994140625,1975.0,2070.65625,2649.221435546875,1599.6124267578125,7934.619140625
2020-03-20,4119.8935546875,1164.566650390625,1568.29931640625,1960.21044921875,1692.7462158203125,1975.0,2276.140869140625,2594.31494140625,1489.1531982421875,8046.6904296875
2020-03-21,4119.8935546875,1164.566650390625,1568.29931640625,1960.21044921875,1692.7462158203125,1975.0,2276.140869140625,2594.31494140625,1489.1531982421875,8046.6904296875
2020-03-22,4119.8935546875,1164.566650390625,1568.29931640625,1960.21044921875,1692.7462158203125,1975.0,2276.140869140625,2594.31494140625,1489.1531982421875,8046.6904296875
2020-03-23,3854.515625,1164.566650390625,1463.3343505859375,1827.670166015625,1575.0888671875,1975.0,2118.075927734375,2415.869873046875,1386.876220703125,7486.3359375
2020-03-24,3915.421875,1164.566650390625,1469.5086669921875,1702.104736328125,1465.0224609375,1975.0,2070.65625,2251.15185546875,1292.7813720703125,7441.5078125
2020-03-25,3915.421875,1164.566650390625,1469.5086669921875,1702.104736328125,1465.0224609375,1975.0,2070.65625,2251.15185546875,1292.7813720703125,7441.5078125
2020-03-26,4594.095703125,1164.566650390625,1481.8575439453125,2050.896484375,1696.541748046875,1975.0,2355.174072265625,2484.5029296875,1468.6978759765625,8517.3876953125
2020-03-27,4794.216796875,1164.566650390625,1383.0670166015625,2253.196044921875,1874.925048828125,1975.0,2442.110107421875,2800.213134765625,1632.3409423828125,8943.2587890625
2020-03-28,4794.216796875,1164.566650390625,1383.0670166015625,2253.196044921875,1874.925048828125,1975.0,2442.110107421875,2800.213134765625,1632.3409423828125,8943.2587890625
2020-03-29,4794.216796875,1164.566650390625,1383.0670166015625,2253.196044921875,1874.925048828125,1975.0,2442.110107421875,2800.213134765625,1632.3409423828125,8943.2587890625
2020-03-30,4781.1650390625,1164.566650390625,1333.671875,2099.727783203125,1745.8817138671875,1975.0,2481.626220703125,2608.04150390625,1521.8819580078125,8651.873046875
2020-03-31,4807.26708984375,1110.935302734375,1296.6253662109375,2106.70361328125,1776.244873046875,1975.0,2497.432861328125,2676.674072265625,1562.792724609375,9167.3994140625
2020-04-01,4768.11376953125,1110.935302734375,1296.6253662109375,2043.9208984375,1749.67724609375,1975.0,2450.012939453125,2587.451904296875,1505.517578125,9100.158203125
2020-04-02,4707.20703125,1110.935302734375,1413.9390869140625,2002.065673828125,1802.8126220703125,1975.0,2473.72314453125,2697.263916015625,1575.0660400390625,9144.9853515625
2020-04-03,4781.1650390625,1110.935302734375,1691.7874755859375,2016.0177001953125,1907.18603515625,1975.0,2529.0458984375,2676.674072265625,1640.523193359375,8965.6708984375
2020-04-04,4781.1650390625,1110.935302734375,1691.7874755859375,2016.0177001953125,1907.18603515625,1975.0,2529.0458984375,2676.674072265625,1640.523193359375,8965.6708984375
2020-04-05,4781.1650390625,1110.935302734375,1691.7874755859375,2016.0177001953125,1907.18603515625,1975.0,2529.0458984375,2676.674072265625,1640.523193359375,8965.6708984375
2020-04-06,4989.98779296875,1110.935302734375,1802.9267578125,2106.70361328125,1973.60546875,1975.0,2631.78857421875,2765.896728515625,1755.0736083984375,9189.8134765625
2020-04-07,4920.38037109375,1110.935302734375,1784.4034423828125,2113.678955078125,1945.139892578125,1975.0,2544.8525390625,2786.486572265625,1763.2554931640625,9032.9150390625
2020-04-08,4902.97802734375,1110.935302734375,1796.7523193359375,1967.186279296875,1810.403564453125,1975.0,2457.91650390625,2642.357666015625,1640.523193359375,8607.044921875
2020-04-09,4868.17431640625,1110.935302734375,1821.4500732421875,1946.259033203125,1772.449462890625,1975.0,2465.81982421875,2807.076171875,1632.3409423828125,9055.3291015625
2020-04-10,4868.17431640625,1110.935302734375,1821.4500732421875,1946.259033203125,1772.449462890625,1975.0,2465.81982421875,2807.076171875,1632.3409423828125,9055.3291015625
2020-04-11,4868.17431640625,1110.935302734375,1821.4500732421875,1946.259033203125,1772.449462890625,1975.0,2465.81982421875,2807.076171875,1632.3409423828125,9055.3291015625
2020-04-12,4868.17431640625,1110.935302734375,1821.4500732421875,1946.259033203125,1772.449462890625,1975.0,2465.81982421875,2807.076171875,1632.3409423828125,9055.3291015625
2020-04-13,4785.51513671875,1110.935302734375,1839.9730224609375,1932.3076171875,1696.541748046875,1975.0,2513.239501953125,2717.853515625,1632.3409423828125,9144.9853515625
2020-04-14,4798.56689453125,1110.935302734375,1864.6707763671875,2022.9931640625,1734.49560546875,1975.0,2560.658935546875,2717.853515625,1697.79833984375,9279.4697265625
2020-04-15,4772.46484375,1110.935302734375,1877.0196533203125,1925.3316650390625,1669.9737548828125,1975.0,2457.91650390625,2621.767822265625,1718.2537841796875,9122.5703125
2020-04-16,4559.291015625,1110.935302734375,1901.7171630859375,1820.6939697265625,1597.861328125,2125.0,2370.98046875,2484.5029296875,1628.2498779296875,8876.015625
2020-04-17,4720.25927734375,1110.935302734375,1951.1124267578125,1974.1624755859375,1662.383056640625,2125.0,2552.755859375,2608.04150390625,1701.889404296875,9144.9853515625
2020-04-18,4720.25927734375,1110.935302734375,1951.1124267578125,1974.1624755859375,1662.383056640625,2125.0,2552.755859375,2608.04150390625,1701.889404296875,9144.9853515625
2020-04-19,4720.25927734375,1110.935302734375,1951.1124267578125,1974.1624755859375,1662.383056640625,2125.0,2552.755859375,2608.04150390625,1701.889404296875,9144.9853515625
2020-04-20,4659.3515625,1110.935302734375,1932.5892333984375,1939.283203125,1658.5877685546875,2125.0,2465.81982421875,2553.13525390625,1677.343017578125,9032.9150390625
2020-04-21,4567.2978515625,1110.935302734375,1944.9381103515625,1897.4281005859375,1650.996826171875,2125.0,2426.303466796875,2498.22900390625,1648.705322265625,8943.2587890625
2020-04-22,4554.021484375,1110.935302734375,2099.298095703125,1946.259033203125,1704.1324462890625,2125.0,2497.432861328125,2498.22900390625,1644.614501953125,8988.0869140625
2020-04-23,4531.89208984375,1110.935302734375,2123.995849609375,1953.23486328125,1707.927734375,2125.0,2426.303466796875,2580.58837890625,1644.614501953125,9100.158203125
2020-04-24,4354.865234375,1110.935302734375,2136.3447265625,1834.6455078125,1624.4290771484375,2125.0,2442.110107421875,2491.365966796875,1554.6107177734375,8876.015625
2020-04-25,4354.865234375,1110.935302734375,2136.3447265625,1834.6455078125,1624.4290771484375,2125.0,2442.110107421875,2491.365966796875,1554.6107177734375,8876.015625
2020-04-26,4354.865234375,1110.935302734375,2136.3447265625,1834.6455078125,1624.4290771484375,2125.0,2442.110107421875,2491.365966796875,1554.6107177734375,8876.015625
2020-04-27,4390.27099609375,1110.935302734375,2130.17041015625,1855.5732421875,1575.0888671875,2125.0,2489.529296875,2546.272216796875,1554.6107177734375,8898.4296875
2020-04-28,4275.203125,1110.935302734375,2179.565673828125,1806.742431640625,1575.0888671875,2125.0,2497.432861328125,2566.86181640625,1562.792724609375,8988.0869140625
2020-04-29,4292.90576171875,1110.935302734375,2191.914306640625,1799.766357421875,1518.157958984375,2125.0,2647.594970703125,2532.54541015625,1538.2462158203125,8965.6708984375
2020-04-30,4576.14990234375,1110.935302734375,2216.612060546875,1904.404296875,1692.7462158203125,2125.0,2766.143798828125,2642.357666015625,1677.343017578125,8853.6015625
2020-05-01,4576.14990234375,1110.935302734375,2216.612060546875,1904.404296875,1692.7462158203125,2125.0,2766.143798828125,2642.357666015625,1677.343017578125,8853.6015625
2020-05-02,4576.14990234375,1110.935302734375,2216.612060546875,1904.404296875,1692.7462158203125,2125.0,2766.143798828125,2642.357666015625,1677.343017578125,8853.6015625
2020-05-03,4576.14990234375,1110.935302734375,2216.612060546875,1904.404296875,1692.7462158203125,2125.0,2766.143798828125,2642.357666015625,1677.343017578125,8853.6015625
2020-05-04,4620.40625,1110.935302734375,2130.17041015625,1834.6455078125,1628.2244873046875,2125.0,2623.88525390625,2477.6396484375,1603.70361328125,8696.701171875
2020-05-05,4677.93994140625,1110.935302734375,2099.298095703125,1834.6455078125,1601.6566162109375,2125.0,2623.88525390625,2477.6396484375,1570.974853515625,8741.5302734375
2020-05-06,4739.8994140625,1110.935302734375,2012.8565673828125,1827.670166015625,1578.8843994140625,2125.0,2560.658935546875,2498.22900390625,1566.8837890625,8674.2880859375
2020-05-07,4739.8994140625,1110.935302734375,2012.8565673828125,1827.670166015625,1578.8843994140625,2125.0,2560.658935546875,2498.22900390625,1566.8837890625,8674.2880859375
2020-05-08,4642.5341796875,1110.935302734375,1975.81005859375,1806.742431640625,1594.06591796875,2125.0,2521.142822265625,2566.86181640625,1554.6107177734375,8629.458984375
2020-05-09,4642.5341796875,1110.935302734375,1975.81005859375,1806.742431640625,1594.06591796875,2125.0,2521.142822265625,2566.86181640625,1554.6107177734375,8629.458984375
2020-05-10,4642.5341796875,1110.935302734375,1975.81005859375,1806.742431640625,1594.06591796875,2125.0,2521.142822265625,2566.86181640625,1554.6107177734375,8629.458984375
2020-05-11,4686.791015625,1110.935302734375,1839.9730224609375,1827.670166015625,1605.4521484375,2125.0,2544.8525390625,2690.40087890625,1554.6107177734375,8741.5302734375
2020-05-12,4620.40625,1110.935302734375,1796.7523193359375,1736.9837646484375,1521.953369140625,2125.0,2489.529296875,2621.767822265625,1497.3353271484375,8741.5302734375
2020-05-13,4523.041015625,1110.935302734375,1728.8338623046875,1723.0322265625,1521.953369140625,2125.0,2497.432861328125,2559.99853515625,1521.8819580078125,8651.873046875
2020-05-14,4354.865234375,1110.935302734375,1654.740966796875,1639.322021484375,1499.1810302734375,2125.0,2426.303466796875,2450.18603515625,1448.242431640625,8719.1162109375
2020-05-15,4235.37255859375,1110.935302734375,1617.6944580078125,1562.5880126953125,1427.068603515625,2125.0,2450.012939453125,2546.272216796875,1366.4207763671875,8696.701171875
2020-05-16,4235.37255859375,1110.935302734375,1617.6944580078125,1562.5880126953125,1427.068603515625,2125.0,2450.012939453125,2546.272216796875,1366.4207763671875,8696.701171875
2020-05-17,4235.37255859375,1110.935302734375,1617.6944580078125,1562.5880126953125,1427.068603515625,2125.0,2450.012939453125,2546.272216796875,1366.4207763671875,8696.701171875
2020-05-18,4217.66943359375,1110.935302734375,1568.29931640625,1513.75732421875,1411.886962890625,2125.0,2544.8525390625,2683.537353515625,1362.329833984375,8719.1162109375
2020-05-19,4142.43310546875,1110.935302734375,1617.6944580078125,1653.2740478515625,1465.0224609375,2125.0,2584.368896484375,2710.99072265625,1440.060302734375,8876.015625
2020-05-20,4217.66943359375,1110.935302734375,1710.3106689453125,1730.00830078125,1544.725830078125,2097.5,2513.239501953125,2724.716796875,1472.7890625,8607.044921875
2020-05-21,4217.66943359375,1110.935302734375,1710.3106689453125,1730.00830078125,1544.725830078125,2097.5,2513.239501953125,2724.716796875,1472.7890625,8607.044921875
2020-05-22,4217.66943359375,1110.935302734375,1710.3106689453125,1730.00830078125,1544.725830078125,2097.5,2513.239501953125,2724.716796875,1472.7890625,8607.044921875
2020-05-23,4217.66943359375,1110.935302734375,1710.3106689453125,1730.00830078125,1544.725830078125,2097.5,2513.239501953125,2724.716796875,1472.7890625,8607.044921875
2020-05-24,4217.66943359375,1110.935302734375,1710.3106689453125,1730.00830078125,1544.725830078125,2097.5,2513.239501953125,2724.716796875,1472.7890625,8607.044921875
2020-05-25,4217.66943359375,1110.935302734375,1710.3106689453125,1730.00830078125,1544.725830078125,2097.5,2513.239501953125,2724.716796875,1472.7890625,8607.044921875
2020-05-26,4399.1220703125,1110.935302734375,1765.88037109375,1757.9117431640625,1556.112060546875,2097.5,2568.56201171875,2971.795166015625,1485.0621337890625,8024.2763671875
2020-05-27,4394.6962890625,1110.935302734375,1759.7059326171875,1834.6455078125,1559.9072265625,2097.5,2505.3359375,2985.521240234375,1485.0621337890625,7463.921875
2020-05-28,4686.791015625,1110.935302734375,1802.9267578125,1904.404296875,1628.2244873046875,2097.5,2473.72314453125,3115.92333984375,1497.3353271484375,7463.921875
2020-05-29,4593.85107421875,1107.1044921875,1809.10107421875,2057.872802734375,1696.541748046875,1952.5,2489.529296875,3273.7783203125,1566.8837890625,7307.0224609375
2020-05-30,4593.85107421875,1107.1044921875,1809.10107421875,2057.872802734375,1696.541748046875,1952.5,2489.529296875,3273.7783203125,1566.8837890625,7307.0224609375
2020-05-31,4593.85107421875,1107.1044921875,1809.10107421875,2057.872802734375,1696.541748046875,1952.5,2489.529296875,3273.7783203125,1566.8837890625,7307.0224609375
2020-06-01,4593.85107421875,1107.1044921875,1809.10107421875,2057.872802734375,1696.541748046875,1952.5,2489.529296875,3273.7783203125,1566.8837890625,7307.0224609375
2020-06-02,4744.32421875,1107.1044921875,1827.6243896484375,2218.31689453125,1753.4725341796875,1952.5,2568.56201171875,3246.32568359375,1624.158935546875,7598.40625
2020-06-03,5116.08154296875,1107.1044921875,1802.9267578125,2162.510498046875,1844.56201171875,1952.5,2600.175048828125,3356.13818359375,1689.6160888671875,7620.82080078125
2020-06-04,5124.9326171875,1030.48828125,1809.10107421875,2134.606689453125,1795.221923828125,1952.5,2608.078369140625,3266.914794921875,1693.7073974609375,7620.82080078125
2020-06-05,5067.39892578125,1030.48828125,1772.0548095703125,2169.48583984375,1840.7664794921875,1952.5,2552.755859375,3431.63427734375,1738.709228515625,7732.892578125
2020-06-06,5067.39892578125,1030.48828125,1772.0548095703125,2169.48583984375,1840.7664794921875,1952.5,2552.755859375,3431.63427734375,1738.709228515625,7732.892578125
2020-06-07,5067.39892578125,1030.48828125,1772.0548095703125,2169.48583984375,1840.7664794921875,1952.5,2552.755859375,3431.63427734375,1738.709228515625,7732.892578125
2020-06-08,5222.298828125,1030.48828125,1716.4849853515625,2302.02734375,1992.5821533203125,1952.5,2552.755859375,3448.79150390625,1975.9918212890625,7867.37646484375
2020-06-09,5138.2099609375,1030.48828125,1747.357177734375,2239.244384765625,2002.070556640625,1952.5,2481.626220703125,3431.63427734375,1988.26513671875,7979.44775390625
2020-06-10,5133.78466796875,1030.48828125,1716.4849853515625,2113.678955078125,1863.5390625,1915.0,2457.91650390625,3328.6845703125,1849.168212890625,7755.30615234375
2020-06-11,5027.568359375,1030.48828125,1728.8338623046875,2071.82421875,1780.0401611328125,1895.0,2434.206787109375,3225.735595703125,1722.3447265625,7710.47705078125
2020-06-12,5018.716796875,1030.48828125,1660.915283203125,2113.678955078125,1855.947998046875,2197.5,2394.690185546875,3287.504638671875,1828.712890625,7710.47705078125
2020-06-13,5018.716796875,1030.48828125,1660.915283203125,2113.678955078125,1855.947998046875,2197.5,2394.690185546875,3287.504638671875,1828.712890625,7710.47705078125
2020-06-14,5018.716796875,1030.48828125,1660.915283203125,2113.678955078125,1855.947998046875,2197.5,2394.690185546875,3287.504638671875,1828.712890625,7710.47705078125
2020-06-15,4868.2431640625,1030.48828125,1630.04345703125,2022.9931640625,1791.4263916015625,2197.5,2442.110107421875,3253.188720703125,1718.2537841796875,7800.13427734375
2020-06-16,5098.37939453125,1030.48828125,1704.13623046875,2183.437744140625,1907.18603515625,2197.5,2529.0458984375,3411.043701171875,1885.9879150390625,7957.03466796875
2020-06-17,5062.97314453125,1030.48828125,1691.7874755859375,2162.510498046875,1859.74365234375,2187.5,2536.94921875,3411.043701171875,1861.4415283203125,8024.2763671875
2020-06-18,4943.48046875,1030.48828125,1673.26416015625,2127.630859375,1829.3804931640625,2187.5,2592.27197265625,3294.3681640625,1840.986328125,7844.962890625
2020-06-19,4934.62890625,1030.48828125,1679.438720703125,2162.510498046875,1852.1527099609375,2187.5,2592.27197265625,3356.13818359375,1832.803955078125,8001.86181640625
2020-06-20,4934.62890625,1030.48828125,1679.438720703125,2162.510498046875,1852.1527099609375,2187.5,2592.27197265625,3356.13818359375,1832.803955078125,8001.86181640625
2020-06-21,4934.62890625,1030.48828125,1679.438720703125,2162.510498046875,1852.1527099609375,2187.5,2592.27197265625,3356.13818359375,1832.803955078125,8001.86181640625
2020-06-22,4903.64990234375,959.6182250976562,1691.7874755859375,2134.606689453125,1825.5849609375,2067.5,2529.0458984375,3356.13818359375,1828.712890625,8158.76123046875
2020-06-23,4974.4599609375,965.3643798828125,1667.0897216796875,2099.727783203125,1817.994140625,1925.0,2473.72314453125,3363.000732421875,1791.8931884765625,8001.86181640625
2020-06-24,5049.69677734375,965.3643798828125,1642.3922119140625,2176.4619140625,1954.62841796875,1895.0,2513.239501953125,3431.63427734375,1939.1722412109375,8136.34765625
2020-06-25,5067.39892578125,961.5336303710938,1617.6944580078125,2134.606689453125,1907.18603515625,2017.5,2497.432861328125,3472.0224609375,1861.4415283203125,8046.6904296875
2020-06-26,4996.58837890625,961.5336303710938,1599.17138671875,2113.678955078125,1897.6976318359375,2017.5,2521.142822265625,3472.0224609375,1873.7147216796875,8270.83203125
2020-06-27,4996.58837890625,961.5336303710938,1599.17138671875,2113.678955078125,1897.6976318359375,2017.5,2521.142822265625,3472.0224609375,1873.7147216796875,8270.83203125
2020-06-28,4996.58837890625,961.5336303710938,1599.17138671875,2113.678955078125,1897.6976318359375,2017.5,2521.142822265625,3472.0224609375,1873.7147216796875,8270.83203125
2020-06-29,5023.142578125,959.6182250976562,1592.996826171875,2120.655029296875,1874.925048828125,2017.5,2513.239501953125,3401.164794921875,1877.8057861328125,8427.7314453125
2020-06-30,5040.84521484375,959.6182250976562,1623.8690185546875,2113.678955078125,1878.720703125,1942.5,2533.229736328125,3401.164794921875,1873.7147216796875,8382.90234375
2020-07-01,5133.78466796875,955.787353515625,1623.8690185546875,2134.606689453125,1893.90234375,1940.0,2524.923828125,3408.25048828125,1857.3505859375,8248.4189453125
2020-07-02,5195.744140625,955.787353515625,1685.613037109375,2134.606689453125,1897.6976318359375,1950.0,2607.98046875,3450.764892578125,1877.8057861328125,8562.216796875
2020-07-03,5195.744140625,1072.627197265625,1697.9617919921875,2127.630859375,1897.6976318359375,2240.0,2591.369140625,3436.593505859375,1865.53271484375,8450.1455078125
2020-07-04,5195.744140625,1072.627197265625,1697.9617919921875,2127.630859375,1897.6976318359375,2240.0,2591.369140625,3436.593505859375,1865.53271484375,8450.1455078125
2020-07-05,5195.744140625,1072.627197265625,1697.9617919921875,2127.630859375,1897.6976318359375,2240.0,2591.369140625,3436.593505859375,1865.53271484375,8450.1455078125
2020-07-06,5253.27734375,1064.9656982421875,1660.915283203125,2120.655029296875,1926.162841796875,2240.0,2533.229736328125,3429.508056640625,1885.9879150390625,8450.1455078125
2020-07-07,5301.9599609375,1064.9656982421875,1673.26416015625,2113.678955078125,1916.6744384765625,2227.5,2591.369140625,3422.421875,1881.8968505859375,8517.3876953125
2020-07-08,5487.8388671875,992.1801147460938,1667.0897216796875,2225.292724609375,2002.070556640625,2227.5,2616.2861328125,3479.107421875,1963.7186279296875,8472.5595703125
2020-07-09,5399.32568359375,950.0411376953125,1636.2177734375,2190.41357421875,1992.5821533203125,2187.5,2583.063720703125,3472.0224609375,1935.0810546875,8382.90234375
2020-07-10,5487.8388671875,986.4339599609375,1642.3922119140625,2169.48583984375,1964.1170654296875,2125.0,2583.063720703125,3422.421875,1910.534423828125,8270.83203125
2020-07-11,5487.8388671875,986.4339599609375,1642.3922119140625,2169.48583984375,1964.1170654296875,2125.0,2583.063720703125,3422.421875,1910.534423828125,8270.83203125
2020-07-12,5487.8388671875,986.4339599609375,1642.3922119140625,2169.48583984375,1964.1170654296875,2125.0,2583.063720703125,3422.421875,1910.534423828125,8270.83203125
2020-07-13,5465.71044921875,980.687744140625,1660.915283203125,2204.364990234375,1992.5821533203125,2125.0,2566.4521484375,3472.0224609375,1943.2630615234375,8293.2470703125
2020-07-14,5487.8388671875,973.0260009765625,1697.9617919921875,2211.3408203125,2011.5594482421875,2125.0,2558.146728515625,3507.45166015625,1930.9898681640625,8472.5595703125
2020-07-15,5443.58203125,905.9868774414062,1735.00830078125,2183.437744140625,2002.070556640625,2125.0,2566.4521484375,3649.166259765625,1926.89892578125,8472.5595703125
2020-07-16,5470.13623046875,904.0714721679688,1741.1827392578125,2190.41357421875,2002.070556640625,2125.0,2574.758056640625,3720.02392578125,1922.8079833984375,8584.630859375
2020-07-17,5417.02783203125,965.3643798828125,1753.531494140625,2162.510498046875,1964.1170654296875,2087.5,2541.535400390625,3684.59521484375,1910.534423828125,8315.6611328125
2020-07-18,5417.02783203125,965.3643798828125,1753.531494140625,2162.510498046875,1964.1170654296875,2087.5,2541.535400390625,3684.59521484375,1910.534423828125,8315.6611328125
2020-07-19,5417.02783203125,965.3643798828125,1753.531494140625,2162.510498046875,1964.1170654296875,2087.5,2541.535400390625,3684.59521484375,1910.534423828125,8315.6611328125
2020-07-20,5434.73046875,965.3643798828125,1753.531494140625,2127.630859375,1935.6514892578125,2087.5,2541.535400390625,3613.738037109375,1857.3505859375,8360.4892578125
2020-07-21,5487.8388671875,1034.319091796875,1772.0548095703125,2197.389404296875,2011.5594482421875,2087.5,2541.535400390625,3808.596435546875,1914.6256103515625,8360.4892578125
2020-07-22,5470.13623046875,1034.319091796875,1778.22900390625,2162.510498046875,2059.001708984375,2087.5,2549.8408203125,3755.452880859375,1910.534423828125,8405.318359375
2020-07-23,5487.8388671875,1032.4036865234375,1790.577880859375,2190.41357421875,2163.375,2087.5,2549.8408203125,3666.88134765625,1926.89892578125,8427.7314453125
2020-07-24,5399.32568359375,1041.9808349609375,1839.9730224609375,2155.534423828125,2125.42138671875,2087.5,2508.312744140625,3578.30859375,1885.9879150390625,8418.5556640625
2020-07-25,5399.32568359375,1041.9808349609375,1839.9730224609375,2155.534423828125,2125.42138671875,2087.5,2508.312744140625,3578.30859375,1885.9879150390625,8418.5556640625
2020-07-26,5399.32568359375,1041.9808349609375,1839.9730224609375,2155.534423828125,2125.42138671875,2087.5,2508.312744140625,3578.30859375,1885.9879150390625,8418.5556640625
2020-07-27,5399.32568359375,978.7723388671875,1716.4849853515625,2197.389404296875,2229.79443359375,2087.5,2524.923828125,3631.45166015625,1902.35205078125,8257.984375
2020-07-28,5474.5615234375,980.687744140625,1679.438720703125,2190.41357421875,2220.305908203125,2087.5,2508.312744140625,3666.88134765625,1914.6256103515625,8303.8623046875
2020-07-29,5430.30419921875,1001.757080078125,1753.531494140625,2176.4619140625,2163.375,2087.5,2491.701171875,3596.02294921875,1877.8057861328125,8372.6787109375
2020-07-30,5523.244140625,1013.2496948242188,1809.10107421875,2204.364990234375,2201.329345703125,2087.5,2533.229736328125,3649.166259765625,1881.8968505859375,8441.4951171875
2020-07-31,5523.244140625,1013.2496948242188,1809.10107421875,2204.364990234375,2201.329345703125,2087.5,2533.229736328125,3649.166259765625,1881.8968505859375,8441.4951171875
2020-08-01,5523.244140625,1013.2496948242188,1809.10107421875,2204.364990234375,2201.329345703125,2087.5,2533.229736328125,3649.166259765625,1881.8968505859375,8441.4951171875
2020-08-02,5523.244140625,1013.2496948242188,1809.10107421875,2204.364990234375,2201.329345703125,2087.5,2533.229736328125,3649.166259765625,1881.8968505859375,8441.4951171875
2020-08-03,5425.87939453125,1011.3342895507812,1821.4500732421875,2085.77587890625,2087.467041015625,2087.5,2425.256103515625,3457.8505859375,1816.4395751953125,8533.2509765625
2020-08-04,5496.68994140625,1034.319091796875,1821.4500732421875,2148.558349609375,2115.9326171875,2087.5,2450.1728515625,3514.536865234375,1865.53271484375,9198.4775390625
2020-08-05,5492.26318359375,1072.627197265625,1809.10107421875,2148.558349609375,2163.375,2087.5,2508.312744140625,3578.30859375,1894.170166015625,9680.1923828125
2020-08-06,5540.9462890625,1072.627197265625,1821.4500732421875,2169.48583984375,2191.840576171875,2087.5,2508.312744140625,3702.31005859375,1898.26123046875,9473.7431640625
2020-08-07,5470.13623046875,1011.3342895507812,1815.275634765625,2169.48583984375,2201.329345703125,2050.0,2475.08984375,3737.738525390625,1890.0791015625,9336.1083984375
2020-08-08,5470.13623046875,1011.3342895507812,1815.275634765625,2169.48583984375,2201.329345703125,2050.0,2475.08984375,3737.738525390625,1890.0791015625,9336.1083984375
2020-08-09,5470.13623046875,1011.3342895507812,1815.275634765625,2169.48583984375,2201.329345703125,2050.0,2475.08984375,3737.738525390625,1890.0791015625,9336.1083984375
2020-08-10,5417.02783203125,1007.5033569335938,1827.6243896484375,2183.437744140625,2201.329345703125,2050.0,2466.784423828125,3631.45166015625,1890.0791015625,9336.1083984375
2020-08-11,5465.71044921875,1017.080322265625,1815.275634765625,2225.292724609375,2267.74853515625,2050.0,2433.561279296875,3702.31005859375,1955.5364990234375,9359.048828125
2020-08-12,5540.9462890625,1017.080322265625,1827.6243896484375,2336.906005859375,2334.16796875,2040.0,2450.1728515625,3826.31005859375,2096.678955078125,9313.171875
2020-08-13,5576.35205078125,1034.319091796875,1821.4500732421875,2322.95458984375,2296.2138671875,2040.0,2500.0068359375,3826.31005859375,2076.223388671875,9404.92578125
2020-08-14,5669.2919921875,1032.4036865234375,1833.7989501953125,2329.9306640625,2286.725341796875,2040.0,2516.6181640625,3808.596435546875,2045.540283203125,9336.1083984375
2020-08-15,5669.2919921875,1032.4036865234375,1833.7989501953125,2329.9306640625,2286.725341796875,2040.0,2516.6181640625,3808.596435546875,2045.540283203125,9336.1083984375
2020-08-16,5669.2919921875,1032.4036865234375,1833.7989501953125,2329.9306640625,2286.725341796875,2040.0,2516.6181640625,3808.596435546875,2045.540283203125,9336.1083984375
2020-08-17,5669.2919921875,1032.4036865234375,1833.7989501953125,2329.9306640625,2286.725341796875,2040.0,2516.6181640625,3808.596435546875,2045.540283203125,9336.1083984375
2020-08-18,5629.46044921875,1026.6573486328125,1827.6243896484375,2455.49560546875,2334.16796875,2040.0,2533.229736328125,3808.596435546875,2065.995361328125,9359.048828125
2020-08-19,5602.90673828125,1041.9808349609375,1815.275634765625,2483.3984375,2315.19091796875,2040.0,2491.701171875,3755.452880859375,2065.995361328125,9267.2939453125
2020-08-20,5602.90673828125,1041.9808349609375,1815.275634765625,2483.3984375,2315.19091796875,2040.0,2491.701171875,3755.452880859375,2065.995361328125,9267.2939453125
2020-08-21,5602.90673828125,1041.9808349609375,1815.275634765625,2483.3984375,2315.19091796875,2040.0,2491.701171875,3755.452880859375,2065.995361328125,9267.2939453125
2020-08-22,5602.90673828125,1041.9808349609375,1815.275634765625,2483.3984375,2315.19091796875,2040.0,2491.701171875,3755.452880859375,2065.995361328125,9267.2939453125
2020-08-23,5602.90673828125,1041.9808349609375,1815.275634765625,2483.3984375,2315.19091796875,2040.0,2491.701171875,3755.452880859375,2065.995361328125,9267.2939453125
2020-08-24,5589.62939453125,1041.9808349609375,1790.577880859375,2539.205810546875,2277.237060546875,2040.0,2491.701171875,3755.452880859375,2086.451171875,9381.9873046875
2020-08-25,5633.8857421875,1003.6724853515625,1759.7059326171875,2650.81884765625,2372.121826171875,2040.0,2475.08984375,3755.452880859375,2158.044921875,9565.498046875
2020-08-26,5611.7568359375,1034.319091796875,1741.1827392578125,2608.9638671875,2410.075927734375,2007.5,2508.312744140625,3790.88134765625,2178.50048828125,9496.6806640625
2020-08-27,5841.89306640625,996.010986328125,1747.357177734375,2581.060546875,2391.0986328125,2007.5,2483.3955078125,3755.452880859375,2168.272705078125,9496.6806640625
2020-08-28,5748.953125,957.702880859375,1753.531494140625,2574.0849609375,2362.63330078125,1997.5,2458.478515625,3773.167236328125,2147.817138671875,9473.7431640625
2020-08-29,5748.953125,957.702880859375,1753.531494140625,2574.0849609375,2362.63330078125,1997.5,2458.478515625,3773.167236328125,2147.817138671875,9473.7431640625
2020-08-30,5748.953125,957.702880859375,1753.531494140625,2574.0849609375,2362.63330078125,1997.5,2458.478515625,3773.167236328125,2147.817138671875,9473.7431640625
2020-08-31,5554.2236328125,984.5184936523438,1759.7059326171875,2448.519775390625,2258.260009765625,1997.5,2375.421875,3613.738037109375,2086.451171875,9381.9873046875
2020-09-01,5771.08203125,992.1801147460938,1772.0548095703125,2518.27783203125,2324.679443359375,1997.5,2408.64453125,3720.02392578125,2117.134033203125,9381.9873046875
2020-09-02,5695.84521484375,965.3643798828125,1722.659423828125,2553.1572265625,2305.70263671875,1997.5,2450.1728515625,3755.452880859375,2137.589599609375,9359.048828125
2020-09-03,5753.37939453125,969.1952514648438,1716.4849853515625,2497.350341796875,2267.74853515625,1997.5,2408.64453125,3666.88134765625,2188.72802734375,9381.9873046875
2020-09-04,5647.1630859375,988.4207763671875,1685.613037109375,2476.4228515625,2248.771484375,1997.5,2375.421875,3578.30859375,2137.589599609375,9450.8037109375
2020-09-05,5647.1630859375,988.4207763671875,1685.613037109375,2476.4228515625,2248.771484375,1997.5,2375.421875,3578.30859375,2137.589599609375,9450.8037109375
2020-09-06,5647.1630859375,988.4207763671875,1685.613037109375,2476.4228515625,2248.771484375,1997.5,2375.421875,3578.30859375,2137.589599609375,9450.8037109375
2020-09-07,5563.07470703125,941.3530883789062,1704.13623046875,2448.519775390625,2220.305908203125,1997.5,2408.64453125,3560.59423828125,2147.817138671875,9473.7431640625
2020-09-08,5607.33203125,941.3530883789062,1710.3106689453125,2455.49560546875,2267.74853515625,1997.5,2375.421875,3631.45166015625,2147.817138671875,9473.7431640625
2020-09-09,5527.67041015625,941.3530883789062,1685.613037109375,2378.760986328125,2191.840576171875,1997.5,2325.587890625,3472.0224609375,2055.76806640625,9427.865234375
2020-09-10,5142.6357421875,876.6351928710938,1623.8690185546875,2218.31689453125,2040.0250244140625,1997.5,2242.531005859375,3231.106689453125,1914.6256103515625,9152.599609375
2020-09-11,5226.7236328125,964.886962890625,1679.438720703125,2267.148193359375,2077.978759765625,1997.5,2333.8935546875,3280.707275390625,1992.35595703125,9404.92578125
2020-09-12,5226.7236328125,964.886962890625,1679.438720703125,2267.148193359375,2077.978759765625,1997.5,2333.8935546875,3280.707275390625,1992.35595703125,9404.92578125
2020-09-13,5226.7236328125,964.886962890625,1679.438720703125,2267.148193359375,2077.978759765625,1997.5,2333.8935546875,3280.707275390625,1992.35595703125,9404.92578125
2020-09-14,5355.068359375,980.5762329101562,1697.9617919921875,2399.6884765625,2182.352294921875,1860.0,2400.3388671875,3394.078857421875,2065.995361328125,9680.1923828125
2020-09-15,5186.89208984375,980.5762329101562,1710.3106689453125,2322.95458984375,2153.88671875,1820.0,2350.504638671875,3415.33642578125,2020.9937744140625,9542.5595703125
2020-09-16,5089.52734375,980.5762329101562,1728.8338623046875,2274.12353515625,2144.398193359375,1695.0,2317.281982421875,3386.99267578125,1992.35595703125,9588.4375
2020-09-17,5093.95361328125,980.5762329101562,1728.8338623046875,2232.2685546875,2115.9326171875,1615.0,2342.19921875,3443.6796875,1930.9898681640625,9359.048828125
2020-09-18,4983.31201171875,976.6538696289062,1728.8338623046875,2246.22021484375,2115.9326171875,1650.0,2400.3388671875,3386.99267578125,1939.1722412109375,9336.1083984375
2020-09-19,4983.31201171875,976.6538696289062,1728.8338623046875,2246.22021484375,2115.9326171875,1650.0,2400.3388671875,3386.99267578125,1939.1722412109375,9336.1083984375
2020-09-20,4983.31201171875,976.6538696289062,1728.8338623046875,2246.22021484375,2115.9326171875,1650.0,2400.3388671875,3386.99267578125,1939.1722412109375,9336.1083984375
2020-09-21,4961.18359375,992.3431396484375,1716.4849853515625,2225.292724609375,2077.978759765625,1582.5,2333.8935546875,3309.0498046875,1877.8057861328125,9313.171875
2020-09-22,4823.9873046875,992.3431396484375,1710.3106689453125,2183.437744140625,2011.5594482421875,1527.5,2308.9765625,3309.0498046875,1857.3505859375,9404.92578125
2020-09-23,4872.669921875,992.3431396484375,1728.8338623046875,2148.558349609375,1973.60546875,1500.0,2325.587890625,3280.707275390625,1808.2574462890625,9496.6806640625
2020-09-24,4819.5615234375,992.3431396484375,1759.7059326171875,2113.678955078125,1926.162841796875,1495.0,2267.4482421875,3259.449462890625,1771.4378662109375,9267.2939453125
2020-09-25,4965.609375,992.3431396484375,1778.22900390625,2204.364990234375,2030.536376953125,1647.5,2234.225341796875,3443.6796875,1881.8968505859375,9221.416015625
2020-09-26,4965.609375,992.3431396484375,1778.22900390625,2204.364990234375,2030.536376953125,1647.5,2234.225341796875,3443.6796875,1881.8968505859375,9221.416015625
2020-09-27,4965.609375,992.3431396484375,1778.22900390625,2204.364990234375,2030.536376953125,1647.5,2234.225341796875,3443.6796875,1881.8968505859375,9221.416015625
2020-09-28,4881.521484375,992.3431396484375,1778.22900390625,2155.534423828125,1954.62841796875,1572.5,2209.308349609375,3358.650390625,1857.3505859375,9244.3544921875
2020-09-29,4872.669921875,992.3431396484375,1778.22900390625,2120.655029296875,1926.162841796875,1587.5,2184.391357421875,3238.1923828125,1845.077392578125,9313.171875
2020-09-30,4797.43310546875,992.3431396484375,1778.22900390625,2120.655029296875,1882.515869140625,1645.0,2126.251708984375,3160.2490234375,1816.4395751953125,9244.3544921875
2020-10-01,4930.203125,992.3431396484375,1796.7523193359375,2204.364990234375,1973.60546875,1647.5,2284.0595703125,3266.535400390625,1869.6236572265625,9313.171875
2020-10-02,4872.669921875,990.3819580078125,1864.6707763671875,2162.510498046875,1973.60546875,1647.5,2225.919677734375,3252.36376953125,1845.077392578125,9244.3544921875
2020-10-03,4872.669921875,990.3819580078125,1864.6707763671875,2162.510498046875,1973.60546875,1647.5,2225.919677734375,3252.36376953125,1845.077392578125,9244.3544921875
2020-10-04,4872.669921875,990.3819580078125,1864.6707763671875,2162.510498046875,1973.60546875,1647.5,2225.919677734375,3252.36376953125,1845.077392578125,9244.3544921875
2020-10-05,4885.9462890625,990.3819580078125,1907.8916015625,2204.364990234375,2030.536376953125,1645.0,2201.002685546875,3231.106689453125,1890.0791015625,9267.2939453125
2020-10-06,5045.2705078125,990.3819580078125,1926.4149169921875,2225.292724609375,2087.467041015625,1645.0,2201.002685546875,3273.621337890625,1910.534423828125,9267.2939453125
2020-10-07,5093.95361328125,990.3819580078125,1926.4149169921875,2176.4619140625,2106.4443359375,1645.0,2209.308349609375,3299.992919921875,1910.534423828125,9175.537109375
2020-10-08,5116.08154296875,990.3819580078125,1938.7637939453125,2197.389404296875,2068.490234375,1620.0,2242.531005859375,3385.521728515625,1910.534423828125,9244.3544921875
2020-10-09,5111.65625,990.3819580078125,1920.240478515625,2197.389404296875,2106.4443359375,1620.0,2267.4482421875,3378.394287109375,1898.26123046875,9221.416015625
2020-10-10,5111.65625,990.3819580078125,1920.240478515625,2197.389404296875,2106.4443359375,1620.0,2267.4482421875,3378.394287109375,1898.26123046875,9221.416015625
2020-10-11,5111.65625,990.3819580078125,1920.240478515625,2197.389404296875,2106.4443359375,1620.0,2267.4482421875,3378.394287109375,1898.26123046875,9221.416015625
2020-10-12,5182.466796875,990.3819580078125,1938.7637939453125,2225.292724609375,2134.90966796875,1620.0,2267.4482421875,3349.884521484375,1910.534423828125,9129.66015625
2020-10-13,5182.466796875,990.3819580078125,1938.7637939453125,2288.075439453125,2153.88671875,1620.0,2267.4482421875,3378.394287109375,1947.3543701171875,9106.7216796875
2020-10-14,5222.298828125,990.3819580078125,1932.5892333984375,2343.882080078125,2191.840576171875,1620.0,2333.8935546875,3435.41357421875,2025.084716796875,9129.66015625
2020-10-15,5120.50732421875,990.3819580078125,1926.4149169921875,2309.002197265625,2125.42138671875,1605.0,2308.9765625,3378.394287109375,1955.5364990234375,8946.1494140625
2020-10-16,5098.37939453125,990.3819580078125,1901.7171630859375,2267.148193359375,2115.9326171875,1605.0,2284.0595703125,3513.815185546875,1967.8095703125,8946.1494140625
2020-10-17,5098.37939453125,990.3819580078125,1901.7171630859375,2267.148193359375,2115.9326171875,1605.0,2284.0595703125,3513.815185546875,1967.8095703125,8946.1494140625
2020-10-18,5098.37939453125,990.3819580078125,1901.7171630859375,2267.148193359375,2115.9326171875,1605.0,2284.0595703125,3513.815185546875,1967.8095703125,8946.1494140625
2020-10-19,5222.298828125,990.3819580078125,1901.7171630859375,2288.075439453125,2163.375,1605.0,2250.836669921875,3563.70703125,2000.5382080078125,9014.9658203125
2020-10-20,5138.2099609375,980.5762329101562,1907.8916015625,2267.148193359375,2144.398193359375,1547.5,2217.6142578125,3688.437255859375,1967.8095703125,8923.2109375
2020-10-21,5116.08154296875,980.5762329101562,1901.7171630859375,2260.171875,2096.955810546875,1500.0,2225.919677734375,3741.89208984375,1996.4471435546875,8900.271484375
2020-10-22,5133.78466796875,980.5762329101562,1926.4149169921875,2302.02734375,2068.490234375,1502.5,2242.531005859375,3741.89208984375,1988.26513671875,8854.3935546875
2020-10-23,5107.22998046875,980.5762329101562,1951.1124267578125,2295.05078125,2106.4443359375,1502.5,2184.391357421875,3848.803466796875,1984.173828125,8923.2109375
2020-10-24,5107.22998046875,980.5762329101562,1951.1124267578125,2295.05078125,2106.4443359375,1502.5,2184.391357421875,3848.803466796875,1984.173828125,8923.2109375
2020-10-25,5107.22998046875,980.5762329101562,1951.1124267578125,2295.05078125,2106.4443359375,1502.5,2184.391357421875,3848.803466796875,1984.173828125,8923.2109375
2020-10-26,5147.0615234375,980.5762329101562,1975.81005859375,2329.9306640625,2191.840576171875,1502.5,2201.002685546875,3848.803466796875,1984.173828125,8969.0888671875
2020-10-27,5124.9326171875,976.6538696289062,1975.81005859375,2343.882080078125,2191.840576171875,1500.0,2176.0859375,3866.6220703125,1939.1722412109375,8854.3935546875
2020-10-28,5124.9326171875,976.6538696289062,1975.81005859375,2343.882080078125,2191.840576171875,1500.0,2176.0859375,3866.6220703125,1939.1722412109375,8854.3935546875
2020-10-29,5124.9326171875,976.6538696289062,1975.81005859375,2343.882080078125,2191.840576171875,1500.0,2176.0859375,3866.6220703125,1939.1722412109375,8854.3935546875
2020-10-30,5124.9326171875,976.6538696289062,1975.81005859375,2343.882080078125,2191.840576171875,1500.0,2176.0859375,3866.6220703125,1939.1722412109375,8854.3935546875
2020-10-31,5124.9326171875,976.6538696289062,1975.81005859375,2343.882080078125,2191.840576171875,1500.0,2176.0859375,3866.6220703125,1939.1722412109375,8854.3935546875
2020-11-01,5124.9326171875,976.6538696289062,1975.81005859375,2343.882080078125,2191.840576171875,1500.0,2176.0859375,3866.6220703125,1939.1722412109375,8854.3935546875
2020-11-02,5151.48779296875,957.0424194335938,1963.4613037109375,2357.833984375,2267.74853515625,1525.0,2126.251708984375,3848.803466796875,1906.443603515625,8946.1494140625
2020-11-03,5213.447265625,957.0424194335938,1963.4613037109375,2357.833984375,2277.237060546875,1565.0,2142.863037109375,3920.077392578125,1910.534423828125,8923.2109375
2020-11-04,5151.48779296875,1015.876953125,1963.4613037109375,2295.05078125,2163.375,1565.0,2142.863037109375,3848.803466796875,1890.0791015625,8969.0888671875
2020-11-05,5443.58203125,1059.022216796875,1988.158935546875,2434.56787109375,2267.74853515625,1550.0,2300.6708984375,3920.077392578125,1975.9918212890625,9083.783203125
2020-11-06,5576.35205078125,1059.022216796875,2012.8565673828125,2483.3984375,2296.2138671875,1550.0,2350.504638671875,4151.7177734375,2029.176025390625,9060.84375
2020-11-07,5576.35205078125,1059.022216796875,2012.8565673828125,2483.3984375,2296.2138671875,1550.0,2350.504638671875,4151.7177734375,2029.176025390625,9060.84375
2020-11-08,5576.35205078125,1059.022216796875,2012.8565673828125,2483.3984375,2296.2138671875,1550.0,2350.504638671875,4151.7177734375,2029.176025390625,9060.84375
2020-11-09,5563.07470703125,1066.866943359375,2049.903076171875,2574.0849609375,2334.16796875,1550.0,2392.032958984375,3991.35205078125,2086.451171875,8946.1494140625
2020-11-10,5735.67626953125,1078.6337890625,2056.077392578125,2790.335693359375,2419.564208984375,1550.0,2375.421875,4098.26318359375,2178.50048828125,8877.3330078125
2020-11-11,5788.7841796875,1082.5560302734375,2056.077392578125,2874.045654296875,2419.564208984375,1550.0,2558.146728515625,4276.4482421875,2239.866455078125,8808.5166015625
2020-11-12,5682.568359375,1078.6337890625,2080.775390625,2755.456787109375,2343.656494140625,1735.0,2524.923828125,4276.4482421875,2198.95556640625,8969.0888671875
2020-11-13,5656.013671875,1137.468505859375,2074.6005859375,2790.335693359375,2372.121826171875,1730.0,2483.3955078125,4205.173828125,2311.460205078125,8900.271484375
2020-11-14,5656.013671875,1137.468505859375,2074.6005859375,2790.335693359375,2372.121826171875,1730.0,2483.3955078125,4205.173828125,2311.460205078125,8900.271484375
2020-11-15,5656.013671875,1137.468505859375,2074.6005859375,2790.335693359375,2372.121826171875,1730.0,2483.3955078125,4205.173828125,2311.460205078125,8900.271484375
2020-11-16,5735.67626953125,1137.468505859375,2086.94970703125,2762.43212890625,2353.14501953125,1730.0,2549.8408203125,4222.9931640625,2321.68798828125,8946.1494140625
2020-11-17,5797.6357421875,1121.7791748046875,2117.8212890625,2762.43212890625,2372.121826171875,1730.0,2674.426025390625,4133.900390625,2352.371337890625,9404.92578125
2020-11-18,5815.337890625,1153.15771484375,2148.693603515625,2818.23876953125,2410.075927734375,1730.0,2641.203125,4116.08203125,2342.1435546875,9427.865234375
2020-11-19,5855.169921875,1153.15771484375,2142.518798828125,2818.23876953125,2400.587158203125,1730.0,2632.8974609375,4080.44482421875,2352.371337890625,9496.6806640625
2020-11-20,5841.89306640625,1153.15771484375,2161.04248046875,2804.287353515625,2391.0986328125,1730.0,2674.426025390625,4080.44482421875,2321.68798828125,9267.2939453125
2020-11-21,5841.89306640625,1153.15771484375,2161.04248046875,2804.287353515625,2391.0986328125,1730.0,2674.426025390625,4080.44482421875,2321.68798828125,9267.2939453125
2020-11-22,5841.89306640625,1153.15771484375,2161.04248046875,2804.287353515625,2391.0986328125,1730.0,2674.426025390625,4080.44482421875,2321.68798828125,9267.2939453125
2020-11-23,5841.89306640625,1153.15771484375,2167.216796875,2846.142333984375,2429.052734375,1730.0,2757.482666015625,4133.900390625,2413.7373046875,9359.048828125
2020-11-24,5810.91259765625,1137.468505859375,2191.914306640625,2929.852294921875,2438.541259765625,1730.0,2782.39990234375,4133.900390625,2434.19287109375,9290.232421875
2020-11-25,5673.71728515625,1137.468505859375,2216.612060546875,3013.5625,2476.4951171875,1730.0,2724.260009765625,3955.71484375,2475.103515625,9175.537109375
2020-11-26,5735.67626953125,1129.6239013671875,2290.704833984375,2992.635009765625,2552.403076171875,1730.0,2882.067626953125,4026.989013671875,2577.38037109375,9290.232421875
2020-11-27,5651.5888671875,1215.91455078125,2284.5302734375,2978.683349609375,2523.937744140625,1727.5,2873.761962890625,3955.71484375,2597.836181640625,9726.0703125
2020-11-28,5651.5888671875,1215.91455078125,2284.5302734375,2978.683349609375,2523.937744140625,1727.5,2873.761962890625,3955.71484375,2597.836181640625,9726.0703125
2020-11-29,5651.5888671875,1215.91455078125,2284.5302734375,2978.683349609375,2523.937744140625,1727.5,2873.761962890625,3955.71484375,2597.836181640625,9726.0703125
2020-11-30,5492.26318359375,1215.91455078125,2296.879150390625,2853.1181640625,2400.587158203125,1727.5,2682.731689453125,3777.529541015625,2454.648193359375,9083.783203125
2020-12-01,5660.43994140625,1215.91455078125,2346.2744140625,2957.755615234375,2476.4951171875,1630.0,2691.037353515625,3955.71484375,2556.925048828125,9267.2939453125
2020-12-02,5709.12353515625,1215.91455078125,2389.4951171875,2999.610595703125,2523.937744140625,1620.0,2765.788330078125,4080.44482421875,2597.836181640625,9336.1083984375
2020-12-03,5717.9736328125,1243.37060546875,2408.0185546875,3069.368896484375,2495.472412109375,1620.0,2740.871337890625,4009.170654296875,2597.836181640625,9198.4775390625
2020-12-04,5656.013671875,1235.5260009765625,2408.0185546875,2999.610595703125,2504.96044921875,1600.0,2699.343017578125,4062.625732421875,2597.836181640625,9129.66015625
2020-12-05,5656.013671875,1235.5260009765625,2408.0185546875,2999.610595703125,2504.96044921875,1600.0,2699.343017578125,4062.625732421875,2597.836181640625,9129.66015625
2020-12-06,5656.013671875,1235.5260009765625,2408.0185546875,2999.610595703125,2504.96044921875,1600.0,2699.343017578125,4062.625732421875,2597.836181640625,9129.66015625
2020-12-07,5771.08203125,1235.5260009765625,2414.193115234375,3069.368896484375,2542.914794921875,1600.0,2765.788330078125,4169.53662109375,2720.568359375,9129.66015625
2020-12-08,5744.52783203125,1239.4483642578125,2432.716064453125,3069.368896484375,2533.426025390625,1597.5,2740.871337890625,4062.625732421875,2720.568359375,8992.02734375
2020-12-09,5744.52783203125,1239.4483642578125,2432.716064453125,3069.368896484375,2533.426025390625,1597.5,2740.871337890625,4062.625732421875,2720.568359375,8992.02734375
2020-12-10,5837.39404296875,1239.4483642578125,2457.413818359375,3020.538330078125,2580.868408203125,1597.5,2707.648681640625,4151.7177734375,2700.113037109375,9129.66015625
2020-12-11,5979.44384765625,1243.37060546875,2463.58837890625,2985.658935546875,2571.380126953125,1597.5,2724.260009765625,4044.807861328125,2689.88525390625,9014.9658203125
2020-12-12,5979.44384765625,1243.37060546875,2463.58837890625,2985.658935546875,2571.380126953125,1597.5,2724.260009765625,4044.807861328125,2689.88525390625,9014.9658203125
2020-12-13,5979.44384765625,1243.37060546875,2463.58837890625,2985.658935546875,2571.380126953125,1597.5,2724.260009765625,4044.807861328125,2689.88525390625,9014.9658203125
2020-12-14,6054.90869140625,1243.37060546875,2408.0185546875,2985.658935546875,2552.403076171875,1547.5,2757.482666015625,4044.807861328125,2689.88525390625,9014.9658203125
2020-12-15,6028.27392578125,1161.002197265625,2346.2744140625,2985.658935546875,2542.914794921875,1445.0,2865.456298828125,4240.8115234375,2659.2021484375,8900.271484375
2020-12-16,6170.32421875,1153.15771484375,2333.92578125,3013.5625,2571.380126953125,1445.0,2998.346923828125,4365.54052734375,2730.796142578125,8969.0888671875
2020-12-17,6157.00732421875,1168.846923828125,2247.48388671875,3020.538330078125,2609.333984375,1445.0,2940.207763671875,4418.9970703125,2730.796142578125,8923.2109375
2020-12-18,6037.15283203125,1139.4295654296875,2241.309814453125,2985.658935546875,2542.914794921875,1445.0,2915.29052734375,4418.9970703125,2720.568359375,8900.271484375
2020-12-19,6037.15283203125,1139.4295654296875,2241.309814453125,2985.658935546875,2542.914794921875,1445.0,2915.29052734375,4418.9970703125,2720.568359375,8900.271484375
2020-12-20,6037.15283203125,1139.4295654296875,2241.309814453125,2985.658935546875,2542.914794921875,1445.0,2915.29052734375,4418.9970703125,2720.568359375,8900.271484375
2020-12-21,6063.78662109375,1139.4295654296875,2241.309814453125,2936.828125,2542.914794921875,1450.0,2923.59619140625,4383.35888671875,2700.113037109375,8969.0888671875
2020-12-22,5961.6875,1215.91455078125,2266.00732421875,2881.021728515625,2429.052734375,1525.0,2790.705322265625,4329.90380859375,2577.38037109375,8808.5166015625
2020-12-23,5970.56591796875,1215.91455078125,2259.8330078125,2901.94921875,2410.075927734375,1497.5,2757.482666015625,4276.4482421875,2556.925048828125,8739.6982421875
2020-12-24,5970.56591796875,1215.91455078125,2259.8330078125,2901.94921875,2410.075927734375,1497.5,2757.482666015625,4276.4482421875,2556.925048828125,8739.6982421875
2020-12-25,5970.56591796875,1215.91455078125,2259.8330078125,2901.94921875,2410.075927734375,1497.5,2757.482666015625,4276.4482421875,2556.925048828125,8739.6982421875
2020-12-26,5970.56591796875,1215.91455078125,2259.8330078125,2901.94921875,2410.075927734375,1497.5,2757.482666015625,4276.4482421875,2556.925048828125,8739.6982421875
2020-12-27,5970.56591796875,1215.91455078125,2259.8330078125,2901.94921875,2410.075927734375,1497.5,2757.482666015625,4276.4482421875,2556.925048828125,8739.6982421875
2020-12-28,6019.39697265625,1133.5462646484375,2315.40234375,2964.731689453125,2476.4951171875,1490.0,2848.84521484375,4329.90380859375,2638.74658203125,8693.822265625
2020-12-29,6006.07861328125,1131.5849609375,2309.22802734375,2915.90087890625,2438.541259765625,1590.0,2840.539306640625,4312.08544921875,2577.38037109375,8533.2509765625
2020-12-30,6010.517578125,1213.9534912109375,2241.309814453125,2908.924560546875,2400.587158203125,1600.0,2749.177001953125,4294.267578125,2526.2421875,8785.5771484375
2020-12-31,6010.517578125,1213.9534912109375,2241.309814453125,2908.924560546875,2400.587158203125,1600.0,2749.177001953125,4294.267578125,2526.2421875,8785.5771484375
2021-01-01,6010.517578125,1213.9534912109375,2241.309814453125,2908.924560546875,2400.587158203125,1600.0,2749.177001953125,4294.267578125,2526.2421875,8785.5771484375
2021-01-02,6010.517578125,1213.9534912109375,2241.309814453125,2908.924560546875,2400.587158203125,1600.0,2749.177001953125,4294.267578125,2526.2421875,8785.5771484375
2021-01-03,6010.517578125,1213.9534912109375,2241.309814453125,2908.924560546875,2400.587158203125,1600.0,2749.177001953125,4294.267578125,2526.2421875,8785.5771484375
2021-01-04,6068.22509765625,1213.9534912109375,2303.0537109375,3006.586669921875,2467.0068359375,1617.5,2898.678955078125,4436.81494140625,2608.063720703125,8785.5771484375
2021-01-05,6294.6201171875,1213.9534912109375,2321.576904296875,2978.683349609375,2438.541259765625,1615.0,2882.067626953125,4401.1787109375,2659.2021484375,8670.8828125
2021-01-06,6165.8857421875,1213.9534912109375,2364.798095703125,2929.852294921875,2438.541259765625,1540.0,2799.010986328125,4383.35888671875,2618.29150390625,8647.9443359375
2021-01-07,6183.6416015625,1213.9534912109375,2445.065185546875,2985.658935546875,2457.5185546875,1450.0,2815.622314453125,4329.90380859375,2628.518798828125,8716.7607421875
2021-01-08,6259.10546875,1255.137451171875,2482.111328125,3062.3935546875,2485.98388671875,1445.0,2965.12451171875,4579.36328125,2648.974365234375,8739.6982421875
2021-01-09,6259.10546875,1255.137451171875,2482.111328125,3062.3935546875,2485.98388671875,1445.0,2965.12451171875,4579.36328125,2648.974365234375,8739.6982421875
2021-01-10,6259.10546875,1255.137451171875,2482.111328125,3062.3935546875,2485.98388671875,1445.0,2965.12451171875,4579.36328125,2648.974365234375,8739.6982421875
2021-01-11,6521.01220703125,1255.137451171875,2488.285888671875,3243.764892578125,2599.845703125,1437.5,2990.04150390625,4650.63818359375,2669.429931640625,8739.6982421875
2021-01-12,6356.765625,1255.137451171875,2457.413818359375,3292.59619140625,2637.799560546875,1450.0,2915.29052734375,4650.63818359375,2659.2021484375,8647.9443359375
2021-01-13,6321.25390625,1247.29296875,2494.460205078125,3341.427001953125,2628.311279296875,1450.0,2890.373291015625,4828.82275390625,2669.429931640625,8556.189453125
2021-01-14,6232.4716796875,1245.331787109375,2506.809326171875,3327.474853515625,2599.845703125,1450.0,2906.98486328125,4828.82275390625,2638.74658203125,8579.126953125
2021-01-15,6174.76416015625,1255.137451171875,2500.634521484375,3194.934326171875,2552.403076171875,1425.0,2890.373291015625,4686.27490234375,2587.6083984375,8602.0673828125
2021-01-16,6174.76416015625,1255.137451171875,2500.634521484375,3194.934326171875,2552.403076171875,1425.0,2890.373291015625,4686.27490234375,2587.6083984375,8602.0673828125
2021-01-17,6174.76416015625,1255.137451171875,2500.634521484375,3194.934326171875,2552.403076171875,1425.0,2890.373291015625,4686.27490234375,2587.6083984375,8602.0673828125
2021-01-18,6321.25390625,1239.4483642578125,2543.855712890625,3222.83740234375,2628.311279296875,1425.0,2865.456298828125,4757.548828125,2577.38037109375,8831.455078125
2021-01-19,6299.05810546875,1215.91455078125,2543.855712890625,3222.83740234375,2647.2880859375,1425.0,2832.233642578125,4757.548828125,2546.697265625,8946.1494140625
2021-01-20,6299.05810546875,1223.7591552734375,2556.204345703125,3411.185546875,2799.10400390625,1425.0,2882.067626953125,4757.548828125,2628.518798828125,8877.3330078125
2021-01-21,6281.30224609375,1223.7591552734375,2574.7275390625,3341.427001953125,2751.661376953125,1425.0,2890.373291015625,4846.6416015625,2628.518798828125,8785.5771484375
2021-01-22,6285.740234375,1223.7591552734375,2562.378662109375,3292.59619140625,2732.68408203125,1375.0,2815.622314453125,4775.36767578125,2567.15283203125,8693.822265625
2021-01-23,6285.740234375,1223.7591552734375,2562.378662109375,3292.59619140625,2732.68408203125,1375.0,2815.622314453125,4775.36767578125,2567.15283203125,8693.822265625
2021-01-24,6285.740234375,1223.7591552734375,2562.378662109375,3292.59619140625,2732.68408203125,1375.0,2815.622314453125,4775.36767578125,2567.15283203125,8693.822265625
2021-01-25,6245.7890625,1223.7591552734375,2519.15771484375,3334.451171875,2770.638671875,1375.0,2799.010986328125,4615.00048828125,2546.697265625,8716.7607421875
2021-01-26,6054.90869140625,1192.3807373046875,2556.204345703125,3243.764892578125,2799.10400390625,1375.0,2707.648681640625,4525.9072265625,2485.331298828125,8716.7607421875
2021-01-27,6028.27392578125,1223.7591552734375,2556.204345703125,3222.83740234375,2770.638671875,1375.0,2807.31689453125,4472.4521484375,2444.42041015625,8716.7607421875
2021-01-28,6125.9345703125,1153.15771484375,2556.204345703125,3118.2001953125,2675.75341796875,1280.0,2691.037353515625,4472.4521484375,2362.598876953125,8579.126953125
2021-01-29,6001.63916015625,1137.468505859375,2512.983642578125,2915.90087890625,2495.472412109375,1195.0,2583.063720703125,4347.72265625,2270.549560546875,8349.7392578125
2021-01-30,6001.63916015625,1137.468505859375,2512.983642578125,2915.90087890625,2495.472412109375,1195.0,2583.063720703125,4347.72265625,2270.549560546875,8349.7392578125
2021-01-31,6001.63916015625,1137.468505859375,2512.983642578125,2915.90087890625,2495.472412109375,1195.0,2583.063720703125,4347.72265625,2270.549560546875,8349.7392578125
2021-02-01,6054.90869140625,1137.468505859375,2624.122802734375,3069.368896484375,2542.914794921875,1195.0,2682.731689453125,4294.267578125,2393.28173828125,8464.43359375
2021-02-02,6037.15283203125,1137.468505859375,2611.774169921875,3041.465576171875,2457.5185546875,1195.0,2715.954345703125,4258.62939453125,2413.7373046875,8716.7607421875
2021-02-03,6059.34765625,1137.468505859375,2642.646240234375,3055.417724609375,2467.0068359375,1195.0,2691.037353515625,4383.35888671875,2577.38037109375,8647.9443359375
2021-02-04,6085.98291015625,1137.468505859375,2654.994873046875,3132.151611328125,2495.472412109375,1195.0,2732.5654296875,4418.9970703125,2567.15283203125,8556.189453125
2021-02-05,6139.25146484375,1153.15771484375,2698.2158203125,3118.2001953125,2485.98388671875,1195.0,2732.5654296875,4347.72265625,2577.38037109375,8464.43359375
2021-02-06,6139.25146484375,1153.15771484375,2698.2158203125,3118.2001953125,2485.98388671875,1195.0,2732.5654296875,4347.72265625,2577.38037109375,8464.43359375
2021-02-07,6139.25146484375,1153.15771484375,2698.2158203125,3118.2001953125,2485.98388671875,1195.0,2732.5654296875,4347.72265625,2577.38037109375,8464.43359375
2021-02-08,6143.6904296875,1110.0123291015625,2735.262451171875,3111.224365234375,2495.472412109375,1195.0,2724.260009765625,4347.72265625,2577.38037109375,8349.7392578125
2021-02-09,6196.958984375,1096.2841796875,2784.6572265625,3222.83740234375,2467.0068359375,1190.0,2657.814697265625,4151.7177734375,2546.697265625,8074.47265625
2021-02-10,6143.6904296875,1098.245361328125,2654.994873046875,3243.764892578125,2467.0068359375,1190.0,2649.509033203125,4205.173828125,2536.469970703125,8257.984375
2021-02-11,6108.17724609375,1098.245361328125,2673.517822265625,3264.693115234375,2467.0068359375,1190.0,2649.509033203125,4169.53662109375,2536.469970703125,8235.044921875
2021-02-12,6108.17724609375,1098.245361328125,2673.517822265625,3264.693115234375,2467.0068359375,1190.0,2649.509033203125,4169.53662109375,2536.469970703125,8235.044921875
2021-02-13,6108.17724609375,1098.245361328125,2673.517822265625,3264.693115234375,2467.0068359375,1190.0,2649.509033203125,4169.53662109375,2536.469970703125,8235.044921875
2021-02-14,6108.17724609375,1098.245361328125,2673.517822265625,3264.693115234375,2467.0068359375,1190.0,2649.509033203125,4169.53662109375,2536.469970703125,8235.044921875
2021-02-15,6037.15283203125,1090.400634765625,2766.134033203125,3285.6201171875,2467.0068359375,1190.0,2674.426025390625,4240.8115234375,2546.697265625,8235.044921875
2021-02-16,6161.4462890625,1090.400634765625,2772.30859375,3257.716796875,2457.5185546875,1190.0,2666.120361328125,4222.9931640625,2597.836181640625,8097.41162109375
2021-02-17,6125.9345703125,1098.245361328125,2710.564697265625,3229.8134765625,2410.075927734375,1192.5,2616.2861328125,4133.900390625,2516.014404296875,8097.41162109375
2021-02-18,5979.44384765625,1098.245361328125,2574.7275390625,3257.716796875,2372.121826171875,1252.5,2641.203125,4080.44482421875,2464.875732421875,8028.595703125
2021-02-19,6059.34765625,1098.245361328125,2537.68115234375,3341.427001953125,2419.564208984375,1252.5,2666.120361328125,4116.08203125,2454.648193359375,7890.9619140625
2021-02-20,6059.34765625,1098.245361328125,2537.68115234375,3341.427001953125,2419.564208984375,1252.5,2666.120361328125,4116.08203125,2454.648193359375,7890.9619140625
2021-02-21,6059.34765625,1098.245361328125,2537.68115234375,3341.427001953125,2419.564208984375,1252.5,2666.120361328125,4116.08203125,2454.648193359375,7890.9619140625
2021-02-22,6028.27392578125,1098.245361328125,2531.5068359375,3341.427001953125,2419.564208984375,1247.5,2632.8974609375,4062.625732421875,2423.965087890625,7913.90185546875
2021-02-23,6059.34765625,1021.7603759765625,2525.332275390625,3341.427001953125,2400.587158203125,1250.0,2882.067626953125,4080.44482421875,2434.19287109375,7845.0849609375
2021-02-24,5970.56591796875,1041.3719482421875,2432.716064453125,3299.572021484375,2419.564208984375,1250.0,2890.373291015625,4009.170654296875,2485.331298828125,7936.84033203125
2021-02-25,5952.8095703125,1039.41064453125,2451.239501953125,3299.572021484375,2381.610595703125,1250.0,2898.678955078125,3973.53271484375,2485.331298828125,7868.02392578125
2021-02-26,5957.24853515625,1059.022216796875,2408.0185546875,3285.6201171875,2334.16796875,1250.0,2898.678955078125,3848.803466796875,2434.19287109375,7868.02392578125
2021-02-27,5957.24853515625,1059.022216796875,2408.0185546875,3285.6201171875,2334.16796875,1250.0,2898.678955078125,3848.803466796875,2434.19287109375,7868.02392578125
2021-02-28,5957.24853515625,1059.022216796875,2408.0185546875,3285.6201171875,2334.16796875,1250.0,2898.678955078125,3848.803466796875,2434.19287109375,7868.02392578125
2021-03-01,6254.66796875,1059.022216796875,2370.97216796875,3369.330322265625,2495.472412109375,1375.0,2898.678955078125,3991.35205078125,2546.697265625,7890.9619140625
2021-03-02,6228.033203125,1059.022216796875,2414.193115234375,3348.402587890625,2504.96044921875,1375.0,2873.761962890625,3973.53271484375,2516.014404296875,7982.7177734375
2021-03-03,6214.71630859375,1096.2841796875,2414.193115234375,3383.28173828125,2504.96044921875,1372.5,2857.150634765625,4044.807861328125,2464.875732421875,8005.65625
2021-03-04,5966.126953125,1096.2841796875,2401.84423828125,3320.49951171875,2485.98388671875,1280.0,2790.705322265625,3973.53271484375,2454.648193359375,7890.9619140625
2021-03-05,6037.15283203125,1019.7991943359375,2327.75146484375,3327.474853515625,2457.5185546875,1275.0,2757.482666015625,3920.077392578125,2454.648193359375,7799.20703125
2021-03-06,6037.15283203125,1019.7991943359375,2327.75146484375,3327.474853515625,2457.5185546875,1275.0,2757.482666015625,3920.077392578125,2454.648193359375,7799.20703125
2021-03-07,6037.15283203125,1019.7991943359375,2327.75146484375,3327.474853515625,2457.5185546875,1275.0,2757.482666015625,3920.077392578125,2454.648193359375,7799.20703125
2021-03-08,5966.126953125,960.964599609375,2358.623291015625,3299.572021484375,2438.541259765625,1250.0,2774.09375,3955.71484375,2454.648193359375,7684.51318359375
2021-03-09,5864.0283203125,1019.7991943359375,2352.44921875,3194.934326171875,2438.541259765625,1245.0,2732.5654296875,3937.896728515625,2444.42041015625,7638.63525390625
2021-03-10,5952.8095703125,1019.7991943359375,2438.890625,3229.8134765625,2467.0068359375,1245.0,2823.927978515625,3866.6220703125,2475.103515625,7684.51318359375
2021-03-11,5952.8095703125,1019.7991943359375,2438.890625,3229.8134765625,2467.0068359375,1245.0,2823.927978515625,3866.6220703125,2475.103515625,7684.51318359375
2021-03-12,6006.07861328125,1066.866943359375,2611.774169921875,3194.934326171875,2552.403076171875,1247.5,2865.456298828125,3902.259521484375,2516.014404296875,7684.51318359375
2021-03-13,6006.07861328125,1066.866943359375,2611.774169921875,3194.934326171875,2552.403076171875,1247.5,2865.456298828125,3902.259521484375,2516.014404296875,7684.51318359375
2021-03-14,6006.07861328125,1066.866943359375,2611.774169921875,3194.934326171875,2552.403076171875,1247.5,2865.456298828125,3902.259521484375,2516.014404296875,7684.51318359375
2021-03-15,5917.29736328125,1019.7991943359375,2599.425537109375,3187.95849609375,2523.937744140625,1247.5,2807.31689453125,3937.896728515625,2587.6083984375,7799.20703125
2021-03-16,5881.78369140625,1019.7991943359375,2630.297119140625,3292.59619140625,2485.98388671875,1247.5,2790.705322265625,3955.71484375,2546.697265625,7890.9619140625
2021-03-17,5868.466796875,1017.8380126953125,2673.517822265625,3257.716796875,2476.4951171875,1247.5,2815.622314453125,3973.53271484375,2495.558837890625,7913.90185546875
2021-03-18,5952.8095703125,1004.1100463867188,2698.2158203125,3320.49951171875,2580.868408203125,1247.5,2865.456298828125,4080.44482421875,2567.15283203125,7982.7177734375
2021-03-19,6001.63916015625,980.5762329101562,2716.73876953125,3257.716796875,2571.380126953125,1250.0,2857.150634765625,4116.08203125,2516.014404296875,8097.41162109375
2021-03-20,6001.63916015625,980.5762329101562,2716.73876953125,3257.716796875,2571.380126953125,1250.0,2857.150634765625,4116.08203125,2516.014404296875,8097.41162109375
2021-03-21,6001.63916015625,980.5762329101562,2716.73876953125,3257.716796875,2571.380126953125,1250.0,2857.150634765625,4116.08203125,2516.014404296875,8097.41162109375
2021-03-22,5877.345703125,980.5762329101562,2716.73876953125,3229.8134765625,2514.44921875,1250.0,2807.31689453125,3973.53271484375,2495.558837890625,8097.41162109375
2021-03-23,5828.51513671875,980.5762329101562,2692.041259765625,3257.716796875,2533.426025390625,1250.0,2790.705322265625,3973.53271484375,2495.558837890625,8441.4951171875
2021-03-24,5717.5380859375,978.6150512695312,2599.425537109375,3257.716796875,2521.758056640625,1250.0,2799.010986328125,3884.44091796875,2434.19287109375,8487.373046875
2021-03-25,5655.39111328125,978.6150512695312,2648.8203125,3222.83740234375,2511.94580078125,1250.0,2832.233642578125,3884.44091796875,2413.7373046875,8212.1064453125
2021-03-26,5695.34326171875,978.6150512695312,2692.041259765625,3292.59619140625,2521.758056640625,1250.0,2898.678955078125,3991.35205078125,2475.103515625,8349.7392578125
2021-03-27,5695.34326171875,978.6150512695312,2692.041259765625,3292.59619140625,2521.758056640625,1250.0,2898.678955078125,3991.35205078125,2475.103515625,8349.7392578125
2021-03-28,5695.34326171875,978.6150512695312,2692.041259765625,3292.59619140625,2521.758056640625,1250.0,2898.678955078125,3991.35205078125,2475.103515625,8349.7392578125
2021-03-29,5646.51318359375,978.6150512695312,2710.564697265625,3292.59619140625,2502.133544921875,1250.0,2832.233642578125,3937.896728515625,2475.103515625,8464.43359375
2021-03-30,5677.5859375,978.6150512695312,2784.6572265625,3139.127685546875,2482.509033203125,1250.0,2807.31689453125,3848.803466796875,2372.82666015625,8326.80078125
2021-03-31,5517.77978515625,978.6150512695312,2747.61083984375,3069.368896484375,2413.822998046875,1250.0,2840.539306640625,3759.7109375,2342.1435546875,8441.4951171875
2021-04-01,5526.658203125,980.5762329101562,2747.61083984375,2992.635009765625,2433.44775390625,1250.0,2815.622314453125,3813.166259765625,2321.68798828125,8212.1064453125
2021-04-02,5526.658203125,980.5762329101562,2747.61083984375,2992.635009765625,2433.44775390625,1250.0,2815.622314453125,3813.166259765625,2321.68798828125,8212.1064453125
2021-04-03,5526.658203125,980.5762329101562,2747.61083984375,2992.635009765625,2433.44775390625,1250.0,2815.622314453125,3813.166259765625,2321.68798828125,8212.1064453125
2021-04-04,5526.658203125,980.5762329101562,2747.61083984375,2992.635009765625,2433.44775390625,1250.0,2815.622314453125,3813.166259765625,2321.68798828125,8212.1064453125
2021-04-05,5464.51123046875,978.6150512695312,2716.73876953125,2929.852294921875,2443.259521484375,1250.0,2807.31689453125,3813.166259765625,2352.371337890625,8189.1669921875
2021-04-06,5473.38916015625,978.6150512695312,2729.087890625,3000.51123046875,2462.88427734375,1250.0,2799.010986328125,3813.166259765625,2383.05419921875,8097.41162109375
2021-04-07,5548.853515625,980.5762329101562,2704.39013671875,3000.51123046875,2482.509033203125,1250.0,2823.927978515625,3795.34765625,2362.598876953125,8166.228515625
2021-04-08,5523.10546875,980.5762329101562,2741.4365234375,3107.67236328125,2462.88427734375,1250.0,2815.622314453125,3777.529541015625,2391.053466796875,8074.47265625
2021-04-09,5581.62255859375,972.7315063476562,2729.087890625,3107.67236328125,2541.3828125,1250.0,2790.705322265625,3759.7109375,2473.503662109375,8143.29052734375
2021-04-10,5581.62255859375,972.7315063476562,2729.087890625,3107.67236328125,2541.3828125,1250.0,2790.705322265625,3759.7109375,2473.503662109375,8143.29052734375
2021-04-11,5581.62255859375,972.7315063476562,2729.087890625,3107.67236328125,2541.3828125,1250.0,2790.705322265625,3759.7109375,2473.503662109375,8143.29052734375
2021-04-12,5460.08740234375,962.9259033203125,2704.39013671875,3007.655517578125,2472.696533203125,1250.0,2749.177001953125,3617.162353515625,2411.666015625,7936.84033203125
2021-04-13,5401.5703125,962.9259033203125,2673.517822265625,2971.93505859375,2472.696533203125,1250.0,2765.788330078125,3617.162353515625,2391.053466796875,7913.90185546875
2021-04-14,5676.14990234375,943.3143310546875,2698.2158203125,3107.67236328125,2482.509033203125,1250.0,2774.09375,3741.89208984375,2432.278564453125,8028.595703125
2021-04-15,5653.64404296875,980.5762329101562,2661.1689453125,3150.537109375,2472.696533203125,1250.0,2790.705322265625,3741.89208984375,2463.197509765625,8028.595703125
2021-04-16,5649.14208984375,964.886962890625,2636.4716796875,3100.528564453125,2472.696533203125,1250.0,2790.705322265625,3741.89208984375,2452.89111328125,8212.1064453125
2021-04-17,5649.14208984375,964.886962890625,2636.4716796875,3100.528564453125,2472.696533203125,1250.0,2790.705322265625,3741.89208984375,2452.89111328125,8212.1064453125
2021-04-18,5649.14208984375,964.886962890625,2636.4716796875,3100.528564453125,2472.696533203125,1250.0,2790.705322265625,3741.89208984375,2452.89111328125,8212.1064453125
2021-04-19,5644.6416015625,964.886962890625,2574.7275390625,3129.10498046875,2443.259521484375,1250.0,2774.09375,3706.255126953125,2421.97216796875,8212.1064453125
2021-04-20,5613.13232421875,953.1200561523438,2556.204345703125,3079.095947265625,2433.44775390625,1250.0,2757.482666015625,3777.529541015625,2442.584716796875,8166.228515625
2021-04-21,5550.11328125,984.4984741210938,2531.5068359375,3021.94384765625,2404.0107421875,1250.0,2724.260009765625,3724.07421875,2380.747314453125,8074.47265625
2021-04-22,5595.126953125,988.4207763671875,2537.68115234375,3000.51123046875,2404.0107421875,1250.0,2765.788330078125,3884.44091796875,2339.52197265625,8028.595703125
2021-04-23,5752.67236328125,996.265380859375,2537.68115234375,3036.231689453125,2413.822998046875,1250.0,2749.177001953125,4009.170654296875,2380.747314453125,8143.29052734375
2021-04-24,5752.67236328125,996.265380859375,2537.68115234375,3036.231689453125,2413.822998046875,1250.0,2749.177001953125,4009.170654296875,2380.747314453125,8143.29052734375
2021-04-25,5752.67236328125,996.265380859375,2537.68115234375,3036.231689453125,2413.822998046875,1250.0,2749.177001953125,4009.170654296875,2380.747314453125,8143.29052734375
2021-04-26,5658.14453125,1051.177490234375,2502.155517578125,2957.647216796875,2345.136962890625,1250.0,2699.343017578125,4009.170654296875,2360.134521484375,7982.7177734375
2021-04-27,5766.17578125,1176.69140625,2471.1884765625,2979.078857421875,2374.57373046875,1250.0,2624.592041015625,3937.896728515625,2432.278564453125,7890.9619140625
2021-04-28,5689.654296875,1137.468505859375,2502.155517578125,2950.5029296875,2433.44775390625,1250.0,2607.98046875,3813.166259765625,2401.359619140625,7868.02392578125
2021-04-29,5770.67724609375,1106.08984375,2464.99462890625,2971.93505859375,2443.259521484375,1250.0,2657.814697265625,3866.6220703125,2421.97216796875,7913.90185546875
2021-04-30,5766.17578125,1141.3907470703125,2495.9619140625,2893.350341796875,2423.63525390625,1250.0,2657.814697265625,3920.077392578125,2349.82861328125,7982.7177734375
2021-05-01,5766.17578125,1141.3907470703125,2495.9619140625,2893.350341796875,2423.63525390625,1250.0,2657.814697265625,3920.077392578125,2349.82861328125,7982.7177734375
2021-05-02,5766.17578125,1141.3907470703125,2495.9619140625,2893.350341796875,2423.63525390625,1250.0,2657.814697265625,3920.077392578125,2349.82861328125,7982.7177734375
2021-05-03,5752.67236328125,1153.15771484375,2452.60791015625,2864.774169921875,2374.57373046875,1250.0,2632.8974609375,3928.768310546875,2298.297119140625,7845.0849609375
2021-05-04,5761.6748046875,1121.7791748046875,2403.060302734375,2900.494384765625,2394.198486328125,1250.0,2666.120361328125,3983.08251953125,2318.90966796875,7822.146484375
2021-05-05,5784.18115234375,1121.7791748046875,2390.673095703125,2921.926513671875,2374.57373046875,1250.0,2657.814697265625,4001.1875,2339.52197265625,7822.146484375
2021-05-06,5784.18115234375,1110.0123291015625,2347.319091796875,2936.21484375,2384.385986328125,1250.0,2649.509033203125,3928.768310546875,2349.82861328125,7799.20703125
2021-05-07,5761.6748046875,1121.7791748046875,2316.35205078125,2893.350341796875,2335.32470703125,1250.0,2649.509033203125,3856.348388671875,2308.603271484375,7753.32958984375
2021-05-08,5761.6748046875,1121.7791748046875,2316.35205078125,2893.350341796875,2335.32470703125,1250.0,2649.509033203125,3856.348388671875,2308.603271484375,7753.32958984375
2021-05-09,5761.6748046875,1121.7791748046875,2316.35205078125,2893.350341796875,2335.32470703125,1250.0,2649.509033203125,3856.348388671875,2308.603271484375,7753.32958984375
2021-05-10,5779.68017578125,1123.7403564453125,2254.4169921875,2893.350341796875,2345.136962890625,1250.0,2632.8974609375,3892.55859375,2298.297119140625,7890.9619140625
2021-05-11,5833.69580078125,1113.9345703125,2161.515380859375,2850.48583984375,2315.699951171875,1250.0,2641.203125,3783.928955078125,2277.6845703125,7822.146484375
2021-05-12,5833.69580078125,1113.9345703125,2161.515380859375,2850.48583984375,2315.699951171875,1250.0,2641.203125,3783.928955078125,2277.6845703125,7822.146484375
2021-05-13,5833.69580078125,1113.9345703125,2161.515380859375,2850.48583984375,2315.699951171875,1250.0,2641.203125,3783.928955078125,2277.6845703125,7822.146484375
2021-05-14,5833.69580078125,1113.9345703125,2161.515380859375,2850.48583984375,2315.699951171875,1250.0,2641.203125,3783.928955078125,2277.6845703125,7822.146484375
2021-05-15,5833.69580078125,1113.9345703125,2161.515380859375,2850.48583984375,2315.699951171875,1250.0,2641.203125,3783.928955078125,2277.6845703125,7822.146484375
2021-05-16,5833.69580078125,1113.9345703125,2161.515380859375,2850.48583984375,2315.699951171875,1250.0,2641.203125,3783.928955078125,2277.6845703125,7822.146484375
2021-05-17,5851.701171875,1115.8956298828125,2037.6463623046875,2786.189208984375,2325.51220703125,1240.0,2649.509033203125,3747.719482421875,2267.378662109375,7569.8193359375
2021-05-18,5752.67236328125,1113.9345703125,1975.7119140625,2786.189208984375,2315.699951171875,1240.0,2641.203125,3729.614013671875,2246.765625,7615.6962890625
2021-05-19,5712.16064453125,1113.9345703125,1845.6492919921875,2764.75732421875,2227.3896484375,1155.0,2624.592041015625,3657.194091796875,2164.3154296875,7592.75732421875
2021-05-20,5743.66943359375,1102.167724609375,1889.00341796875,2771.90087890625,2217.576904296875,1155.0,2749.177001953125,3747.719482421875,2164.3154296875,7684.51318359375
2021-05-21,5725.6640625,1129.6239013671875,1975.7119140625,2779.044921875,2286.26318359375,1155.0,2715.954345703125,3657.194091796875,2195.234619140625,7638.63525390625
2021-05-22,5725.6640625,1129.6239013671875,1975.7119140625,2779.044921875,2286.26318359375,1155.0,2715.954345703125,3657.194091796875,2195.234619140625,7638.63525390625
2021-05-23,5725.6640625,1129.6239013671875,1975.7119140625,2779.044921875,2286.26318359375,1155.0,2715.954345703125,3657.194091796875,2195.234619140625,7638.63525390625
2021-05-24,5694.15576171875,1208.0699462890625,1901.3902587890625,2886.205810546875,2256.826416015625,1155.0,2707.648681640625,3693.40380859375,2184.928466796875,7523.94091796875
2021-05-25,5721.16357421875,1188.4583740234375,1864.229736328125,2900.494384765625,2315.699951171875,1155.0,2740.871337890625,3675.298828125,2195.234619140625,7501.001953125
2021-05-26,5721.16357421875,1188.4583740234375,1864.229736328125,2900.494384765625,2315.699951171875,1155.0,2740.871337890625,3675.298828125,2195.234619140625,7501.001953125
2021-05-27,5644.6416015625,1190.419677734375,1895.197021484375,2821.90966796875,2256.826416015625,1155.0,2807.31689453125,3729.614013671875,2123.090576171875,7592.75732421875
2021-05-28,5707.6591796875,1192.3807373046875,1876.61669921875,2907.638427734375,2276.450927734375,1100.0,2715.954345703125,3729.614013671875,2143.703125,7455.1240234375
2021-05-29,5707.6591796875,1192.3807373046875,1876.61669921875,2907.638427734375,2276.450927734375,1100.0,2715.954345703125,3729.614013671875,2143.703125,7455.1240234375
2021-05-30,5707.6591796875,1192.3807373046875,1876.61669921875,2907.638427734375,2276.450927734375,1100.0,2715.954345703125,3729.614013671875,2143.703125,7455.1240234375
2021-05-31,5739.16796875,1212.62939453125,1963.324951171875,3043.3759765625,2354.94921875,1080.0,2857.150634765625,3802.033203125,2226.1533203125,7523.94091796875
2021-06-01,5739.16796875,1212.62939453125,1963.324951171875,3043.3759765625,2354.94921875,1080.0,2857.150634765625,3802.033203125,2226.1533203125,7523.94091796875
2021-06-02,5820.1923828125,1212.62939453125,1963.324951171875,3043.3759765625,2394.198486328125,1080.0,2865.456298828125,3856.348388671875,2287.99072265625,7546.8798828125
2021-06-03,5941.72705078125,1184.7774658203125,1926.1641845703125,3114.816650390625,2453.072021484375,1080.0,2898.678955078125,3874.453125,2370.44091796875,7982.7177734375
2021-06-04,5923.72216796875,1186.919921875,1938.5511474609375,3100.528564453125,2404.0107421875,1080.0,2906.98486328125,3783.928955078125,2318.90966796875,7753.32958984375
2021-06-05,5923.72216796875,1186.919921875,1938.5511474609375,3100.528564453125,2404.0107421875,1080.0,2906.98486328125,3783.928955078125,2318.90966796875,7753.32958984375
2021-06-06,5923.72216796875,1186.919921875,1938.5511474609375,3100.528564453125,2404.0107421875,1080.0,2906.98486328125,3783.928955078125,2318.90966796875,7753.32958984375
2021-06-07,5878.708984375,1171.9228515625,1919.970947265625,3036.231689453125,2404.0107421875,1080.0,2948.51318359375,3802.033203125,2277.6845703125,7661.57421875
2021-06-08,5788.68212890625,1165.4954833984375,1907.5838623046875,3000.51123046875,2354.94921875,1080.0,2906.98486328125,3820.138671875,2277.6845703125,7501.001953125
2021-06-09,5878.708984375,1165.4954833984375,2000.4857177734375,3014.79931640625,2413.822998046875,1080.0,2957.59521484375,3856.348388671875,2318.90966796875,7478.06298828125
2021-06-10,5959.732421875,1167.637939453125,2000.4857177734375,3071.9521484375,2433.44775390625,1080.0,3036.115478515625,3910.66259765625,2339.52197265625,7478.06298828125
2021-06-11,5824.69287109375,1186.919921875,1981.9053955078125,3057.66357421875,2462.88427734375,1080.0,3027.39111328125,3820.138671875,2339.52197265625,7501.001953125
2021-06-12,5824.69287109375,1186.919921875,1981.9053955078125,3057.66357421875,2462.88427734375,1080.0,3027.39111328125,3820.138671875,2339.52197265625,7501.001953125
2021-06-13,5824.69287109375,1186.919921875,1981.9053955078125,3057.66357421875,2462.88427734375,1080.0,3027.39111328125,3820.138671875,2339.52197265625,7501.001953125
2021-06-14,5770.67724609375,1214.7718505859375,2056.226806640625,3107.67236328125,2462.88427734375,1080.0,2975.04443359375,3747.719482421875,2287.99072265625,7478.06298828125
2021-06-15,5824.69287109375,1193.347412109375,2310.158447265625,3021.94384765625,2482.509033203125,1080.0,3001.2177734375,3729.614013671875,2277.6845703125,7478.06298828125
2021-06-16,5748.17138671875,1199.7747802734375,2334.932373046875,2864.774169921875,2462.88427734375,1080.0,2975.04443359375,3729.614013671875,2215.84716796875,7501.001953125
2021-06-17,5698.65673828125,1208.3443603515625,2372.093017578125,2879.06201171875,2433.44775390625,1080.0,2922.697509765625,3693.40380859375,2164.3154296875,7455.1240234375
2021-06-18,5694.15576171875,1199.7747802734375,2341.125732421875,2793.333251953125,2433.44775390625,1080.0,2922.697509765625,3620.984130859375,2036.51806640625,7111.0419921875
2021-06-19,5694.15576171875,1199.7747802734375,2341.125732421875,2793.333251953125,2433.44775390625,1080.0,2922.697509765625,3620.984130859375,2036.51806640625,7111.0419921875
2021-06-20,5694.15576171875,1199.7747802734375,2341.125732421875,2793.333251953125,2433.44775390625,1080.0,2922.697509765625,3620.984130859375,2036.51806640625,7111.0419921875
2021-06-21,5626.63623046875,1178.3502197265625,2334.932373046875,2814.765380859375,2364.76123046875,1080.0,2879.0751953125,3563.048583984375,2048.885498046875,7271.6142578125
2021-06-22,5707.6591796875,1182.635009765625,2421.640625,2886.205810546875,2423.63525390625,1005.0,2879.0751953125,3563.048583984375,2040.640380859375,7386.30810546875
2021-06-23,5608.630859375,1208.3443603515625,2478.12158203125,2814.765380859375,2364.76123046875,1005.0,2940.146484375,3570.290771484375,1999.4154052734375,7317.49169921875
2021-06-24,5590.62548828125,1182.635009765625,2478.12158203125,2850.48583984375,2345.136962890625,1005.0,2835.452880859375,3577.532470703125,1987.0478515625,7363.369140625
2021-06-25,5572.61962890625,1184.7774658203125,2503.02734375,2850.48583984375,2315.699951171875,1005.0,2835.452880859375,3563.048583984375,1962.31298828125,7363.369140625
2021-06-26,5572.61962890625,1184.7774658203125,2503.02734375,2850.48583984375,2315.699951171875,1005.0,2835.452880859375,3563.048583984375,1962.31298828125,7363.369140625
2021-06-27,5572.61962890625,1184.7774658203125,2503.02734375,2850.48583984375,2315.699951171875,1005.0,2835.452880859375,3563.048583984375,1962.31298828125,7363.369140625
2021-06-28,5451.0849609375,1182.635009765625,2428.310302734375,2807.62158203125,2237.20166015625,935.0,2765.656982421875,3410.967529296875,1888.1077880859375,7317.49169921875
2021-06-29,5442.08251953125,1169.7802734375,2422.083740234375,2786.189208984375,2266.638671875,925.0,2756.932373046875,3505.11279296875,1888.1077880859375,7569.8193359375
2021-06-30,5424.076171875,1165.4954833984375,2446.989990234375,2814.765380859375,2315.699951171875,925.0,2748.208251953125,3577.532470703125,1908.7203369140625,7478.06298828125
2021-07-01,5424.076171875,1165.4954833984375,2453.216064453125,2814.765380859375,2345.136962890625,925.0,2713.31005859375,3639.089111328125,1937.5780029296875,7799.20703125
2021-07-02,5491.59619140625,1159.068115234375,2428.310302734375,2850.48583984375,2335.32470703125,925.0,2678.412109375,3620.984130859375,1991.17041015625,7730.390625
2021-07-03,5491.59619140625,1159.068115234375,2428.310302734375,2850.48583984375,2335.32470703125,925.0,2678.412109375,3620.984130859375,1991.17041015625,7730.390625
2021-07-04,5491.59619140625,1159.068115234375,2428.310302734375,2850.48583984375,2335.32470703125,925.0,2678.412109375,3620.984130859375,1991.17041015625,7730.390625
2021-07-05,5500.599609375,1165.4954833984375,2378.498779296875,2786.189208984375,2296.0751953125,920.0,2652.239013671875,3577.532470703125,1945.8226318359375,7546.8798828125
2021-07-06,5451.0849609375,1195.48974609375,2378.498779296875,2779.044921875,2266.638671875,1060.0,2626.0654296875,3548.564697265625,1941.7003173828125,7707.45263671875
2021-07-07,5460.08740234375,1182.635009765625,2446.989990234375,2729.03662109375,2256.826416015625,1247.5,2643.514404296875,3548.564697265625,1949.9453125,7753.32958984375
2021-07-08,5415.07373046875,1180.4925537109375,2440.76318359375,2764.75732421875,2315.699951171875,1445.0,2626.0654296875,3534.080810546875,1962.31298828125,7776.267578125
2021-07-09,5419.57568359375,1180.4925537109375,2471.8955078125,2714.748291015625,2266.638671875,1450.0,2756.932373046875,3555.805908203125,1912.8426513671875,7845.0849609375
2021-07-10,5419.57568359375,1180.4925537109375,2471.8955078125,2714.748291015625,2266.638671875,1450.0,2756.932373046875,3555.805908203125,1912.8426513671875,7845.0849609375
2021-07-11,5419.57568359375,1180.4925537109375,2471.8955078125,2714.748291015625,2266.638671875,1450.0,2756.932373046875,3555.805908203125,1912.8426513671875,7845.0849609375
2021-07-12,5554.61474609375,1171.9228515625,2490.57470703125,2686.171875,2276.450927734375,1437.5,2730.759033203125,3563.048583984375,1937.5780029296875,8097.41162109375
2021-07-13,5442.08251953125,1163.35302734375,2459.4423828125,2700.460205078125,2266.638671875,1437.5,2678.412109375,3548.564697265625,1925.2103271484375,8212.1064453125
2021-07-14,5392.568359375,1156.925537109375,2453.216064453125,2650.451416015625,2237.20166015625,1405.0,2669.68798828125,3425.451171875,1888.1077880859375,7982.7177734375
2021-07-15,5505.1005859375,1159.068115234375,2428.310302734375,2721.89208984375,2305.8876953125,1310.0,2730.759033203125,3483.386962890625,1945.8226318359375,7959.77880859375
2021-07-16,5500.599609375,1167.637939453125,2384.725341796875,2743.32470703125,2305.8876953125,1230.0,2765.656982421875,3534.080810546875,1982.92529296875,7868.02392578125
2021-07-17,5500.599609375,1167.637939453125,2384.725341796875,2743.32470703125,2305.8876953125,1230.0,2765.656982421875,3534.080810546875,1982.92529296875,7868.02392578125
2021-07-18,5500.599609375,1167.637939453125,2384.725341796875,2743.32470703125,2305.8876953125,1230.0,2765.656982421875,3534.080810546875,1982.92529296875,7868.02392578125
2021-07-19,5406.0712890625,1178.3502197265625,2266.4228515625,2700.460205078125,2256.826416015625,1200.0,2809.279541015625,3461.66064453125,1987.0478515625,7799.20703125
2021-07-20,5406.0712890625,1178.3502197265625,2266.4228515625,2700.460205078125,2256.826416015625,1200.0,2809.279541015625,3461.66064453125,1987.0478515625,7799.20703125
2021-07-21,5410.5732421875,1178.3502197265625,2216.611572265625,2729.03662109375,2325.51220703125,1200.0,2800.554931640625,3526.8388671875,2020.0279541015625,7799.20703125
2021-07-22,5541.11083984375,1182.635009765625,2210.385009765625,2786.189208984375,2374.57373046875,1280.0,2844.17724609375,3606.500732421875,2123.090576171875,8097.41162109375
2021-07-23,5433.07861328125,1186.919921875,2179.2529296875,2764.75732421875,2345.136962890625,1282.5,2765.656982421875,3584.774169921875,2092.171875,7936.84033203125
2021-07-24,5433.07861328125,1186.919921875,2179.2529296875,2764.75732421875,2345.136962890625,1282.5,2765.656982421875,3584.774169921875,2092.171875,7936.84033203125
2021-07-25,5433.07861328125,1186.919921875,2179.2529296875,2764.75732421875,2345.136962890625,1282.5,2765.656982421875,3584.774169921875,2092.171875,7936.84033203125
2021-07-26,5406.0712890625,1189.0623779296875,2179.2529296875,2736.1806640625,2276.450927734375,1215.0,2783.10595703125,3454.419189453125,2081.865234375,8005.65625
2021-07-27,5406.0712890625,1201.917236328125,2191.70556640625,2714.748291015625,2286.26318359375,1287.5,2852.901611328125,3447.17724609375,2071.559326171875,7799.20703125
2021-07-28,5383.5654296875,1208.3443603515625,2204.158447265625,2664.739990234375,2315.699951171875,1285.0,2783.10595703125,3410.967529296875,2044.76318359375,7799.20703125
2021-07-29,5437.58056640625,1242.6236572265625,2260.196533203125,2693.31640625,2256.826416015625,1300.0,2818.003662109375,3367.515380859375,2032.3953857421875,7661.57421875
2021-07-30,5374.56201171875,1234.053955078125,2341.14013671875,2650.451416015625,2237.20166015625,1315.0,2826.728271484375,3418.208740234375,1970.557861328125,7455.1240234375
2021-07-31,5374.56201171875,1234.053955078125,2341.14013671875,2650.451416015625,2237.20166015625,1315.0,2826.728271484375,3418.208740234375,1970.557861328125,7455.1240234375
2021-08-01,5374.56201171875,1234.053955078125,2341.14013671875,2650.451416015625,2237.20166015625,1315.0,2826.728271484375,3418.208740234375,1970.557861328125,7455.1240234375
2021-08-02,5365.5595703125,1234.053955078125,2316.234375,2671.884033203125,2227.3896484375,1542.5,2887.7998046875,3490.62939453125,1987.0478515625,7455.1240234375
2021-08-03,5532.10791015625,1255.478515625,2328.687255859375,2679.028076171875,2266.638671875,1500.0,2905.24853515625,3577.532470703125,2040.640380859375,7546.8798828125
2021-08-04,5509.60205078125,1268.3331298828125,2347.366455078125,2750.468505859375,2286.26318359375,1500.0,2940.146484375,3548.564697265625,2081.865234375,7501.001953125
2021-08-05,5671.64892578125,1276.9029541015625,2328.687255859375,2893.350341796875,2374.57373046875,1500.0,2913.972900390625,3541.322509765625,2143.703125,7478.06298828125
2021-08-06,5545.61181640625,1281.18798828125,2334.913818359375,2807.62158203125,2345.136962890625,1610.0,2896.52392578125,3577.532470703125,2112.784423828125,7592.75732421875
2021-08-07,5545.61181640625,1281.18798828125,2334.913818359375,2807.62158203125,2345.136962890625,1610.0,2896.52392578125,3577.532470703125,2112.784423828125,7592.75732421875
2021-08-08,5545.61181640625,1281.18798828125,2334.913818359375,2807.62158203125,2345.136962890625,1610.0,2896.52392578125,3577.532470703125,2112.784423828125,7592.75732421875
2021-08-09,5581.62255859375,1283.3304443359375,2291.328857421875,2750.468505859375,2276.450927734375,1610.0,2835.452880859375,3519.5966796875,2053.008056640625,7478.06298828125
2021-08-10,5671.64892578125,1285.4727783203125,2291.328857421875,2729.03662109375,2276.450927734375,1685.0,2818.003662109375,3555.805908203125,2057.13037109375,7386.30810546875
2021-08-11,5671.64892578125,1285.4727783203125,2291.328857421875,2729.03662109375,2276.450927734375,1685.0,2818.003662109375,3555.805908203125,2057.13037109375,7386.30810546875
2021-08-12,5671.64892578125,1291.9002685546875,2278.8759765625,2721.89208984375,2325.51220703125,1800.0,2922.697509765625,3577.532470703125,2092.171875,7409.2470703125
2021-08-13,5770.67724609375,1285.4727783203125,2303.781494140625,2764.75732421875,2354.94921875,1750.0,2879.0751953125,3639.089111328125,2102.478271484375,7523.94091796875
2021-08-14,5770.67724609375,1285.4727783203125,2303.781494140625,2764.75732421875,2354.94921875,1750.0,2879.0751953125,3639.089111328125,2102.478271484375,7523.94091796875
2021-08-15,5770.67724609375,1285.4727783203125,2303.781494140625,2764.75732421875,2354.94921875,1750.0,2879.0751953125,3639.089111328125,2102.478271484375,7523.94091796875
2021-08-16,5779.68017578125,1294.0428466796875,2247.74365234375,2807.62158203125,2345.136962890625,1750.0,2913.972900390625,3675.298828125,2123.090576171875,7569.8193359375
2021-08-17,5779.68017578125,1294.0428466796875,2247.74365234375,2807.62158203125,2345.136962890625,1750.0,2913.972900390625,3675.298828125,2123.090576171875,7569.8193359375
2021-08-18,5941.72705078125,1283.3304443359375,2266.4228515625,2907.638427734375,2374.57373046875,1750.0,2983.768798828125,3783.928955078125,2236.459716796875,7661.57421875
2021-08-19,5941.72705078125,1281.18798828125,2229.064208984375,2771.90087890625,2296.0751953125,1750.0,2957.59521484375,3729.614013671875,2184.928466796875,7478.06298828125
2021-08-20,5941.72705078125,1279.0455322265625,2235.290771484375,2807.62158203125,2315.699951171875,1627.5,2966.31982421875,3693.40380859375,2236.459716796875,7478.06298828125
2021-08-21,5941.72705078125,1279.0455322265625,2235.290771484375,2807.62158203125,2315.699951171875,1627.5,2966.31982421875,3693.40380859375,2236.459716796875,7478.06298828125
2021-08-22,5941.72705078125,1279.0455322265625,2235.290771484375,2807.62158203125,2315.699951171875,1627.5,2966.31982421875,3693.40380859375,2236.459716796875,7478.06298828125
2021-08-23,5932.72412109375,1285.4727783203125,2204.158447265625,2829.0537109375,2345.136962890625,1740.0,3001.2177734375,3693.40380859375,2205.540771484375,7546.8798828125
2021-08-24,5941.72705078125,1270.4757080078125,2141.894287109375,2779.044921875,2286.26318359375,1750.0,2966.31982421875,3675.298828125,2195.234619140625,7523.94091796875
2021-08-25,5941.72705078125,1285.4727783203125,2141.894287109375,2779.044921875,2335.32470703125,1750.0,2940.146484375,3729.614013671875,2164.3154296875,7546.8798828125
2021-08-26,5905.716796875,1285.4727783203125,2135.66796875,2764.75732421875,2286.26318359375,1750.0,2931.421875,3693.40380859375,2154.009521484375,7546.8798828125
2021-08-27,5860.7041015625,1270.4757080078125,2085.8564453125,2743.32470703125,2276.450927734375,1750.0,2896.52392578125,3657.194091796875,2184.928466796875,7615.6962890625
2021-08-28,5860.7041015625,1270.4757080078125,2085.8564453125,2743.32470703125,2276.450927734375,1750.0,2896.52392578125,3657.194091796875,2184.928466796875,7615.6962890625
2021-08-29,5860.7041015625,1270.4757080078125,2085.8564453125,2743.32470703125,2276.450927734375,1750.0,2896.52392578125,3657.194091796875,2184.928466796875,7615.6962890625
2021-08-30,5910.2177734375,1259.763427734375,2154.34716796875,2814.765380859375,2335.32470703125,1750.0,2966.31982421875,3820.138671875,2226.1533203125,7890.9619140625
2021-08-31,5896.71484375,1270.4757080078125,1955.1011962890625,2807.62158203125,2394.198486328125,1750.0,2966.31982421875,3783.928955078125,2226.1533203125,7730.390625
2021-09-01,5910.2177734375,1268.3331298828125,1911.5159912109375,2779.044921875,2354.94921875,1750.0,2913.972900390625,3747.719482421875,2195.234619140625,7707.45263671875
2021-09-02,5887.71142578125,1266.1907958984375,1892.8367919921875,2764.75732421875,2374.57373046875,1750.0,2940.146484375,3802.033203125,2164.3154296875,7753.32958984375
2021-09-03,5941.72705078125,1268.3331298828125,1880.3837890625,2807.62158203125,2404.0107421875,1750.0,2957.59521484375,3874.453125,2246.765625,7776.267578125
2021-09-04,5941.72705078125,1268.3331298828125,1880.3837890625,2807.62158203125,2404.0107421875,1750.0,2957.59521484375,3874.453125,2246.765625,7776.267578125
2021-09-05,5941.72705078125,1268.3331298828125,1880.3837890625,2807.62158203125,2404.0107421875,1750.0,2957.59521484375,3874.453125,2246.765625,7776.267578125
2021-09-06,5919.22021484375,1266.1907958984375,1843.0252685546875,2750.468505859375,2433.44775390625,1750.0,2957.59521484375,3928.768310546875,2246.765625,7822.146484375
2021-09-07,5914.71923828125,1264.04833984375,1774.534423828125,2793.333251953125,2453.072021484375,1750.0,2948.870849609375,3874.453125,2226.1533203125,7930.39453125
2021-09-08,5797.68505859375,1264.04833984375,1737.17578125,2931.264404296875,2453.072021484375,1750.0,2905.24853515625,3802.033203125,2195.234619140625,7930.39453125
2021-09-09,5914.71923828125,1208.3443603515625,1706.0435791015625,2931.264404296875,2492.3212890625,1750.0,2957.59521484375,3946.872802734375,2226.1533203125,8024.5244140625
2021-09-10,5869.7060546875,1242.6236572265625,1793.2137451171875,2970.5576171875,2433.44775390625,1750.0,2905.24853515625,3928.768310546875,2246.765625,8000.99169921875
2021-09-11,5869.7060546875,1242.6236572265625,1793.2137451171875,2970.5576171875,2433.44775390625,1750.0,2905.24853515625,3928.768310546875,2246.765625,8000.99169921875
2021-09-12,5869.7060546875,1242.6236572265625,1793.2137451171875,2970.5576171875,2433.44775390625,1750.0,2905.24853515625,3928.768310546875,2246.765625,8000.99169921875
2021-09-13,5901.21533203125,1251.193603515625,1755.855224609375,2907.688720703125,2413.822998046875,1750.0,2922.697509765625,3946.872802734375,2226.1533203125,7930.39453125
2021-09-14,5892.21240234375,1266.1907958984375,1762.0816650390625,2907.688720703125,2394.198486328125,1750.0,3001.2177734375,4001.1875,2226.1533203125,7953.92724609375
2021-09-15,5847.2001953125,1283.3304443359375,1743.4022216796875,2876.25439453125,2404.0107421875,1750.0,3009.94189453125,3910.66259765625,2205.540771484375,7883.32958984375
2021-09-16,5851.701171875,1291.9002685546875,1861.70458984375,2860.536865234375,2413.822998046875,1750.0,3001.2177734375,3892.55859375,2174.621826171875,7742.1357421875
2021-09-17,5869.7060546875,1296.18505859375,1855.47802734375,2836.961181640625,2374.57373046875,1750.0,3079.738037109375,3928.768310546875,2184.928466796875,7671.5390625
2021-09-18,5869.7060546875,1296.18505859375,1855.47802734375,2836.961181640625,2374.57373046875,1750.0,3079.738037109375,3928.768310546875,2184.928466796875,7671.5390625
2021-09-19,5869.7060546875,1296.18505859375,1855.47802734375,2836.961181640625,2374.57373046875,1750.0,3079.738037109375,3928.768310546875,2184.928466796875,7671.5390625
2021-09-20,5928.22265625,1294.0428466796875,1805.6666259765625,2821.24365234375,2364.76123046875,1750.0,3071.013427734375,3838.243408203125,2123.090576171875,7648.0068359375
2021-09-21,5842.6982421875,1300.4700927734375,1836.798828125,2805.526611328125,2345.136962890625,1750.0,3079.738037109375,3783.928955078125,2112.784423828125,7812.73291015625
2021-09-22,5901.21533203125,1302.612548828125,1805.6666259765625,2836.961181640625,2384.385986328125,1750.0,3132.084716796875,3820.138671875,2123.090576171875,7718.603515625
2021-09-23,5923.72216796875,1362.6011962890625,1793.2137451171875,2962.698974609375,2384.385986328125,1750.0,3105.911376953125,3729.614013671875,2112.784423828125,7765.66845703125
2021-09-24,5928.22265625,1493.291015625,1793.2137451171875,3001.991943359375,2345.136962890625,1750.0,3105.911376953125,3729.614013671875,2102.478271484375,7812.73291015625
2021-09-25,5928.22265625,1493.291015625,1793.2137451171875,3001.991943359375,2345.136962890625,1750.0,3105.911376953125,3729.614013671875,2102.478271484375,7812.73291015625
2021-09-26,5928.22265625,1493.291015625,1793.2137451171875,3001.991943359375,2345.136962890625,1750.0,3105.911376953125,3729.614013671875,2102.478271484375,7812.73291015625
2021-09-27,5923.72216796875,1568.2769775390625,1780.760986328125,2946.98193359375,2315.699951171875,1750.0,3071.013427734375,3747.719482421875,2092.171875,7859.79736328125
2021-09-28,5869.7060546875,1829.6566162109375,1774.534423828125,2923.40576171875,2335.32470703125,1750.0,3079.738037109375,3675.298828125,2081.865234375,7742.1357421875
2021-09-29,5923.72216796875,2176.734130859375,1755.855224609375,2939.123046875,2354.94921875,1750.0,3079.738037109375,3856.348388671875,2154.009521484375,7742.1357421875
2021-09-30,6301.83203125,2523.811767578125,1793.2137451171875,3025.56787109375,2413.822998046875,1750.0,3219.32958984375,3983.08251953125,2215.84716796875,7859.79736328125
2021-10-01,6085.76904296875,2348.13037109375,1755.855224609375,3064.860595703125,2394.198486328125,2050.0,3193.156005859375,3946.872802734375,2205.540771484375,7836.26513671875
2021-10-02,6085.76904296875,2348.13037109375,1755.855224609375,3064.860595703125,2394.198486328125,2050.0,3193.156005859375,3946.872802734375,2205.540771484375,7836.26513671875
2021-10-03,6085.76904296875,2348.13037109375,1755.855224609375,3064.860595703125,2394.198486328125,2050.0,3193.156005859375,3946.872802734375,2205.540771484375,7836.26513671875
2021-10-04,6265.82177734375,2341.703125,1774.534423828125,3119.87158203125,2541.3828125,2050.0,3201.880615234375,4037.3974609375,2349.82861328125,8142.18505859375
2021-10-05,6252.31787109375,2395.2646484375,1743.4022216796875,3088.43701171875,2521.758056640625,2377.5,3201.880615234375,4019.29248046875,2349.82861328125,8306.9111328125
2021-10-06,6463.87939453125,2472.392822265625,1811.89306640625,3237.75048828125,2590.44384765625,2500.0,3280.40087890625,4327.07666015625,2473.503662109375,8330.4443359375
2021-10-07,6445.8740234375,2485.247314453125,1805.6666259765625,3237.75048828125,2629.693359375,2472.5,3245.5029296875,4127.921875,2463.197509765625,8330.4443359375
2021-10-08,6562.908203125,2459.5380859375,1824.345947265625,3269.184814453125,2708.191650390625,2472.5,3315.298583984375,4306.76220703125,2535.34130859375,8377.5087890625
2021-10-09,6562.908203125,2459.5380859375,1824.345947265625,3269.184814453125,2708.191650390625,2472.5,3315.298583984375,4306.76220703125,2535.34130859375,8377.5087890625
2021-10-10,6562.908203125,2459.5380859375,1824.345947265625,3269.184814453125,2708.191650390625,2472.5,3315.298583984375,4306.76220703125,2535.34130859375,8377.5087890625
2021-10-11,6531.3984375,2450.968505859375,1762.0816650390625,3284.902099609375,2708.191650390625,2477.5,3324.02294921875,4215.51806640625,2638.40380859375,8330.4443359375
2021-10-12,6589.9150390625,2485.247314453125,1755.855224609375,3316.336669921875,2747.440673828125,2497.5,3297.849853515625,4288.51416015625,2638.40380859375,8353.9765625
2021-10-13,6774.46875,2425.2587890625,1730.949462890625,3363.48876953125,2786.689697265625,2497.5,3289.125244140625,4580.4970703125,2751.772705078125,8424.5732421875
2021-10-14,6977.02783203125,2433.82861328125,1799.440185546875,3339.912841796875,2816.126708984375,2497.5,3341.471923828125,4543.9990234375,2834.22265625,8777.55859375
2021-10-15,6887.00244140625,2429.543701171875,1780.760986328125,3394.9228515625,2806.314453125,2490.0,3324.02294921875,4562.248046875,2782.691650390625,8730.494140625
2021-10-16,6887.00244140625,2429.543701171875,1780.760986328125,3394.9228515625,2806.314453125,2490.0,3324.02294921875,4562.248046875,2782.691650390625,8730.494140625
2021-10-17,6887.00244140625,2429.543701171875,1780.760986328125,3394.9228515625,2806.314453125,2490.0,3324.02294921875,4562.248046875,2782.691650390625,8730.494140625
2021-10-18,6774.46875,2403.83447265625,1793.2137451171875,3465.65087890625,2816.126708984375,2490.0,3306.57421875,4543.9990234375,2916.6728515625,8754.0263671875
2021-10-19,6751.96240234375,2373.83984375,1805.6666259765625,3457.791748046875,2825.938720703125,2490.0,3262.95166015625,4635.244140625,2978.510498046875,8754.0263671875
2021-10-20,6751.96240234375,2373.83984375,1805.6666259765625,3457.791748046875,2825.938720703125,2490.0,3262.95166015625,4635.244140625,2978.510498046875,8754.0263671875
2021-10-21,6661.9375,2251.719970703125,1786.9873046875,3426.357666015625,2816.126708984375,2490.0,3358.9208984375,4489.25146484375,3019.735595703125,8683.4287109375
2021-10-22,6774.46875,2185.303955078125,1874.157470703125,3457.791748046875,2825.938720703125,2780.0,3376.369873046875,4507.501953125,3071.26708984375,8565.767578125
2021-10-23,6774.46875,2185.303955078125,1874.157470703125,3457.791748046875,2825.938720703125,2780.0,3376.369873046875,4507.501953125,3071.26708984375,8565.767578125
2021-10-24,6774.46875,2185.303955078125,1874.157470703125,3457.791748046875,2825.938720703125,2780.0,3376.369873046875,4507.501953125,3071.26708984375,8565.767578125
2021-10-25,6774.46875,2262.43212890625,1923.9688720703125,3379.20556640625,2796.502197265625,2960.0,3297.849853515625,4416.25634765625,3030.041748046875,8565.767578125
2021-10-26,6774.46875,2279.572021484375,1899.063232421875,3418.49853515625,2816.126708984375,3330.0,3315.298583984375,4489.25146484375,2999.123046875,8565.767578125
2021-10-27,6706.9501953125,2271.001953125,1905.2896728515625,3371.34716796875,2806.314453125,3282.5,3306.57421875,4379.75830078125,2916.6728515625,8330.4443359375
2021-10-28,6639.4296875,2271.001953125,1849.2518310546875,3332.053955078125,2757.2529296875,3120.0,3271.67626953125,4379.75830078125,2906.36669921875,8283.3798828125
2021-10-29,6729.4560546875,2228.153076171875,1892.8367919921875,3339.912841796875,2816.126708984375,3100.0,3315.298583984375,4398.00732421875,2885.75439453125,8283.3798828125
2021-10-30,6729.4560546875,2228.153076171875,1892.8367919921875,3339.912841796875,2816.126708984375,3100.0,3315.298583984375,4398.00732421875,2885.75439453125,8283.3798828125
2021-10-31,6729.4560546875,2228.153076171875,1892.8367919921875,3339.912841796875,2816.126708984375,3100.0,3315.298583984375,4398.00732421875,2885.75439453125,8283.3798828125
2021-11-01,6661.9375,2198.15869140625,1892.8367919921875,3324.195556640625,2816.126708984375,3100.0,3228.0537109375,4398.00732421875,2823.916748046875,8283.3798828125
2021-11-02,6571.91015625,2069.611328125,1867.9310302734375,3308.478271484375,2757.2529296875,3130.0,3193.156005859375,4306.76220703125,2803.30419921875,8330.4443359375
2021-11-03,6616.92333984375,2106.032958984375,1849.2518310546875,3371.34716796875,2796.502197265625,3125.0,3245.5029296875,4361.509765625,2896.060302734375,8259.8466796875
2021-11-04,6639.4296875,2226.010498046875,1824.345947265625,3339.912841796875,2816.126708984375,3180.0,3289.125244140625,4361.509765625,2885.75439453125,8283.3798828125
2021-11-05,6706.9501953125,2228.153076171875,1786.9873046875,3332.053955078125,2786.689697265625,3205.0,3289.125244140625,4325.01171875,2865.1416015625,8283.3798828125
2021-11-06,6706.9501953125,2228.153076171875,1786.9873046875,3332.053955078125,2786.689697265625,3205.0,3289.125244140625,4325.01171875,2865.1416015625,8283.3798828125
2021-11-07,6706.9501953125,2228.153076171875,1786.9873046875,3332.053955078125,2786.689697265625,3205.0,3289.125244140625,4325.01171875,2865.1416015625,8283.3798828125
2021-11-08,6819.48291015625,2213.15576171875,1793.2137451171875,3324.195556640625,2747.440673828125,3400.0,3271.67626953125,4325.01171875,2906.36669921875,8377.5087890625
2021-11-09,6909.50927734375,2228.153076171875,1830.5723876953125,3339.912841796875,2698.379150390625,4080.0,3236.7783203125,4270.26416015625,2906.36669921875,8401.041015625
2021-11-10,6887.00244140625,2213.15576171875,1811.89306640625,3339.912841796875,2806.314453125,4850.0,3228.0537109375,4507.501953125,2916.6728515625,8377.5087890625
2021-11-11,6909.50927734375,2226.010498046875,1836.798828125,3339.912841796875,2835.751220703125,5055.0,3184.431396484375,4507.501953125,2896.060302734375,8330.4443359375
2021-11-12,6774.46875,2228.153076171875,1811.89306640625,3316.336669921875,2786.689697265625,5040.0,3140.809326171875,4489.25146484375,2844.529052734375,8424.5732421875
2021-11-13,6774.46875,2228.153076171875,1811.89306640625,3316.336669921875,2786.689697265625,5040.0,3140.809326171875,4489.25146484375,2844.529052734375,8424.5732421875
2021-11-14,6774.46875,2228.153076171875,1811.89306640625,3316.336669921875,2786.689697265625,5040.0,3140.809326171875,4489.25146484375,2844.529052734375,8424.5732421875
2021-11-15,6751.96240234375,2221.7255859375,1774.534423828125,3269.184814453125,2767.065185546875,5027.5,3140.809326171875,4471.00341796875,2803.30419921875,8401.041015625
2021-11-16,6729.4560546875,2226.010498046875,1762.0816650390625,3245.609130859375,2835.751220703125,4997.5,3201.880615234375,4507.501953125,2834.22265625,8306.9111328125
2021-11-17,6842.3671875,2228.153076171875,1755.855224609375,3300.61962890625,2835.751220703125,4932.5,3166.982666015625,4562.248046875,2885.75439453125,8330.4443359375
2021-11-18,6684.29248046875,2219.583251953125,1762.0816650390625,3284.902099609375,2816.126708984375,5097.5,3166.982666015625,4525.75048828125,2854.835205078125,8542.234375
2021-11-19,6706.87451171875,2228.153076171875,1786.9873046875,3363.48876953125,2845.5634765625,5280.0,3402.543212890625,4543.9990234375,2896.060302734375,8495.169921875
2021-11-20,6706.87451171875,2228.153076171875,1786.9873046875,3363.48876953125,2845.5634765625,5280.0,3402.543212890625,4543.9990234375,2896.060302734375,8495.169921875
2021-11-21,6706.87451171875,2228.153076171875,1786.9873046875,3363.48876953125,2845.5634765625,5280.0,3402.543212890625,4543.9990234375,2896.060302734375,8495.169921875
2021-11-22,6752.0380859375,2228.153076171875,1786.9873046875,3363.48876953125,2884.812744140625,5175.0,3315.298583984375,4525.75048828125,2957.898193359375,8542.234375
2021-11-23,6752.0380859375,2228.153076171875,1786.9873046875,3308.478271484375,2806.314453125,5137.5,3315.298583984375,4562.248046875,2885.75439453125,8424.5732421875
2021-11-24,6752.0380859375,2245.29248046875,1786.9873046875,3308.478271484375,2806.314453125,5137.5,3315.298583984375,4543.9990234375,2916.6728515625,8471.6376953125
2021-11-25,6706.87451171875,2258.1474609375,1780.760986328125,3316.336669921875,2884.812744140625,5147.5,3489.7880859375,4543.9990234375,2957.898193359375,8424.5732421875
2021-11-26,6571.3818359375,2249.57763671875,1743.4022216796875,3269.184814453125,2786.689697265625,5000.0,3498.512451171875,4306.76220703125,2834.22265625,8353.9765625
2021-11-27,6571.3818359375,2249.57763671875,1743.4022216796875,3269.184814453125,2786.689697265625,5000.0,3498.512451171875,4306.76220703125,2834.22265625,8353.9765625
2021-11-28,6571.3818359375,2249.57763671875,1743.4022216796875,3269.184814453125,2786.689697265625,5000.0,3498.512451171875,4306.76220703125,2834.22265625,8353.9765625
2021-11-29,6684.29248046875,2258.1474609375,1768.3079833984375,3277.043701171875,2816.126708984375,4980.0,3611.930908203125,4361.509765625,2865.1416015625,8353.9765625
2021-11-30,6571.3818359375,2369.554931640625,1762.0816650390625,3214.1748046875,2747.440673828125,4950.0,3481.0634765625,4215.51806640625,2803.30419921875,7953.92724609375
2021-12-01,6593.9638671875,2369.554931640625,1724.7230224609375,3206.316162109375,2776.877685546875,4950.0,3559.583740234375,4124.2724609375,2741.466552734375,8401.041015625
2021-12-02,6774.6201171875,2371.69775390625,1706.0435791015625,3300.61962890625,2825.938720703125,5400.0,3629.379638671875,4270.26416015625,2813.6103515625,8330.4443359375
2021-12-03,6661.7099609375,2330.990966796875,1737.17578125,3277.043701171875,2806.314453125,5400.0,3550.859375,4197.26806640625,2772.38525390625,8189.25048828125
2021-12-04,6661.7099609375,2330.990966796875,1737.17578125,3277.043701171875,2806.314453125,5400.0,3550.859375,4197.26806640625,2772.38525390625,8189.25048828125
2021-12-05,6661.7099609375,2330.990966796875,1737.17578125,3277.043701171875,2806.314453125,5400.0,3550.859375,4197.26806640625,2772.38525390625,8189.25048828125
2021-12-06,6639.1279296875,2275.287353515625,1706.0435791015625,3229.891845703125,2816.126708984375,5400.0,3638.10400390625,4124.2724609375,2823.916748046875,8236.3154296875
2021-12-07,6639.1279296875,2226.010498046875,1718.4964599609375,3324.195556640625,2865.188232421875,5400.0,3620.655029296875,4325.01171875,2906.36669921875,8236.3154296875
2021-12-08,6706.87451171875,2245.29248046875,1737.17578125,3308.478271484375,2806.314453125,5400.0,3568.308349609375,4233.76611328125,2823.916748046875,8259.8466796875
2021-12-09,6639.1279296875,2219.583251953125,1743.4022216796875,3292.7607421875,2884.812744140625,5275.0,3620.655029296875,4379.75830078125,2813.6103515625,8424.5732421875
2021-12-10,6661.7099609375,2271.001953125,1762.0816650390625,3245.609130859375,2825.938720703125,4950.0,3620.655029296875,4325.01171875,2792.998046875,8330.4443359375
2021-12-11,6661.7099609375,2271.001953125,1762.0816650390625,3245.609130859375,2825.938720703125,4950.0,3620.655029296875,4325.01171875,2792.998046875,8330.4443359375
2021-12-12,6661.7099609375,2271.001953125,1762.0816650390625,3245.609130859375,2825.938720703125,4950.0,3620.655029296875,4325.01171875,2792.998046875,8330.4443359375
2021-12-13,6593.9638671875,2273.14453125,1830.5723876953125,3269.184814453125,2796.502197265625,4900.0,3559.583740234375,4306.76220703125,2823.916748046875,8236.3154296875
2021-12-14,6593.9638671875,2275.287353515625,1843.0252685546875,3245.609130859375,2816.126708984375,4900.0,3577.03271484375,4288.51416015625,2834.22265625,8189.25048828125
2021-12-15,6593.9638671875,2262.43212890625,1824.345947265625,3300.61962890625,2855.3759765625,4885.0,3559.583740234375,4379.75830078125,2834.22265625,8283.3798828125
2021-12-16,6571.3818359375,2228.153076171875,1793.2137451171875,3253.4677734375,2845.5634765625,4875.0,3577.03271484375,4233.76611328125,2782.691650390625,8236.3154296875
2021-12-17,6774.6201171875,2313.85107421875,1843.0252685546875,3229.891845703125,2806.314453125,4875.0,3577.03271484375,4233.76611328125,2782.691650390625,8283.3798828125
2021-12-18,6774.6201171875,2313.85107421875,1843.0252685546875,3229.891845703125,2806.314453125,4875.0,3577.03271484375,4233.76611328125,2782.691650390625,8283.3798828125
2021-12-19,6774.6201171875,2313.85107421875,1843.0252685546875,3229.891845703125,2806.314453125,4875.0,3577.03271484375,4233.76611328125,2782.691650390625,8283.3798828125
2021-12-20,6661.7099609375,2313.85107421875,1780.760986328125,3237.75048828125,2776.877685546875,4875.0,3559.583740234375,4142.521484375,2772.38525390625,8306.9111328125
2021-12-21,6661.7099609375,2288.141845703125,1780.760986328125,3206.316162109375,2806.314453125,4900.0,3629.379638671875,4124.2724609375,2762.0791015625,8236.3154296875
2021-12-22,6616.5458984375,2313.85107421875,1768.3079833984375,3182.740478515625,2767.065185546875,4900.0,3585.75732421875,4106.02392578125,2731.16015625,8165.7177734375
2021-12-23,6593.9638671875,2277.429443359375,1786.9873046875,3222.033447265625,2776.877685546875,4900.0,3629.379638671875,4179.01953125,2741.466552734375,8259.8466796875
2021-12-24,6593.9638671875,2305.281494140625,1793.2137451171875,3198.45751953125,2767.065185546875,4900.0,3585.75732421875,4142.521484375,2772.38525390625,8212.7822265625
2021-12-25,6593.9638671875,2305.281494140625,1793.2137451171875,3198.45751953125,2767.065185546875,4900.0,3585.75732421875,4142.521484375,2772.38525390625,8212.7822265625
2021-12-26,6593.9638671875,2305.281494140625,1793.2137451171875,3198.45751953125,2767.065185546875,4900.0,3585.75732421875,4142.521484375,2772.38525390625,8212.7822265625
2021-12-27,6639.1279296875,2305.281494140625,1805.6666259765625,3190.5986328125,2747.440673828125,4900.0,3559.583740234375,4142.521484375,2782.691650390625,8142.18505859375
2021-12-28,6639.1279296875,2271.001953125,1805.6666259765625,3214.1748046875,2767.065185546875,4900.0,3568.308349609375,4179.01953125,2762.0791015625,8189.25048828125
2021-12-29,6593.9638671875,2271.001953125,1799.440185546875,3206.316162109375,2786.689697265625,4900.0,3559.583740234375,4197.26806640625,2772.38525390625,8165.7177734375
2021-12-30,6593.9638671875,2313.85107421875,1824.345947265625,3229.891845703125,2757.2529296875,4900.0,3524.68603515625,4160.77001953125,2782.691650390625,8189.25048828125
2021-12-31,6593.9638671875,2313.85107421875,1824.345947265625,3229.891845703125,2757.2529296875,4900.0,3524.68603515625,4160.77001953125,2782.691650390625,8189.25048828125
2022-01-01,6593.9638671875,2313.85107421875,1824.345947265625,3229.891845703125,2757.2529296875,4900.0,3524.68603515625,4160.77001953125,2782.691650390625,8189.25048828125
2022-01-02,6593.9638671875,2313.85107421875,1824.345947265625,3229.891845703125,2757.2529296875,4900.0,3524.68603515625,4160.77001953125,2782.691650390625,8189.25048828125
2022-01-03,6616.5458984375,2245.29248046875,1805.6666259765625,3284.902099609375,2767.065185546875,4995.0,3646.828369140625,4179.01953125,2772.38525390625,8118.6533203125
2022-01-04,6684.29248046875,2271.001953125,1799.440185546875,3269.184814453125,2816.126708984375,4995.0,3638.10400390625,4215.51806640625,2896.060302734375,8259.8466796875
2022-01-05,6729.45654296875,2264.574951171875,1811.89306640625,3308.478271484375,2757.2529296875,4995.0,3533.410400390625,4069.525390625,2865.1416015625,8306.9111328125
2022-01-06,6752.0380859375,2253.8623046875,1793.2137451171875,3269.184814453125,2757.2529296875,4995.0,3594.481689453125,4142.521484375,2865.1416015625,8330.4443359375
2022-01-07,6910.11328125,2249.57763671875,1805.6666259765625,3292.7607421875,2767.065185546875,4995.0,3638.10400390625,4160.77001953125,2916.6728515625,8353.9765625
2022-01-08,6910.11328125,2249.57763671875,1805.6666259765625,3292.7607421875,2767.065185546875,4995.0,3638.10400390625,4160.77001953125,2916.6728515625,8353.9765625
2022-01-09,6910.11328125,2249.57763671875,1805.6666259765625,3292.7607421875,2767.065185546875,4995.0,3638.10400390625,4160.77001953125,2916.6728515625,8353.9765625
2022-01-10,6864.94775390625,2249.57763671875,1830.5723876953125,3284.902099609375,2767.065185546875,4995.0,3577.03271484375,4124.2724609375,2906.36669921875,8330.4443359375
2022-01-11,6955.27734375,2343.845703125,1811.89306640625,3261.32666015625,2767.065185546875,4995.0,3568.308349609375,4160.77001953125,2896.060302734375,8189.25048828125
2022-01-12,6955.27734375,2455.253173828125,1874.157470703125,3269.184814453125,2806.314453125,4647.5,3585.75732421875,4179.01953125,2906.36669921875,8236.3154296875
2022-01-13,6955.27734375,2528.0966796875,1880.3837890625,3292.7607421875,2796.502197265625,4600.0,3646.828369140625,4215.51806640625,2896.060302734375,8259.8466796875
2022-01-14,7090.76904296875,2611.652587890625,1867.9310302734375,3284.902099609375,2816.126708984375,4602.5,3655.552734375,4179.01953125,2926.979248046875,8236.3154296875
2022-01-15,7090.76904296875,2611.652587890625,1867.9310302734375,3284.902099609375,2816.126708984375,4602.5,3655.552734375,4179.01953125,2926.979248046875,8236.3154296875
2022-01-16,7090.76904296875,2611.652587890625,1867.9310302734375,3284.902099609375,2816.126708984375,4602.5,3655.552734375,4179.01953125,2926.979248046875,8236.3154296875
2022-01-17,7000.44091796875,2742.34228515625,1867.9310302734375,3308.478271484375,2825.938720703125,4602.5,3646.828369140625,4142.521484375,2968.20458984375,8259.8466796875
2022-01-18,6932.6953125,2755.19677734375,1911.5159912109375,3292.7607421875,2845.5634765625,4602.5,3707.900146484375,4124.2724609375,2916.6728515625,8259.8466796875
2022-01-19,6932.6953125,2817.328125,1917.7425537109375,3245.609130859375,2757.2529296875,4602.5,3707.900146484375,4087.774169921875,2926.979248046875,8236.3154296875
2022-01-20,7023.02294921875,2975.869873046875,1961.32763671875,3245.609130859375,2816.126708984375,4602.5,3681.726318359375,4033.02783203125,2947.591796875,8024.5244140625
2022-01-21,7181.09814453125,3035.8583984375,2004.91259765625,3277.043701171875,2865.188232421875,4602.5,3777.6953125,4087.774169921875,2957.898193359375,8165.7177734375
2022-01-22,7181.09814453125,3035.8583984375,2004.91259765625,3277.043701171875,2865.188232421875,4602.5,3777.6953125,4087.774169921875,2957.898193359375,8165.7177734375
2022-01-23,7181.09814453125,3035.8583984375,2004.91259765625,3277.043701171875,2865.188232421875,4602.5,3777.6953125,4087.774169921875,2957.898193359375,8165.7177734375
2022-01-24,7045.60546875,3149.408935546875,2017.365478515625,3237.75048828125,2855.3759765625,4602.5,3751.52197265625,4033.02783203125,2926.979248046875,8095.12060546875
2022-01-25,7023.02294921875,3164.406005859375,2029.818359375,3198.45751953125,2835.751220703125,4602.5,3742.797607421875,3978.28076171875,2803.30419921875,8236.3154296875
2022-01-26,6955.27734375,3149.408935546875,2067.177001953125,3214.1748046875,2933.8740234375,4602.5,3830.042236328125,3978.28076171875,2937.285400390625,8236.3154296875
2022-01-27,7045.60546875,3247.96142578125,2092.08251953125,3253.4677734375,2963.31103515625,4600.0,3725.3486328125,3996.530029296875,2968.20458984375,8189.25048828125
2022-01-28,7023.02294921875,3142.98095703125,2135.66796875,3253.4677734375,3002.560302734375,4600.0,3716.624267578125,3996.530029296875,3091.87939453125,8165.7177734375
2022-01-29,7023.02294921875,3142.98095703125,2135.66796875,3253.4677734375,3002.560302734375,4600.0,3716.624267578125,3996.530029296875,3091.87939453125,8165.7177734375
2022-01-30,7023.02294921875,3142.98095703125,2135.66796875,3253.4677734375,3002.560302734375,4600.0,3716.624267578125,3996.530029296875,3091.87939453125,8165.7177734375
2022-01-31,6887.5302734375,3153.693603515625,2197.932373046875,3198.45751953125,2933.8740234375,4600.0,3655.552734375,3996.530029296875,3019.735595703125,8212.7822265625
2022-02-01,6887.5302734375,3153.693603515625,2197.932373046875,3198.45751953125,2933.8740234375,4600.0,3655.552734375,3996.530029296875,3019.735595703125,8212.7822265625
2022-02-02,7045.60546875,3110.844482421875,2266.4228515625,3198.45751953125,2933.8740234375,4600.0,3638.10400390625,4014.778076171875,3040.348388671875,8165.7177734375
2022-02-03,6977.85888671875,3042.285888671875,2316.234375,3245.609130859375,2933.8740234375,4600.0,3664.277587890625,4014.778076171875,3009.429443359375,8000.99169921875
2022-02-04,6977.85888671875,3198.68505859375,2397.177978515625,3308.478271484375,2933.8740234375,4600.0,3690.450927734375,4014.778076171875,3019.735595703125,8118.6533203125
2022-02-05,6977.85888671875,3198.68505859375,2397.177978515625,3308.478271484375,2933.8740234375,4600.0,3690.450927734375,4014.778076171875,3019.735595703125,8118.6533203125
2022-02-06,6977.85888671875,3198.68505859375,2397.177978515625,3308.478271484375,2933.8740234375,4600.0,3690.450927734375,4014.778076171875,3019.735595703125,8118.6533203125
2022-02-07,7045.60546875,3265.10107421875,2484.34814453125,3457.791748046875,2943.6865234375,4600.0,3742.797607421875,3996.530029296875,3040.348388671875,8142.18505859375
2022-02-08,6977.85888671875,3168.690673828125,2540.385986328125,3489.226318359375,2992.74755859375,4600.0,3690.450927734375,4051.27685546875,3091.87939453125,8118.6533203125
2022-02-09,7181.09814453125,3213.68212890625,2627.556396484375,3497.0849609375,3012.37255859375,4600.0,3734.0732421875,4051.27685546875,3122.79833984375,8165.7177734375
2022-02-10,7000.44091796875,3162.26318359375,2683.59423828125,3512.80224609375,3031.997314453125,4600.0,3891.113525390625,3978.28076171875,3164.0234375,8118.6533203125
2022-02-11,7068.1875,3085.135009765625,2496.80126953125,3497.0849609375,3031.997314453125,4600.0,3882.388916015625,3978.28076171875,3174.32958984375,8142.18505859375
2022-02-12,7068.1875,3085.135009765625,2496.80126953125,3497.0849609375,3031.997314453125,4600.0,3882.388916015625,3978.28076171875,3174.32958984375,8142.18505859375
2022-02-13,7068.1875,3085.135009765625,2496.80126953125,3497.0849609375,3031.997314453125,4600.0,3882.388916015625,3978.28076171875,3174.32958984375,8142.18505859375
2022-02-14,6955.27734375,3123.69921875,2341.14013671875,3465.65087890625,3061.433837890625,4600.0,3838.766845703125,3868.78662109375,3174.32958984375,8048.05615234375
2022-02-15,7113.3515625,3076.565185546875,2422.083740234375,3481.36767578125,3100.68310546875,4600.0,3847.491455078125,4014.778076171875,3267.0859375,8048.05615234375
2022-02-16,7203.67919921875,3074.42236328125,2440.76318359375,3473.509033203125,3081.058349609375,4600.0,3838.766845703125,3996.530029296875,3277.392333984375,8000.99169921875
2022-02-17,7135.93359375,3050.855712890625,2353.59326171875,3457.791748046875,3081.058349609375,4650.0,3847.491455078125,3996.530029296875,3256.77978515625,8024.5244140625
2022-02-18,7158.515625,3031.573486328125,2366.045654296875,3481.36767578125,3081.058349609375,4650.0,3838.766845703125,4087.774169921875,3287.69873046875,8024.5244140625
2022-02-19,7158.515625,3031.573486328125,2366.045654296875,3481.36767578125,3081.058349609375,4650.0,3838.766845703125,4087.774169921875,3287.69873046875,8024.5244140625
2022-02-20,7158.515625,3031.573486328125,2366.045654296875,3481.36767578125,3081.058349609375,4650.0,3838.766845703125,4087.774169921875,3287.69873046875,8024.5244140625
2022-02-21,7181.09814453125,3031.573486328125,2341.14013671875,3528.51904296875,3081.058349609375,4650.0,3812.593505859375,4069.525390625,3256.77978515625,8000.99169921875
2022-02-22,7135.93359375,3085.135009765625,2310.008056640625,3481.36767578125,3090.870849609375,4650.0,3751.52197265625,4069.525390625,3194.94189453125,8024.5244140625
2022-02-23,7271.42626953125,3170.8330078125,2316.234375,3520.6611328125,3090.870849609375,4650.0,3795.14453125,4124.2724609375,3267.0859375,8189.25048828125
2022-02-24,7226.26123046875,3170.8330078125,2222.837890625,3449.933349609375,3022.184814453125,4650.0,3699.175048828125,4160.77001953125,3225.86083984375,8024.5244140625
2022-02-25,7271.42626953125,3217.96728515625,2247.74365234375,3575.67138671875,3022.184814453125,4650.0,3786.420166015625,4233.76611328125,3298.005126953125,8000.99169921875
2022-02-26,7271.42626953125,3217.96728515625,2247.74365234375,3575.67138671875,3022.184814453125,4650.0,3786.420166015625,4233.76611328125,3298.005126953125,8000.99169921875
2022-02-27,7271.42626953125,3217.96728515625,2247.74365234375,3575.67138671875,3022.184814453125,4650.0,3786.420166015625,4233.76611328125,3298.005126953125,8000.99169921875
2022-02-28,7271.42626953125,3217.96728515625,2247.74365234375,3575.67138671875,3022.184814453125,4650.0,3786.420166015625,4233.76611328125,3298.005126953125,8000.99169921875
2022-03-01,7271.42626953125,3217.96728515625,2316.234375,3638.5400390625,3002.560302734375,4650.0,3795.14453125,4160.77001953125,3267.0859375,7765.66845703125
2022-03-02,7203.67919921875,3337.944580078125,2260.196533203125,3583.5302734375,2992.74755859375,4720.0,3742.797607421875,4033.02783203125,3205.24853515625,7459.74853515625
2022-03-03,7203.67919921875,3337.944580078125,2260.196533203125,3583.5302734375,2992.74755859375,4720.0,3742.797607421875,4033.02783203125,3205.24853515625,7459.74853515625
2022-03-04,7135.93359375,3575.757080078125,2229.064208984375,3669.974365234375,3002.560302734375,5440.0,3838.766845703125,4106.02392578125,3256.77978515625,7365.61865234375
2022-03-05,7135.93359375,3575.757080078125,2229.064208984375,3669.974365234375,3002.560302734375,5440.0,3838.766845703125,4106.02392578125,3256.77978515625,7365.61865234375
2022-03-06,7135.93359375,3575.757080078125,2229.064208984375,3669.974365234375,3002.560302734375,5440.0,3838.766845703125,4106.02392578125,3256.77978515625,7365.61865234375
2022-03-07,6955.27734375,3680.737548828125,2129.441162109375,3552.09521484375,2963.31103515625,5060.0,3934.73583984375,4233.76611328125,3184.6357421875,6965.5693359375
2022-03-08,6910.11328125,3727.87109375,2067.177001953125,3481.36767578125,2963.31103515625,4707.5,4030.705078125,4562.248046875,3133.104736328125,7153.828125
2022-03-09,7090.76904296875,3811.426513671875,2123.21484375,3591.388671875,2992.74755859375,4400.0,3873.66455078125,4598.74658203125,3205.24853515625,7177.3603515625
2022-03-10,7158.515625,3640.031005859375,2191.70556640625,3591.388671875,3012.37255859375,4400.0,3847.491455078125,4562.248046875,3205.24853515625,7295.02197265625
2022-03-11,7181.09814453125,3436.49755859375,2197.932373046875,3594.86181640625,3002.560302734375,4400.0,4004.531982421875,4580.4970703125,3277.392333984375,7106.7626953125
2022-03-12,7181.09814453125,3436.49755859375,2197.932373046875,3594.86181640625,3002.560302734375,4400.0,4004.531982421875,4580.4970703125,3277.392333984375,7106.7626953125
2022-03-13,7181.09814453125,3436.49755859375,2197.932373046875,3594.86181640625,3002.560302734375,4400.0,4004.531982421875,4580.4970703125,3277.392333984375,7106.7626953125
2022-03-14,7294.00732421875,3442.9248046875,2229.064208984375,3692.903564453125,3041.8095703125,4400.0,3995.80712890625,4653.4931640625,3339.22998046875,7083.23046875
2022-03-15,7361.75390625,3451.49462890625,2253.97021484375,3766.4345703125,3051.621826171875,4400.0,4030.705078125,4598.74658203125,3328.923828125,6989.1015625
2022-03-16,7406.91845703125,3427.927734375,2378.498779296875,3799.11572265625,3120.3076171875,4400.0,4039.429931640625,4671.7421875,3442.29248046875,7177.3603515625
2022-03-17,7226.26123046875,3505.055908203125,2334.913818359375,3799.11572265625,3120.3076171875,4400.0,3908.5625,4689.9912109375,3390.760986328125,7130.29541015625
2022-03-18,7135.93359375,3597.181640625,2359.819580078125,3741.924560546875,3110.495361328125,4400.0,3960.90966796875,4671.7421875,3421.679931640625,7130.29541015625
2022-03-19,7135.93359375,3597.181640625,2359.819580078125,3741.924560546875,3110.495361328125,4400.0,3960.90966796875,4671.7421875,3421.679931640625,7130.29541015625
2022-03-20,7135.93359375,3597.181640625,2359.819580078125,3741.924560546875,3110.495361328125,4400.0,3960.90966796875,4671.7421875,3421.679931640625,7130.29541015625
2022-03-21,7135.93359375,3547.905029296875,2384.725341796875,3750.0947265625,3145.708984375,4400.0,3969.6337890625,4817.734375,3328.923828125,7012.6337890625
2022-03-22,7158.515625,3599.323974609375,2372.2724609375,3790.94580078125,3155.9892578125,4400.0,3969.6337890625,4799.48486328125,3308.31103515625,7036.166015625
2022-03-23,7135.93359375,3597.181640625,2384.725341796875,3799.11572265625,3197.109619140625,4400.0,3969.6337890625,4726.48876953125,3328.923828125,7059.6982421875
2022-03-24,7158.515625,3567.187255859375,2378.498779296875,3864.476806640625,3258.7900390625,4400.0,3978.358154296875,4799.48486328125,3453.326171875,7106.7626953125
2022-03-25,7181.09814453125,3597.181640625,2366.045654296875,3848.13623046875,3227.949951171875,4400.0,3943.460693359375,4671.7421875,3453.326171875,6824.375
2022-03-26,7181.09814453125,3597.181640625,2366.045654296875,3848.13623046875,3227.949951171875,4400.0,3943.460693359375,4671.7421875,3453.326171875,6824.375
2022-03-27,7181.09814453125,3597.181640625,2366.045654296875,3848.13623046875,3227.949951171875,4400.0,3943.460693359375,4671.7421875,3453.326171875,6824.375
2022-03-28,7245.29638671875,3597.181640625,2415.857666015625,3864.476806640625,3238.229736328125,4400.0,4013.256591796875,4890.72998046875,3568.78662109375,6847.9072265625
2022-03-29,7199.43994140625,3595.03955078125,2471.8955078125,3831.796142578125,3258.7900390625,4400.0,3978.358154296875,4781.236328125,3516.304443359375,6871.439453125
2022-03-30,7222.3681640625,3575.757080078125,2490.57470703125,3848.13623046875,3238.229736328125,4400.0,3995.80712890625,4854.232421875,3526.80126953125,6942.03662109375
2022-03-31,7314.080078125,3715.0166015625,2515.48046875,3807.28564453125,3248.510009765625,4400.0,3995.80712890625,4799.48486328125,3463.822265625,6918.50439453125
2022-04-01,7268.22509765625,3727.87109375,2527.93359375,3864.476806640625,3238.229736328125,4400.0,3995.80712890625,4890.72998046875,3442.82958984375,7083.23046875
2022-04-02,7268.22509765625,3727.87109375,2527.93359375,3864.476806640625,3238.229736328125,4400.0,3995.80712890625,4890.72998046875,3442.82958984375,7083.23046875
2022-04-03,7268.22509765625,3727.87109375,2527.93359375,3864.476806640625,3238.229736328125,4400.0,3995.80712890625,4890.72998046875,3442.82958984375,7083.23046875
2022-04-04,7245.29638671875,3753.58056640625,2559.0654296875,3839.96630859375,3217.669677734375,4400.0,3960.90966796875,4981.97509765625,3537.29736328125,7106.7626953125
2022-04-05,7245.29638671875,3685.022216796875,2608.877197265625,3839.96630859375,3217.669677734375,4100.0,3943.460693359375,5036.72265625,3516.304443359375,7130.29541015625
2022-04-06,7107.7275390625,3685.022216796875,2627.556396484375,3758.265380859375,3155.9892578125,3815.0,3864.9404296875,5109.71826171875,3421.836669921875,6965.5693359375
2022-04-07,7107.7275390625,3691.449951171875,2640.009033203125,3782.775146484375,3166.26904296875,3815.0,3960.90966796875,5036.72265625,3484.815185546875,7130.29541015625
2022-04-08,7199.43994140625,3749.296142578125,2677.36767578125,3766.4345703125,3166.26904296875,3815.0,3995.80712890625,5109.71826171875,3537.29736328125,7012.6337890625
2022-04-09,7199.43994140625,3749.296142578125,2677.36767578125,3766.4345703125,3166.26904296875,3815.0,3995.80712890625,5109.71826171875,3537.29736328125,7012.6337890625
2022-04-10,7199.43994140625,3749.296142578125,2677.36767578125,3766.4345703125,3166.26904296875,3815.0,3995.80712890625,5109.71826171875,3537.29736328125,7012.6337890625
2022-04-11,7084.798828125,3768.578125,2752.0849609375,3733.754638671875,3155.9892578125,3815.0,4004.531982421875,5000.224609375,3526.80126953125,7083.23046875
2022-04-12,7153.583984375,3665.739990234375,2683.59423828125,3766.4345703125,3166.26904296875,3557.5,4039.429931640625,5073.22021484375,3537.29736328125,6965.5693359375
2022-04-13,7153.583984375,3685.022216796875,2640.009033203125,3766.4345703125,3176.54931640625,3557.5,4091.7763671875,5091.46923828125,3547.7939453125,6894.9716796875
2022-04-14,7061.87158203125,3702.16162109375,2552.839111328125,3709.244140625,3155.9892578125,3557.5,4083.0517578125,5018.47314453125,3526.80126953125,6753.77783203125
2022-04-15,7061.87158203125,3702.16162109375,2552.839111328125,3709.244140625,3155.9892578125,3557.5,4083.0517578125,5018.47314453125,3526.80126953125,6753.77783203125
2022-04-16,7061.87158203125,3702.16162109375,2552.839111328125,3709.244140625,3155.9892578125,3557.5,4083.0517578125,5018.47314453125,3526.80126953125,6753.77783203125
2022-04-17,7061.87158203125,3702.16162109375,2552.839111328125,3709.244140625,3155.9892578125,3557.5,4083.0517578125,5018.47314453125,3526.80126953125,6753.77783203125
2022-04-18,7061.87158203125,3685.022216796875,2490.57470703125,3717.414306640625,3135.428955078125,3557.5,4109.2255859375,5109.71826171875,3537.29736328125,6683.18115234375
2022-04-19,6993.08642578125,3642.17333984375,2596.424072265625,3733.754638671875,3114.868896484375,3512.5,4083.0517578125,5036.72265625,3526.80126953125,6753.77783203125
2022-04-20,7016.01513671875,3700.019287109375,2590.19775390625,3962.51806640625,3227.949951171875,3330.0,4039.429931640625,5036.72265625,3768.21875,6894.9716796875
2022-04-21,7268.22509765625,3616.4638671875,2552.839111328125,3921.667724609375,3412.991455078125,3330.0,4030.705078125,5109.71826171875,3936.162109375,6989.1015625
2022-04-22,7222.3681640625,3625.03369140625,2552.839111328125,3880.816650390625,3402.71142578125,3330.0,4030.705078125,5146.2158203125,3925.66552734375,6871.439453125
2022-04-23,7222.3681640625,3625.03369140625,2552.839111328125,3880.816650390625,3402.71142578125,3330.0,4030.705078125,5146.2158203125,3925.66552734375,6871.439453125
2022-04-24,7222.3681640625,3625.03369140625,2552.839111328125,3880.816650390625,3402.71142578125,3330.0,4030.705078125,5146.2158203125,3925.66552734375,6871.439453125
2022-04-25,7337.0087890625,3556.47509765625,2540.385986328125,3954.347900390625,3382.151123046875,3097.5,4109.2255859375,5164.46484375,3988.644287109375,6989.1015625
2022-04-26,7451.64990234375,3599.323974609375,2546.61279296875,4036.0498046875,3433.5517578125,3097.5,4152.84765625,5255.71044921875,4030.62939453125,7130.29541015625
2022-04-27,7520.43408203125,3599.323974609375,2542.20068359375,3962.51806640625,3382.151123046875,3000.0,4161.57177734375,5200.962890625,3967.6513671875,7153.828125
2022-04-28,7451.64990234375,3642.17333984375,2504.8154296875,3978.858154296875,3680.27392578125,3000.0,4030.705078125,5529.44482421875,3873.183349609375,7177.3603515625
2022-04-29,7451.64990234375,3642.17333984375,2504.8154296875,3978.858154296875,3680.27392578125,3000.0,4030.705078125,5529.44482421875,3873.183349609375,7177.3603515625
2022-04-30,7451.64990234375,3642.17333984375,2504.8154296875,3978.858154296875,3680.27392578125,3000.0,4030.705078125,5529.44482421875,3873.183349609375,7177.3603515625
2022-05-01,7451.64990234375,3642.17333984375,2504.8154296875,3978.858154296875,3680.27392578125,3000.0,4030.705078125,5529.44482421875,3873.183349609375,7177.3603515625
2022-05-02,7451.64990234375,3642.17333984375,2504.8154296875,3978.858154296875,3680.27392578125,3000.0,4030.705078125,5529.44482421875,3873.183349609375,7177.3603515625
2022-05-03,7451.64990234375,3642.17333984375,2504.8154296875,3978.858154296875,3680.27392578125,3000.0,4030.705078125,5529.44482421875,3873.183349609375,7177.3603515625
2022-05-04,7451.64990234375,3642.17333984375,2504.8154296875,3978.858154296875,3680.27392578125,3000.0,4030.705078125,5529.44482421875,3873.183349609375,7177.3603515625
2022-05-05,7451.64990234375,3642.17333984375,2504.8154296875,3978.858154296875,3680.27392578125,3000.0,4030.705078125,5529.44482421875,3873.183349609375,7177.3603515625
2022-05-06,7451.64990234375,3642.17333984375,2504.8154296875,3978.858154296875,3680.27392578125,3000.0,4030.705078125,5529.44482421875,3873.183349609375,7177.3603515625
2022-05-07,7451.64990234375,3642.17333984375,2504.8154296875,3978.858154296875,3680.27392578125,3000.0,4030.705078125,5529.44482421875,3873.183349609375,7177.3603515625
2022-05-08,7451.64990234375,3642.17333984375,2504.8154296875,3978.858154296875,3680.27392578125,3000.0,4030.705078125,5529.44482421875,3873.183349609375,7177.3603515625
2022-05-09,6970.15771484375,4059.9521484375,2498.584716796875,3701.073974609375,3423.271728515625,2900.0,3760.246826171875,5281.4775390625,3705.240478515625,6965.5693359375
2022-05-10,6901.3740234375,3856.419189453125,2486.122802734375,3701.073974609375,3330.750732421875,2750.0,3786.420166015625,5244.0205078125,3736.7294921875,7506.81298828125
2022-05-11,7016.01513671875,3976.396240234375,2473.660888671875,3668.392822265625,3289.63037109375,2775.0,3777.6953125,5169.10595703125,3684.24755859375,7812.73291015625
2022-05-12,6672.0927734375,3813.5693359375,2461.19921875,3529.500732421875,3238.229736328125,2775.0,3751.52197265625,5131.64892578125,3442.82958984375,7553.87744140625
2022-05-13,6717.94873046875,3873.55859375,2467.43017578125,3472.31005859375,3207.3896484375,2750.0,3716.624267578125,5337.66357421875,3463.822265625,7695.0712890625
2022-05-14,6717.94873046875,3873.55859375,2467.43017578125,3472.31005859375,3207.3896484375,2750.0,3716.624267578125,5337.66357421875,3463.822265625,7695.0712890625
2022-05-15,6717.94873046875,3873.55859375,2467.43017578125,3472.31005859375,3207.3896484375,2750.0,3716.624267578125,5337.66357421875,3463.822265625,7695.0712890625
2022-05-16,6717.94873046875,3873.55859375,2467.43017578125,3472.31005859375,3207.3896484375,2750.0,3716.624267578125,5337.66357421875,3463.822265625,7695.0712890625
2022-05-17,6786.73388671875,3942.116455078125,2461.19921875,3635.712646484375,3227.949951171875,2885.0,3646.828369140625,5244.0205078125,3547.7939453125,7365.61865234375
2022-05-18,6947.23046875,3942.116455078125,2479.891845703125,3635.712646484375,3248.510009765625,3300.0,3707.900146484375,5318.935546875,3673.7509765625,7624.474609375
2022-05-19,6832.58984375,3894.98291015625,2467.43017578125,3627.54248046875,3248.510009765625,3960.0,3673.001708984375,5244.0205078125,3642.261474609375,7506.81298828125
2022-05-20,6786.73388671875,3980.681396484375,2467.43017578125,3619.372314453125,3289.63037109375,4130.0,3638.10400390625,5337.66357421875,3684.24755859375,7577.40966796875
2022-05-21,6786.73388671875,3980.681396484375,2467.43017578125,3619.372314453125,3289.63037109375,4130.0,3638.10400390625,5337.66357421875,3684.24755859375,7577.40966796875
2022-05-22,6786.73388671875,3980.681396484375,2467.43017578125,3619.372314453125,3289.63037109375,4130.0,3638.10400390625,5337.66357421875,3684.24755859375,7577.40966796875
2022-05-23,6763.80517578125,4479.87255859375,2461.19921875,3537.671142578125,3238.229736328125,3842.5,3585.75732421875,5206.5634765625,3715.736572265625,7506.81298828125
2022-05-24,6740.87646484375,4437.02392578125,2467.43017578125,3643.883056640625,3258.7900390625,3575.0,3620.655029296875,5356.392578125,3810.20458984375,7671.5390625
2022-05-25,6763.80517578125,4524.8642578125,2479.891845703125,3554.010986328125,3227.949951171875,3575.0,3664.277587890625,5318.935546875,3747.22607421875,7765.66845703125
2022-05-26,6763.80517578125,4524.8642578125,2479.891845703125,3554.010986328125,3227.949951171875,3575.0,3664.277587890625,5318.935546875,3747.22607421875,7765.66845703125
2022-05-27,6947.23046875,4661.98193359375,2535.9697265625,3709.244140625,3330.750732421875,3342.5,3751.52197265625,5412.578125,3862.686767578125,8118.6533203125
2022-05-28,6947.23046875,4661.98193359375,2535.9697265625,3709.244140625,3330.750732421875,3342.5,3751.52197265625,5412.578125,3862.686767578125,8118.6533203125
2022-05-29,6947.23046875,4661.98193359375,2535.9697265625,3709.244140625,3330.750732421875,3342.5,3751.52197265625,5412.578125,3862.686767578125,8118.6533203125
2022-05-30,6947.23046875,4928.7490234375,2560.8935546875,3619.372314453125,3371.87109375,3350.0,3707.900146484375,5431.30712890625,3862.686767578125,8048.05615234375
2022-05-31,7107.7275390625,5010.2734375,2548.431640625,3782.775146484375,3495.232421875,3392.5,3760.246826171875,5506.22119140625,3852.1904296875,8071.5888671875
2022-06-01,7107.7275390625,5010.2734375,2548.431640625,3782.775146484375,3495.232421875,3392.5,3760.246826171875,5506.22119140625,3852.1904296875,8071.5888671875
2022-06-02,6947.23046875,5047.5419921875,2567.124267578125,3660.223388671875,3371.87109375,3392.5,3742.797607421875,5487.49267578125,3715.736572265625,8048.05615234375
2022-06-03,6970.15771484375,5077.82275390625,2529.739013671875,3692.903564453125,3371.87109375,3620.0,3760.246826171875,5468.76416015625,3757.72265625,8071.5888671875
2022-06-04,6970.15771484375,5077.82275390625,2529.739013671875,3692.903564453125,3371.87109375,3620.0,3760.246826171875,5468.76416015625,3757.72265625,8071.5888671875
2022-06-05,6970.15771484375,5077.82275390625,2529.739013671875,3692.903564453125,3371.87109375,3620.0,3760.246826171875,5468.76416015625,3757.72265625,8071.5888671875
2022-06-06,6832.58984375,5066.17626953125,2511.046142578125,3619.372314453125,3351.31103515625,3822.5,3786.420166015625,5412.578125,3736.7294921875,8142.18505859375
2022-06-07,6763.80517578125,5066.17626953125,2492.353515625,3594.86181640625,3412.991455078125,3675.0,3707.900146484375,5393.849609375,3736.7294921875,8071.5888671875
2022-06-08,6970.15771484375,5119.74951171875,2492.353515625,3652.052978515625,3454.11181640625,3675.0,3707.86865234375,5375.12109375,3778.71533203125,8071.5888671875
2022-06-09,6878.4453125,5487.775390625,2492.353515625,3668.392822265625,3464.391845703125,3675.0,3662.650634765625,5393.849609375,3642.261474609375,8118.6533203125
2022-06-10,6740.87646484375,6149.2900390625,2479.891845703125,3594.86181640625,3361.591064453125,3675.0,3635.52001953125,5187.8349609375,3484.815185546875,8000.99169921875
2022-06-11,6740.87646484375,6149.2900390625,2479.891845703125,3594.86181640625,3361.591064453125,3675.0,3635.52001953125,5187.8349609375,3484.815185546875,8000.99169921875
2022-06-12,6740.87646484375,6149.2900390625,2479.891845703125,3594.86181640625,3361.591064453125,3675.0,3635.52001953125,5187.8349609375,3484.815185546875,8000.99169921875
2022-06-13,6740.87646484375,6221.4970703125,2430.044677734375,3545.841552734375,3330.750732421875,3675.0,3689.781494140625,5262.7490234375,3463.822265625,8095.12060546875
2022-06-14,6786.73388671875,6221.4970703125,2380.19775390625,3562.181640625,3371.87109375,3675.0,3716.912109375,5225.29150390625,3474.31884765625,8142.18505859375
2022-06-15,6717.94873046875,5860.45947265625,2442.506591796875,3635.712646484375,3412.991455078125,3675.0,3671.6943359375,5019.27685546875,3474.31884765625,8095.12060546875
2022-06-16,6947.23046875,5997.88671875,2398.890380859375,3619.372314453125,3443.831787109375,3675.0,3653.60693359375,5131.64892578125,3463.822265625,8165.7177734375
2022-06-17,6878.4453125,6039.81396484375,2373.966796875,3570.351318359375,3320.470703125,3675.0,3725.955810546875,5206.5634765625,3432.3330078125,8048.05615234375
2022-06-18,6878.4453125,6039.81396484375,2373.966796875,3570.351318359375,3320.470703125,3675.0,3725.955810546875,5206.5634765625,3432.3330078125,8048.05615234375
2022-06-19,6878.4453125,6039.81396484375,2373.966796875,3570.351318359375,3320.470703125,3675.0,3725.955810546875,5206.5634765625,3432.3330078125,8048.05615234375
2022-06-20,6993.08642578125,5907.044921875,2336.58154296875,3594.86181640625,3392.43115234375,3675.0,3653.60693359375,5187.8349609375,3411.340087890625,8448.10546875
2022-06-21,7016.01513671875,5983.9111328125,2373.966796875,3578.52197265625,3392.43115234375,3675.0,3716.912109375,5131.64892578125,3547.7939453125,8612.83203125
2022-06-22,6878.4453125,5967.60595703125,2367.73583984375,3529.500732421875,3351.31103515625,3675.0,3662.650634765625,5094.19091796875,3421.836669921875,8683.4287109375
2022-06-23,6901.3740234375,5962.94775390625,2355.274169921875,3521.330810546875,3351.31103515625,3675.0,3762.130126953125,5150.37646484375,3421.836669921875,8777.55859375
2022-06-24,6855.517578125,5981.58251953125,2355.274169921875,3545.841552734375,3412.991455078125,3505.0,3753.08642578125,5000.54833984375,3421.836669921875,8871.6875
2022-06-25,6855.517578125,5981.58251953125,2355.274169921875,3545.841552734375,3412.991455078125,3505.0,3753.08642578125,5000.54833984375,3421.836669921875,8871.6875
2022-06-26,6855.517578125,5981.58251953125,2355.274169921875,3545.841552734375,3412.991455078125,3505.0,3753.08642578125,5000.54833984375,3421.836669921875,8871.6875
2022-06-27,6740.87646484375,6046.80126953125,2355.274169921875,3496.820556640625,3382.151123046875,3505.0,3680.73779296875,4981.8193359375,3379.85107421875,8942.28515625
2022-06-28,6695.02099609375,6608.1572265625,2355.274169921875,3513.160400390625,3341.031005859375,3505.0,3644.563720703125,5019.27685546875,3390.34716796875,8942.28515625
2022-06-29,6672.0927734375,6987.8291015625,2286.734375,3415.11865234375,3269.0703125,3505.0,3653.60693359375,4869.44775390625,3369.354736328125,8895.220703125
2022-06-30,6649.16455078125,7262.68408203125,2243.118408203125,3390.608642578125,3258.7900390625,3505.0,3617.432861328125,4963.0908203125,3295.879638671875,8989.349609375
2022-07-01,6649.16455078125,7341.87939453125,2180.8095703125,3382.438232421875,3125.148681640625,3505.0,3635.52001953125,4888.17626953125,3295.879638671875,8801.0908203125
2022-07-02,6649.16455078125,7341.87939453125,2180.8095703125,3382.438232421875,3125.148681640625,3505.0,3635.52001953125,4888.17626953125,3295.879638671875,8801.0908203125
2022-07-03,6649.16455078125,7341.87939453125,2180.8095703125,3382.438232421875,3125.148681640625,3505.0,3635.52001953125,4888.17626953125,3295.879638671875,8801.0908203125
2022-07-04,6465.73876953125,7407.09912109375,2180.8095703125,3300.73681640625,3042.907958984375,3505.0,3608.38916015625,4869.44775390625,3211.908203125,8683.4287109375
2022-07-05,6649.16455078125,7453.6845703125,2155.885986328125,3341.587646484375,3145.708984375,3505.0,3608.38916015625,4738.34716796875,3253.8935546875,8636.36328125
2022-07-06,6695.02099609375,7115.939453125,2137.193359375,3333.41748046875,3094.30859375,3505.0,3635.52001953125,4551.06005859375,3211.908203125,8895.220703125
2022-07-07,6511.59521484375,6824.7802734375,2168.34765625,3308.9072265625,3053.18798828125,3505.0,3653.60693359375,4457.41748046875,3190.915283203125,8918.751953125
2022-07-08,6557.4521484375,6563.9013671875,2174.57861328125,3431.459228515625,3073.74853515625,3505.0,3626.476318359375,4476.146484375,3190.915283203125,8871.6875
2022-07-09,6557.4521484375,6563.9013671875,2174.57861328125,3431.459228515625,3073.74853515625,3505.0,3626.476318359375,4476.146484375,3190.915283203125,8871.6875
2022-07-10,6557.4521484375,6563.9013671875,2174.57861328125,3431.459228515625,3073.74853515625,3505.0,3626.476318359375,4476.146484375,3190.915283203125,8871.6875
2022-07-11,6534.5234375,6754.90185546875,2174.57861328125,3366.097900390625,3073.74853515625,3505.0,3653.60693359375,4532.33203125,3148.929443359375,8895.220703125
2022-07-12,6580.38037109375,6708.31640625,2255.580078125,3357.927734375,3053.18798828125,3505.0,3626.476318359375,4569.78955078125,3127.9365234375,8777.55859375
2022-07-13,6419.8828125,6615.14501953125,2292.96533203125,3317.076904296875,2991.507568359375,3260.0,3563.171142578125,4363.7744140625,3033.46875,8754.0263671875
2022-07-14,6442.8115234375,6740.92578125,2361.505126953125,3325.247314453125,2991.507568359375,3260.0,3635.52001953125,4569.78955078125,3054.46142578125,8706.9619140625
2022-07-15,6419.8828125,6626.79150390625,2380.19775390625,3357.927734375,2950.38720703125,3260.0,3753.08642578125,4457.41748046875,3054.46142578125,8801.0908203125
2022-07-16,6419.8828125,6626.79150390625,2380.19775390625,3357.927734375,2950.38720703125,3260.0,3753.08642578125,4457.41748046875,3054.46142578125,8801.0908203125
2022-07-17,6419.8828125,6626.79150390625,2380.19775390625,3357.927734375,2950.38720703125,3260.0,3753.08642578125,4457.41748046875,3054.46142578125,8801.0908203125
2022-07-18,6557.4521484375,6163.265625,2392.659423828125,3382.438232421875,3022.347900390625,3260.0,3789.260986328125,4513.603515625,3075.454345703125,8942.28515625
2022-07-19,6580.38037109375,6163.265625,2367.73583984375,3357.927734375,3053.18798828125,3260.0,3762.130126953125,4551.06005859375,3064.9580078125,8895.220703125
2022-07-20,6786.73388671875,6170.2529296875,2392.659423828125,3513.160400390625,3248.510009765625,3260.0,3807.347900390625,4700.89013671875,3222.404541015625,8895.220703125
2022-07-21,6786.73388671875,6170.2529296875,2417.583251953125,3521.330810546875,3248.510009765625,3260.0,3852.56591796875,4625.97509765625,3243.3974609375,8942.28515625
2022-07-22,6717.94873046875,6158.6064453125,2405.121337890625,3488.64990234375,3227.949951171875,3260.0,3825.43505859375,4551.06005859375,3232.90087890625,8848.15625
2022-07-23,6717.94873046875,6158.6064453125,2405.121337890625,3488.64990234375,3227.949951171875,3260.0,3825.43505859375,4551.06005859375,3232.90087890625,8848.15625
2022-07-24,6717.94873046875,6158.6064453125,2405.121337890625,3488.64990234375,3227.949951171875,3260.0,3825.43505859375,4551.06005859375,3232.90087890625,8848.15625
2022-07-25,6695.02099609375,6165.5947265625,2380.19775390625,3472.31005859375,3197.109619140625,3260.0,3834.478759765625,4551.06005859375,3190.915283203125,8895.220703125
2022-07-26,6695.02099609375,6153.9482421875,2330.3505859375,3537.671142578125,3289.63037109375,3260.0,3843.5224609375,4569.78955078125,3222.404541015625,8824.623046875
2022-07-27,6717.94873046875,6235.4736328125,2330.3505859375,3529.500732421875,3330.750732421875,3260.0,3888.739990234375,4569.78955078125,3264.390380859375,8730.494140625
2022-07-28,6740.87646484375,6335.6318359375,2330.3505859375,3562.181640625,3310.1904296875,3300.0,3834.478759765625,4532.33203125,3285.383056640625,8448.10546875
2022-07-29,6740.87646484375,6333.30224609375,2367.73583984375,3562.181640625,3402.71142578125,3300.0,3825.43505859375,4738.34716796875,3295.879638671875,8306.9111328125
2022-07-30,6740.87646484375,6333.30224609375,2367.73583984375,3562.181640625,3402.71142578125,3300.0,3825.43505859375,4738.34716796875,3295.879638671875,8306.9111328125
2022-07-31,6740.87646484375,6333.30224609375,2367.73583984375,3562.181640625,3402.71142578125,3300.0,3825.43505859375,4738.34716796875,3295.879638671875,8306.9111328125
2022-08-01,6878.4453125,6344.94873046875,2330.3505859375,3562.181640625,3279.350341796875,3300.0,3888.739990234375,4850.71875,3337.864990234375,8377.5087890625
2022-08-02,6970.15771484375,6251.77783203125,2305.427001953125,3594.86181640625,3361.591064453125,3300.0,4024.39404296875,4850.71875,3390.34716796875,8657.2412109375
2022-08-03,6993.08642578125,6242.4609375,2311.657958984375,3578.52197265625,3392.43115234375,3300.0,4069.612060546875,4944.3623046875,3411.340087890625,8488.4365234375
2022-08-04,7153.583984375,6149.2900390625,2330.3505859375,3562.181640625,3392.43115234375,3300.0,4114.82958984375,4944.3623046875,3358.858154296875,8609.0107421875
2022-08-05,7222.3681640625,6158.6064453125,2305.427001953125,3562.181640625,3392.43115234375,3300.0,4205.265625,4963.0908203125,3463.822265625,8488.4365234375
2022-08-06,7222.3681640625,6158.6064453125,2305.427001953125,3562.181640625,3392.43115234375,3300.0,4205.265625,4963.0908203125,3463.822265625,8488.4365234375
2022-08-07,7222.3681640625,6158.6064453125,2305.427001953125,3562.181640625,3392.43115234375,3300.0,4205.265625,4963.0908203125,3463.822265625,8488.4365234375
2022-08-08,7222.3681640625,6195.87548828125,2299.1962890625,3570.351318359375,3433.5517578125,3300.0,4250.4833984375,5019.27685546875,3463.822265625,8488.4365234375
2022-08-09,7245.29638671875,6195.87548828125,2292.96533203125,3603.032470703125,3484.9521484375,3300.0,4196.2216796875,5056.73486328125,3547.7939453125,8416.0927734375
2022-08-10,7245.29638671875,6158.6064453125,2317.888916015625,3521.330810546875,3536.3525390625,3300.0,4123.87353515625,5131.64892578125,3558.290283203125,8416.0927734375
2022-08-11,7291.15283203125,6158.6064453125,2305.427001953125,3554.010986328125,3505.512451171875,3300.0,4132.9169921875,5206.5634765625,3579.283203125,8560.7822265625
2022-08-12,7268.22509765625,6158.6064453125,2280.503662109375,3529.500732421875,3484.9521484375,3300.0,4114.82958984375,5206.5634765625,3579.283203125,8367.8623046875
2022-08-13,7268.22509765625,6158.6064453125,2280.503662109375,3529.500732421875,3484.9521484375,3300.0,4114.82958984375,5206.5634765625,3579.283203125,8367.8623046875
2022-08-14,7268.22509765625,6158.6064453125,2280.503662109375,3529.500732421875,3484.9521484375,3300.0,4114.82958984375,5206.5634765625,3579.283203125,8367.8623046875
2022-08-15,7291.15283203125,6151.619140625,2292.96533203125,3513.160400390625,3474.672119140625,3320.0,4024.39404296875,5150.37646484375,3589.77978515625,8560.7822265625
2022-08-16,7314.080078125,6130.6552734375,2268.041748046875,3496.820556640625,3505.512451171875,3287.5,3988.219482421875,5225.29150390625,3600.276123046875,8440.2080078125
2022-08-17,7314.080078125,6130.6552734375,2268.041748046875,3496.820556640625,3505.512451171875,3287.5,3988.219482421875,5225.29150390625,3600.276123046875,8440.2080078125
2022-08-18,7337.0087890625,6130.6552734375,2268.041748046875,3537.671142578125,3536.3525390625,3287.5,4114.82958984375,5225.29150390625,3631.765380859375,8464.322265625
2022-08-19,7245.29638671875,6130.6552734375,2249.34912109375,3513.160400390625,3495.232421875,3320.0,4160.0478515625,5225.29150390625,3568.78662109375,8391.9775390625
2022-08-20,7245.29638671875,6130.6552734375,2249.34912109375,3513.160400390625,3495.232421875,3320.0,4160.0478515625,5225.29150390625,3568.78662109375,8391.9775390625
2022-08-21,7245.29638671875,6130.6552734375,2249.34912109375,3513.160400390625,3495.232421875,3320.0,4160.0478515625,5225.29150390625,3568.78662109375,8391.9775390625
2022-08-22,7337.0087890625,6063.10693359375,2249.34912109375,3488.64990234375,3505.512451171875,3300.0,4205.265625,5187.8349609375,3484.815185546875,8416.0927734375
2022-08-23,7245.29638671875,5979.25244140625,2402.62890625,3513.160400390625,3546.632568359375,3275.0,4214.30908203125,5225.29150390625,3484.815185546875,8488.4365234375
2022-08-24,7291.15283203125,6193.5458984375,2372.720703125,3504.990478515625,3546.632568359375,3275.0,4295.701171875,5281.4775390625,3484.815185546875,8464.322265625
2022-08-25,7405.79296875,6100.375,2322.87353515625,3488.64990234375,3526.072265625,3275.0,4132.9169921875,5225.29150390625,3474.31884765625,8464.322265625
2022-08-26,7337.0087890625,6056.11865234375,2342.8125,3488.64990234375,3495.232421875,3275.0,4060.568359375,5150.37646484375,3484.815185546875,8416.0927734375
2022-08-27,7337.0087890625,6056.11865234375,2342.8125,3488.64990234375,3495.232421875,3275.0,4060.568359375,5150.37646484375,3484.815185546875,8416.0927734375
2022-08-28,7337.0087890625,6056.11865234375,2342.8125,3488.64990234375,3495.232421875,3275.0,4060.568359375,5150.37646484375,3484.815185546875,8416.0927734375
2022-08-29,7474.578125,5976.92333984375,2342.8125,3472.31005859375,3515.79248046875,3180.0,4087.698974609375,5112.919921875,3442.82958984375,8536.6669921875
2022-08-30,7497.505859375,5921.02099609375,2332.843017578125,3480.480224609375,3556.912841796875,3185.0,4051.52490234375,5169.10595703125,3537.29736328125,8416.0927734375
2022-08-31,7520.43408203125,5928.00830078125,2432.537109375,3545.841552734375,3639.153564453125,3185.0,4123.87353515625,5225.29150390625,3579.283203125,8006.13916015625
2022-09-01,7474.578125,6091.0576171875,2322.87353515625,3586.69189453125,3669.993896484375,3185.0,4141.96044921875,5187.8349609375,3579.283203125,8391.9775390625
2022-09-02,7543.3623046875,6191.216796875,2372.720703125,3635.712646484375,3639.153564453125,3185.0,4160.0478515625,5187.8349609375,3652.75830078125,8416.0927734375
2022-09-03,7543.3623046875,6191.216796875,2372.720703125,3635.712646484375,3639.153564453125,3185.0,4160.0478515625,5187.8349609375,3652.75830078125,8416.0927734375
2022-09-04,7543.3623046875,6191.216796875,2372.720703125,3635.712646484375,3639.153564453125,3185.0,4160.0478515625,5187.8349609375,3652.75830078125,8416.0927734375
2022-09-05,7589.21875,6242.4609375,2362.751220703125,3750.0947265625,3680.27392578125,3390.0,4178.134765625,5150.37646484375,3715.736572265625,8391.9775390625
2022-09-06,7589.21875,6335.6318359375,2332.843017578125,3725.584716796875,3628.87353515625,3400.0,4078.6552734375,5169.10595703125,3673.7509765625,8343.748046875
2022-09-07,7680.931640625,6247.11962890625,2322.87353515625,3643.883056640625,3649.433837890625,3470.0,4060.568359375,4981.8193359375,3600.276123046875,8247.2880859375
2022-09-08,7658.00244140625,6151.619140625,2442.506591796875,3758.265380859375,3680.27392578125,3600.0,4123.87353515625,4981.8193359375,3684.24755859375,8223.1728515625
2022-09-09,7680.931640625,6146.9599609375,2611.986572265625,3766.4345703125,3731.67431640625,3600.0,4160.0478515625,5075.462890625,3694.74365234375,8150.8291015625
2022-09-10,7680.931640625,6146.9599609375,2611.986572265625,3766.4345703125,3731.67431640625,3600.0,4160.0478515625,5075.462890625,3694.74365234375,8150.8291015625
2022-09-11,7680.931640625,6146.9599609375,2611.986572265625,3766.4345703125,3731.67431640625,3600.0,4160.0478515625,5075.462890625,3694.74365234375,8150.8291015625
2022-09-12,7680.931640625,6086.3994140625,2641.89501953125,3725.584716796875,3772.794921875,3600.0,4105.7861328125,5225.29150390625,3694.74365234375,8295.5185546875
2022-09-13,7818.5009765625,6195.87548828125,2522.261962890625,3741.924560546875,3885.875732421875,3600.0,4087.698974609375,5393.849609375,3768.21875,8223.1728515625
2022-09-14,7795.572265625,6093.3876953125,2472.414794921875,3741.924560546875,3824.195068359375,3602.5,4051.52490234375,5356.392578125,3736.7294921875,8223.1728515625
2022-09-15,8024.85302734375,6172.5830078125,2432.537109375,3766.4345703125,3844.75537109375,3602.5,4069.612060546875,5281.4775390625,3852.1904296875,8295.5185546875
2022-09-16,7749.71533203125,6167.923828125,2462.445556640625,3676.5634765625,3741.95458984375,4020.0,3988.219482421875,5169.10595703125,3757.72265625,8343.748046875
2022-09-17,7749.71533203125,6167.923828125,2462.445556640625,3676.5634765625,3741.95458984375,4020.0,3988.219482421875,5169.10595703125,3757.72265625,8343.748046875
2022-09-18,7749.71533203125,6167.923828125,2462.445556640625,3676.5634765625,3741.95458984375,4020.0,3988.219482421875,5169.10595703125,3757.72265625,8343.748046875
2022-09-19,7933.140625,6163.265625,2472.414794921875,3733.754638671875,3793.355224609375,3800.0,4069.612060546875,5337.66357421875,3768.21875,8391.9775390625
2022-09-20,7841.42822265625,6077.08203125,2502.322998046875,3668.392822265625,3783.0751953125,3800.0,4051.52490234375,5375.12109375,3768.21875,8560.7822265625
2022-09-21,7772.64404296875,6084.0703125,2621.9560546875,3717.414306640625,3813.9150390625,3800.0,4006.306640625,5356.392578125,3768.21875,8391.9775390625
2022-09-22,7772.64404296875,6121.33837890625,2542.20068359375,3725.584716796875,3783.0751953125,3800.0,4006.306640625,5375.12109375,3778.71533203125,8512.5517578125
2022-09-23,7680.931640625,6093.3876953125,2562.1396484375,3660.223388671875,3783.0751953125,3800.0,3961.089111328125,5356.392578125,3778.71533203125,8681.3564453125
2022-09-24,7680.931640625,6093.3876953125,2562.1396484375,3660.223388671875,3783.0751953125,3800.0,3961.089111328125,5356.392578125,3778.71533203125,8681.3564453125
2022-09-25,7680.931640625,6093.3876953125,2562.1396484375,3660.223388671875,3783.0751953125,3800.0,3961.089111328125,5356.392578125,3778.71533203125,8681.3564453125
2022-09-26,7726.78857421875,6102.7041015625,2472.414794921875,3709.244140625,3803.63525390625,3800.0,4033.4375,5225.29150390625,3778.71533203125,8753.7001953125
2022-09-27,7612.14697265625,6102.7041015625,2362.751220703125,3701.073974609375,3844.75537109375,3800.0,4015.350341796875,5206.5634765625,3778.71533203125,8536.6669921875
2022-09-28,7635.0751953125,6240.13134765625,2382.68994140625,3692.903564453125,3824.195068359375,3800.0,4042.481201171875,5094.19091796875,3778.71533203125,8488.4365234375
2022-09-29,7680.931640625,6149.2900390625,2402.62890625,3660.223388671875,3803.63525390625,3800.0,4015.350341796875,5075.462890625,3768.21875,8536.6669921875
2022-09-30,7841.42822265625,6242.4609375,2392.659423828125,3668.392822265625,3875.595703125,3800.0,4033.4375,4963.0908203125,3768.21875,8343.748046875
2022-10-01,7841.42822265625,6242.4609375,2392.659423828125,3668.392822265625,3875.595703125,3800.0,4033.4375,4963.0908203125,3768.21875,8343.748046875
2022-10-02,7841.42822265625,6242.4609375,2392.659423828125,3668.392822265625,3875.595703125,3800.0,4033.4375,4963.0908203125,3768.21875,8343.748046875
2022-10-03,7795.572265625,6160.93603515625,2372.720703125,3701.073974609375,3813.9150390625,3800.0,4033.4375,4963.0908203125,3736.7294921875,8416.0927734375
2022-10-04,7841.42822265625,6228.4853515625,2432.537109375,3790.94580078125,3793.355224609375,3800.0,4015.350341796875,5038.0048828125,3715.736572265625,8223.1728515625
2022-10-05,7749.71533203125,6261.09521484375,2452.47607421875,3709.244140625,3813.9150390625,3800.0,4033.4375,5000.54833984375,3715.736572265625,8343.748046875
2022-10-06,7726.78857421875,6270.412109375,2442.506591796875,3684.73388671875,3834.475341796875,3800.0,4006.306640625,4944.3623046875,3736.7294921875,8512.5517578125
2022-10-07,7520.43408203125,6307.68017578125,2472.414794921875,3627.54248046875,3875.595703125,3885.0,3933.958251953125,4850.71875,3684.24755859375,8584.896484375
2022-10-08,7520.43408203125,6307.68017578125,2472.414794921875,3627.54248046875,3875.595703125,3885.0,3933.958251953125,4850.71875,3684.24755859375,8584.896484375
2022-10-09,7520.43408203125,6307.68017578125,2472.414794921875,3627.54248046875,3875.595703125,3885.0,3933.958251953125,4850.71875,3684.24755859375,8584.896484375
2022-10-10,7612.14697265625,6361.25390625,2452.47607421875,3570.351318359375,3824.195068359375,3885.0,3997.26318359375,4869.44775390625,3673.7509765625,8633.1259765625
2022-10-11,7566.291015625,6407.83935546875,2452.47607421875,3619.372314453125,3824.195068359375,3885.0,3897.78369140625,4888.17626953125,3652.75830078125,8681.3564453125
2022-10-12,7635.0751953125,6610.486328125,2442.506591796875,3594.86181640625,3875.595703125,3885.0,3924.91455078125,4822.10888671875,3631.765380859375,8633.1259765625
2022-10-13,7589.21875,6794.49951171875,2442.506591796875,3554.010986328125,3896.156005859375,3885.0,3888.739990234375,4822.10888671875,3673.7509765625,8536.6669921875
2022-10-14,7566.291015625,6738.59716796875,2422.567626953125,3488.64990234375,3865.315673828125,3885.0,3879.696533203125,4822.10888671875,3537.29736328125,8391.9775390625
2022-10-15,7566.291015625,6738.59716796875,2422.567626953125,3488.64990234375,3865.315673828125,3885.0,3879.696533203125,4822.10888671875,3537.29736328125,8391.9775390625
2022-10-16,7566.291015625,6738.59716796875,2422.567626953125,3488.64990234375,3865.315673828125,3885.0,3879.696533203125,4822.10888671875,3537.29736328125,8391.9775390625
2022-10-17,7566.291015625,6764.21875,2452.47607421875,3513.160400390625,3885.875732421875,3885.0,3915.870849609375,4879.0634765625,3600.276123046875,8512.5517578125
2022-10-18,7612.14697265625,6761.8896484375,2432.537109375,3504.990478515625,3906.435791015625,3885.0,3843.5224609375,4822.10888671875,3642.261474609375,8633.1259765625
2022-10-19,7589.21875,6696.669921875,2452.47607421875,3513.160400390625,3896.156005859375,3885.0,3798.304443359375,4955.00244140625,3684.24755859375,8801.9306640625
2022-10-20,7795.572265625,6633.779296875,2412.598388671875,3586.69189453125,4070.91748046875,3885.0,3933.958251953125,4879.0634765625,3778.71533203125,9163.6533203125
2022-10-21,7933.140625,6615.14501953125,2462.445556640625,3619.372314453125,4255.95947265625,3885.0,3943.001708984375,4992.97119140625,3778.71533203125,9091.3095703125
2022-10-22,7933.140625,6615.14501953125,2462.445556640625,3619.372314453125,4255.95947265625,3885.0,3943.001708984375,4992.97119140625,3778.71533203125,9091.3095703125
2022-10-23,7933.140625,6615.14501953125,2462.445556640625,3619.372314453125,4255.95947265625,3885.0,3943.001708984375,4992.97119140625,3778.71533203125,9091.3095703125
2022-10-24,8162.42236328125,6538.279296875,2452.47607421875,3676.5634765625,4214.8388671875,3850.0,3988.219482421875,5049.92529296875,3925.66552734375,9091.3095703125
2022-10-25,7978.99755859375,6568.5595703125,2392.659423828125,3750.0947265625,4204.55859375,4000.0,3970.132568359375,5087.8955078125,3957.154296875,9187.7685546875
2022-10-26,7841.42822265625,6610.486328125,2382.68994140625,3701.073974609375,4194.2783203125,3900.0,3952.04541015625,4992.97119140625,3873.183349609375,9453.0322265625
2022-10-27,7978.99755859375,6594.18212890625,2412.598388671875,3758.265380859375,4194.2783203125,3900.0,3952.04541015625,5049.92529296875,3925.66552734375,9477.1474609375
2022-10-28,8024.85302734375,6717.63330078125,2402.62890625,3782.775146484375,4194.2783203125,3900.0,4024.39404296875,4973.986328125,3915.169189453125,9453.0322265625
2022-10-29,8024.85302734375,6717.63330078125,2402.62890625,3782.775146484375,4194.2783203125,3900.0,4024.39404296875,4973.986328125,3915.169189453125,9453.0322265625
2022-10-30,8024.85302734375,6717.63330078125,2402.62890625,3782.775146484375,4194.2783203125,3900.0,4024.39404296875,4973.986328125,3915.169189453125,9453.0322265625
2022-10-31,8070.70947265625,6848.0732421875,2432.537109375,3799.11572265625,4338.19970703125,3900.0,3970.132568359375,5049.92529296875,3946.658447265625,9380.6875
2022-11-01,8070.70947265625,6801.48681640625,2402.62890625,3807.28564453125,4276.51953125,3900.0,3997.26318359375,4992.97119140625,3946.658447265625,9163.6533203125
2022-11-02,8024.85302734375,6766.5478515625,2302.934814453125,3766.4345703125,4142.8779296875,3900.0,3816.3916015625,4879.0634765625,3883.6796875,9260.11328125
2022-11-03,8070.70947265625,6792.17041015625,2292.96533203125,3799.11572265625,4183.99853515625,3900.0,3734.99951171875,4841.09423828125,3904.672119140625,9211.8837890625
2022-11-04,8047.7822265625,6792.17041015625,2352.781982421875,3799.11572265625,4173.71875,3900.0,3807.347900390625,4879.0634765625,3894.17626953125,9308.3427734375
2022-11-05,8047.7822265625,6792.17041015625,2352.781982421875,3799.11572265625,4173.71875,3900.0,3807.347900390625,4879.0634765625,3894.17626953125,9308.3427734375
2022-11-06,8047.7822265625,6792.17041015625,2352.781982421875,3799.11572265625,4173.71875,3900.0,3807.347900390625,4879.0634765625,3894.17626953125,9308.3427734375
2022-11-07,8116.56591796875,6829.43896484375,2322.87353515625,3831.796142578125,4214.8388671875,3920.0,3870.6533203125,4936.017578125,3894.17626953125,9404.802734375
2022-11-08,8024.85302734375,6761.8896484375,2312.904052734375,3774.605224609375,4173.71875,3990.0,3816.3916015625,4955.00244140625,3883.6796875,9404.802734375
2022-11-09,8139.4951171875,6738.59716796875,2292.96533203125,3799.11572265625,4173.71875,3990.0,3789.260986328125,4973.986328125,3904.672119140625,9404.802734375
2022-11-10,8070.70947265625,6736.267578125,2302.934814453125,3701.073974609375,4153.158203125,3990.0,3771.173583984375,4955.00244140625,3894.17626953125,9380.6875
2022-11-11,8116.56591796875,6810.8046875,2352.781982421875,3799.11572265625,4286.7998046875,3990.0,3753.08642578125,4898.0478515625,3904.672119140625,9501.26171875
2022-11-12,8116.56591796875,6810.8046875,2352.781982421875,3799.11572265625,4286.7998046875,3990.0,3753.08642578125,4898.0478515625,3904.672119140625,9501.26171875
2022-11-13,8116.56591796875,6810.8046875,2352.781982421875,3799.11572265625,4286.7998046875,3990.0,3753.08642578125,4898.0478515625,3904.672119140625,9501.26171875
2022-11-14,8024.85302734375,6806.1455078125,2362.751220703125,3741.924560546875,4214.8388671875,3990.0,3662.650634765625,4784.14013671875,3820.701171875,9404.802734375
2022-11-15,8070.70947265625,6848.0732421875,2372.720703125,3741.924560546875,4214.8388671875,3990.0,3662.650634765625,4727.18603515625,3831.19775390625,9453.0322265625
2022-11-16,7887.28466796875,7078.67138671875,2362.751220703125,3692.903564453125,4112.0380859375,4000.0,3662.650634765625,4689.216796875,3820.701171875,9428.9169921875
2022-11-17,8001.92578125,7824.03955078125,2332.843017578125,3815.45556640625,4070.91748046875,4000.0,3653.60693359375,4784.14013671875,3894.17626953125,9332.4580078125
2022-11-18,8093.6376953125,8040.66259765625,2372.720703125,3766.4345703125,4183.99853515625,4000.0,3626.476318359375,4727.18603515625,3862.686767578125,9308.3427734375
2022-11-19,8093.6376953125,8040.66259765625,2372.720703125,3766.4345703125,4183.99853515625,4000.0,3626.476318359375,4727.18603515625,3862.686767578125,9308.3427734375
2022-11-20,8093.6376953125,8040.66259765625,2372.720703125,3766.4345703125,4183.99853515625,4000.0,3626.476318359375,4727.18603515625,3862.686767578125,9308.3427734375
2022-11-21,8001.92578125,8571.736328125,2342.8125,3750.0947265625,4153.158203125,4050.0,3644.563720703125,4803.12451171875,3852.1904296875,9453.0322265625
2022-11-22,8162.42236328125,8622.982421875,2332.843017578125,3750.0947265625,4163.43798828125,4050.0,3617.432861328125,4727.18603515625,3883.6796875,9308.3427734375
2022-11-23,8139.4951171875,8804.6650390625,2312.904052734375,3815.45556640625,4194.2783203125,3960.0,3590.302001953125,4708.201171875,3883.6796875,9549.4912109375
2022-11-24,8254.1357421875,8664.908203125,2332.843017578125,3856.30615234375,4204.55859375,3980.0,3644.563720703125,4708.201171875,3894.17626953125,9453.0322265625
2022-11-25,8231.20703125,8520.4931640625,2342.8125,3880.816650390625,4183.99853515625,3980.0,3644.563720703125,4689.216796875,3904.672119140625,9549.4912109375
2022-11-26,8231.20703125,8520.4931640625,2342.8125,3880.816650390625,4183.99853515625,3980.0,3644.563720703125,4689.216796875,3904.672119140625,9549.4912109375
2022-11-27,8231.20703125,8520.4931640625,2342.8125,3880.816650390625,4183.99853515625,3980.0,3644.563720703125,4689.216796875,3904.672119140625,9549.4912109375
2022-11-28,8277.0634765625,8678.884765625,2342.8125,3938.008056640625,4163.43798828125,3980.0,3599.345458984375,4727.18603515625,3894.17626953125,9621.8359375
2022-11-29,8231.20703125,8604.34765625,2342.8125,3962.51806640625,4245.6796875,3980.0,3599.345458984375,4594.29345703125,3936.162109375,9621.8359375
2022-11-30,8529.2734375,8674.2255859375,2382.68994140625,4068.72998046875,4327.919921875,3980.0,3653.60693359375,4594.29345703125,4156.5869140625,9742.4111328125
2022-12-01,8254.1357421875,8804.6650390625,2372.720703125,4036.0498046875,4276.51953125,3980.0,3581.258544921875,4689.216796875,4072.615234375,9790.640625
2022-12-02,8194.2890625,10551.623046875,2372.720703125,3995.198974609375,4327.919921875,3980.0,3617.432861328125,4651.2470703125,4093.608642578125,9838.8701171875
2022-12-03,8194.2890625,10551.623046875,2372.720703125,3995.198974609375,4327.919921875,3980.0,3617.432861328125,4651.2470703125,4093.608642578125,9838.8701171875
2022-12-04,8194.2890625,10551.623046875,2372.720703125,3995.198974609375,4327.919921875,3980.0,3617.432861328125,4651.2470703125,4093.608642578125,9838.8701171875
2022-12-05,8079.201171875,12647.9716796875,2322.87353515625,3995.198974609375,4471.84130859375,3980.0,3472.735595703125,4575.30859375,4093.608642578125,9983.5595703125
2022-12-06,7987.13037109375,13626.2666015625,2332.843017578125,3970.688720703125,4482.12109375,3980.0,3255.689453125,4461.400390625,4009.63671875,9983.5595703125
2022-12-07,7779.9716796875,14185.2939453125,2352.781982421875,3888.98681640625,4266.2392578125,3980.0,3328.0380859375,4347.4921875,3988.644287109375,9959.4443359375
2022-12-08,7826.00634765625,13556.388671875,2332.843017578125,3954.347900390625,4132.59814453125,3980.0,3382.2998046875,4309.52294921875,3988.644287109375,9838.8701171875
2022-12-09,7895.0595703125,12624.677734375,2342.8125,3921.667724609375,4081.19775390625,3980.0,3300.9072265625,4309.52294921875,4009.63671875,9790.640625
2022-12-10,7895.0595703125,12624.677734375,2342.8125,3921.667724609375,4081.19775390625,3980.0,3300.9072265625,4309.52294921875,4009.63671875,9790.640625
2022-12-11,7895.0595703125,12624.677734375,2342.8125,3921.667724609375,4081.19775390625,3980.0,3300.9072265625,4309.52294921875,4009.63671875,9790.640625
2022-12-12,8010.1484375,12112.2373046875,2412.598388671875,3962.51806640625,4091.477783203125,3980.0,3346.12548828125,4309.52294921875,3999.14013671875,10031.7890625
2022-12-13,8010.1484375,12275.2861328125,2452.47607421875,4060.5595703125,4070.91748046875,3980.0,3391.34326171875,4423.43115234375,4051.622314453125,9935.330078125
2022-12-14,7941.09423828125,12391.7509765625,2462.445556640625,4068.72998046875,4091.477783203125,3980.0,3391.34326171875,4423.43115234375,3999.14013671875,9959.4443359375
2022-12-15,7826.00634765625,12275.2861328125,2442.506591796875,4011.5390625,4070.91748046875,3980.0,3318.99462890625,4404.4462890625,3978.147216796875,9935.330078125
2022-12-16,7918.07763671875,12997.3623046875,2492.353515625,4068.72998046875,4153.158203125,3980.0,3328.0380859375,4385.4619140625,4114.6015625,10055.904296875
2022-12-17,7918.07763671875,12997.3623046875,2492.353515625,4068.72998046875,4153.158203125,3980.0,3328.0380859375,4385.4619140625,4114.6015625,10055.904296875
2022-12-18,7918.07763671875,12997.3623046875,2492.353515625,4068.72998046875,4153.158203125,3980.0,3328.0380859375,4385.4619140625,4114.6015625,10055.904296875
2022-12-19,7964.11279296875,13183.7041015625,2422.567626953125,4060.5595703125,4112.0380859375,3980.0,3364.21240234375,4328.50732421875,3957.154296875,9790.640625
2022-12-20,7895.0595703125,15706.6328125,2422.567626953125,4011.5390625,4132.59814453125,3980.0,3364.21240234375,4328.50732421875,3967.6513671875,9935.330078125
2022-12-21,7987.13037109375,17778.3671875,2452.47607421875,3995.198974609375,4112.0380859375,3980.0,3427.517578125,4328.50732421875,3925.66552734375,9862.9853515625
2022-12-22,7895.0595703125,17392.927734375,2462.445556640625,4052.389892578125,4091.477783203125,3980.0,3391.34326171875,4385.4619140625,3957.154296875,9766.525390625
2022-12-23,7826.00634765625,17898.81640625,2482.384033203125,3987.0283203125,4081.19775390625,3980.0,3418.473876953125,4309.52294921875,3915.169189453125,9670.06640625
2022-12-24,7826.00634765625,17898.81640625,2482.384033203125,3987.0283203125,4081.19775390625,3980.0,3418.473876953125,4309.52294921875,3915.169189453125,9670.06640625
2022-12-25,7826.00634765625,17898.81640625,2482.384033203125,3987.0283203125,4081.19775390625,3980.0,3418.473876953125,4309.52294921875,3915.169189453125,9670.06640625
2022-12-26,7895.0595703125,19826.01171875,2482.384033203125,4027.879150390625,4132.59814453125,3980.0,3391.34326171875,4290.53857421875,3915.169189453125,9790.640625
2022-12-27,7918.07763671875,22548.173828125,2482.384033203125,3978.858154296875,4091.477783203125,3980.0,3445.604736328125,4309.52294921875,3904.672119140625,9718.2958984375
2022-12-28,7964.11279296875,20982.328125,2482.384033203125,3938.008056640625,4101.75830078125,3980.0,3373.256103515625,4271.5537109375,3873.183349609375,9814.755859375
2022-12-29,7895.0595703125,19970.548828125,2572.10888671875,3978.858154296875,4101.75830078125,3980.0,3418.473876953125,4290.53857421875,3873.183349609375,9814.755859375
2022-12-30,7872.0419921875,20235.5390625,2562.1396484375,4036.0498046875,4081.19775390625,3980.0,3391.34326171875,4328.50732421875,3873.183349609375,9645.951171875
2022-12-31,7872.0419921875,20235.5390625,2562.1396484375,4036.0498046875,4081.19775390625,3980.0,3391.34326171875,4328.50732421875,3873.183349609375,9645.951171875
2023-01-01,7872.0419921875,20235.5390625,2562.1396484375,4036.0498046875,4081.19775390625,3980.0,3391.34326171875,4328.50732421875,3873.183349609375,9645.951171875
2023-01-02,7872.0419921875,20476.439453125,2502.322998046875,3978.858154296875,4060.637451171875,3980.0,3436.561279296875,4328.50732421875,3873.183349609375,9790.640625
2023-01-03,7872.0419921875,20524.6171875,2462.445556640625,3962.51806640625,4091.477783203125,3980.0,3490.82275390625,4290.53857421875,3894.17626953125,9814.755859375
2023-01-04,7687.900390625,20355.98828125,2392.659423828125,3897.156982421875,4122.31787109375,3800.0,3454.648193359375,4309.52294921875,3852.1904296875,9742.4111328125
2023-01-05,7595.82958984375,19247.8515625,2342.8125,3790.94580078125,4040.0771484375,3800.0,3409.430419921875,4081.70703125,3778.71533203125,9862.9853515625
2023-01-06,7641.86474609375,19826.01171875,2332.843017578125,3774.605224609375,4029.79736328125,3800.0,3355.1689453125,4138.66064453125,3736.7294921875,9814.755859375
2023-01-07,7641.86474609375,19826.01171875,2332.843017578125,3774.605224609375,4029.79736328125,3800.0,3355.1689453125,4138.66064453125,3736.7294921875,9814.755859375
2023-01-08,7641.86474609375,19826.01171875,2332.843017578125,3774.605224609375,4029.79736328125,3800.0,3355.1689453125,4138.66064453125,3736.7294921875,9814.755859375
2023-01-09,7779.9716796875,19585.11328125,2342.8125,3750.0947265625,3998.95654296875,3800.0,3427.517578125,4062.72216796875,3778.71533203125,9838.8701171875
2023-01-10,7526.77734375,19898.28125,2312.904052734375,3664.884033203125,3813.9150390625,3800.0,3463.69189453125,4043.737548828125,3663.2548828125,9838.8701171875
2023-01-11,7480.74169921875,19898.28125,2352.781982421875,3623.52001953125,3680.27392578125,3800.0,3499.8662109375,3967.79833984375,3568.78662109375,10152.36328125
2023-01-12,7526.77734375,19199.673828125,2352.781982421875,3722.79443359375,3783.0751953125,3800.0,3490.82275390625,4062.72216796875,3610.7724609375,10080.01953125
2023-01-13,7411.6884765625,19416.484375,2342.8125,3706.248779296875,3772.794921875,3800.0,3418.473876953125,4138.66064453125,3642.261474609375,10080.01953125
2023-01-14,7411.6884765625,19416.484375,2342.8125,3706.248779296875,3772.794921875,3800.0,3418.473876953125,4138.66064453125,3642.261474609375,10080.01953125
2023-01-15,7411.6884765625,19416.484375,2342.8125,3706.248779296875,3772.794921875,3800.0,3418.473876953125,4138.66064453125,3642.261474609375,10080.01953125
2023-01-16,7503.75927734375,19368.302734375,2332.843017578125,3739.33984375,3824.195068359375,3800.0,3481.779052734375,4252.568359375,3684.24755859375,10031.7890625
2023-01-17,7664.8828125,19175.583984375,2372.720703125,3772.43212890625,4009.237060546875,3800.0,3572.21484375,4214.599609375,3747.22607421875,9983.5595703125
2023-01-18,7641.86474609375,19344.212890625,2332.843017578125,3805.5234375,3926.99609375,3800.0,3554.127685546875,4290.53857421875,3726.233154296875,10104.1337890625
2023-01-19,7664.8828125,19344.212890625,2352.781982421875,3813.795654296875,4009.237060546875,3800.0,3517.953369140625,4442.41552734375,3757.72265625,10128.2490234375
2023-01-20,7641.86474609375,20885.96875,2342.8125,3846.887451171875,4101.75830078125,3800.0,3499.8662109375,4480.384765625,3789.211669921875,10128.2490234375
2023-01-21,7641.86474609375,20885.96875,2342.8125,3846.887451171875,4101.75830078125,3800.0,3499.8662109375,4480.384765625,3789.211669921875,10128.2490234375
2023-01-22,7641.86474609375,20885.96875,2342.8125,3846.887451171875,4101.75830078125,3800.0,3499.8662109375,4480.384765625,3789.211669921875,10128.2490234375
2023-01-23,7641.86474609375,20885.96875,2342.8125,3846.887451171875,4101.75830078125,3800.0,3499.8662109375,4480.384765625,3789.211669921875,10128.2490234375
2023-01-24,7572.8125,20211.44921875,2342.8125,3822.06884765625,4070.91748046875,3800.0,3481.779052734375,4499.369140625,3799.708251953125,10031.7890625
2023-01-25,7549.794921875,20139.181640625,2352.781982421875,3772.43212890625,3988.6767578125,3800.0,3472.735595703125,4518.3544921875,3810.20458984375,10055.904296875
2023-01-26,7802.98828125,19247.8515625,2322.87353515625,3797.250244140625,4040.0771484375,3800.0,3590.302001953125,4480.384765625,3978.147216796875,9718.2958984375
2023-01-27,8010.1484375,19271.943359375,2342.8125,3838.614990234375,4122.31787109375,3800.0,3581.258544921875,4461.400390625,4009.63671875,9645.951171875
2023-01-28,8010.1484375,19271.943359375,2342.8125,3838.614990234375,4122.31787109375,3800.0,3581.258544921875,4461.400390625,4009.63671875,9645.951171875
2023-01-29,8010.1484375,19271.943359375,2342.8125,3838.614990234375,4122.31787109375,3800.0,3581.258544921875,4461.400390625,4009.63671875,9645.951171875
2023-01-30,8010.1484375,19296.033203125,2332.843017578125,3813.795654296875,4091.477783203125,3800.0,3581.258544921875,4461.400390625,3904.672119140625,9742.4111328125
2023-01-31,7802.98828125,19368.302734375,2302.934814453125,3788.9775390625,4091.477783203125,3800.0,3481.779052734375,4556.3232421875,3841.69384765625,9742.4111328125
2023-02-01,7826.00634765625,19151.494140625,2273.026611328125,3871.705810546875,3988.6767578125,3800.0,3499.8662109375,4556.3232421875,3831.19775390625,10007.673828125
2023-02-02,7779.9716796875,19175.583984375,2322.87353515625,3805.5234375,3998.95654296875,3800.0,3517.953369140625,4499.369140625,3820.701171875,9887.099609375
2023-02-03,8010.1484375,18308.345703125,2312.904052734375,3929.615966796875,4081.19775390625,3800.0,3508.90966796875,4461.400390625,3904.672119140625,10104.1337890625
2023-02-04,8010.1484375,18308.345703125,2312.904052734375,3929.615966796875,4081.19775390625,3800.0,3508.90966796875,4461.400390625,3904.672119140625,10104.1337890625
2023-02-05,8010.1484375,18308.345703125,2312.904052734375,3929.615966796875,4081.19775390625,3800.0,3508.90966796875,4461.400390625,3904.672119140625,10104.1337890625
2023-02-06,8033.166015625,18067.447265625,2332.843017578125,3921.34326171875,4060.637451171875,3800.0,3508.90966796875,4442.41552734375,3925.66552734375,9911.21484375
2023-02-07,8148.25439453125,18693.787109375,2332.843017578125,3929.615966796875,4183.99853515625,3800.0,3436.561279296875,4461.400390625,3936.162109375,9911.21484375
2023-02-08,8125.236328125,18476.9765625,2332.843017578125,3962.70751953125,4194.2783203125,3800.0,3472.735595703125,4404.4462890625,3978.147216796875,9959.4443359375
2023-02-09,8194.2890625,18525.154296875,2322.87353515625,3979.25341796875,4214.8388671875,3800.0,3409.430419921875,4309.52294921875,4009.63671875,9935.330078125
2023-02-10,8125.236328125,18163.8046875,2342.8125,4020.617919921875,4235.39892578125,3800.0,3436.561279296875,4328.50732421875,3999.14013671875,9935.330078125
2023-02-11,8125.236328125,18163.8046875,2342.8125,4020.617919921875,4235.39892578125,3800.0,3436.561279296875,4328.50732421875,3999.14013671875,9935.330078125
2023-02-12,8125.236328125,18163.8046875,2342.8125,4020.617919921875,4235.39892578125,3800.0,3436.561279296875,4328.50732421875,3999.14013671875,9935.330078125
2023-02-13,8171.271484375,18211.984375,2312.904052734375,3970.980712890625,4255.95947265625,3800.0,3427.517578125,4347.4921875,3988.644287109375,9911.21484375
2023-02-14,8240.32421875,18211.984375,2322.87353515625,4028.890625,4266.2392578125,3800.0,3436.561279296875,4347.4921875,3967.6513671875,9935.330078125
2023-02-15,8171.271484375,18067.447265625,2302.934814453125,4028.890625,4204.55859375,3800.0,3427.517578125,4309.52294921875,3957.154296875,9935.330078125
2023-02-16,8010.1484375,18091.53515625,2302.934814453125,4028.890625,4183.99853515625,3805.0,3409.430419921875,4328.50732421875,3925.66552734375,9838.8701171875
2023-02-17,8033.166015625,17898.81640625,2302.934814453125,4037.1630859375,4235.39892578125,3805.0,3400.38671875,4309.52294921875,3894.17626953125,9983.5595703125
2023-02-18,8033.166015625,17898.81640625,2302.934814453125,4037.1630859375,4235.39892578125,3805.0,3400.38671875,4309.52294921875,3894.17626953125,9983.5595703125
2023-02-19,8033.166015625,17898.81640625,2302.934814453125,4037.1630859375,4235.39892578125,3805.0,3400.38671875,4309.52294921875,3894.17626953125,9983.5595703125
2023-02-20,8056.18359375,17633.826171875,2292.96533203125,4037.1630859375,4225.119140625,3805.0,3454.648193359375,4252.568359375,3841.69384765625,9983.5595703125
2023-02-21,8010.1484375,17802.455078125,2322.87353515625,3987.5263671875,4194.2783203125,3805.0,3472.735595703125,4233.58447265625,3799.708251953125,9935.330078125
2023-02-22,7987.13037109375,17898.81640625,2302.934814453125,3937.888916015625,4112.0380859375,3805.0,3490.82275390625,4271.5537109375,3715.736572265625,9862.9853515625
2023-02-23,8033.166015625,18019.265625,2312.904052734375,3970.980712890625,4142.8779296875,3775.0,3590.302001953125,4290.53857421875,3757.72265625,9862.9853515625
2023-02-24,7987.13037109375,18115.625,2302.934814453125,3937.888916015625,4163.43798828125,3775.0,3653.60693359375,4366.47705078125,3736.7294921875,9814.755859375
2023-02-25,7987.13037109375,18115.625,2302.934814453125,3937.888916015625,4163.43798828125,3775.0,3653.60693359375,4366.47705078125,3736.7294921875,9814.755859375
2023-02-26,7987.13037109375,18115.625,2302.934814453125,3937.888916015625,4163.43798828125,3775.0,3653.60693359375,4366.47705078125,3736.7294921875,9814.755859375
2023-02-27,8079.201171875,18284.25390625,2302.934814453125,3979.25341796875,4173.71875,3750.0,3581.258544921875,4404.4462890625,3757.72265625,9694.1806640625
2023-02-28,8056.18359375,18501.06640625,2302.934814453125,3863.43310546875,4112.0380859375,3750.0,3508.90966796875,4632.2626953125,3684.24755859375,9766.525390625
2023-03-01,7918.07763671875,18067.447265625,2282.99609375,3904.79736328125,4153.158203125,3750.0,3554.127685546875,4670.23193359375,3757.72265625,9549.4912109375
2023-03-02,7941.09423828125,18236.076171875,2243.118408203125,3954.434814453125,4204.55859375,3750.0,3508.90966796875,4670.23193359375,3726.233154296875,9501.26171875
2023-03-03,7802.98828125,18260.1640625,2233.14892578125,3937.888916015625,4132.59814453125,3750.0,3526.9970703125,4594.29345703125,3673.7509765625,9380.6875
2023-03-04,7802.98828125,18260.1640625,2233.14892578125,3937.888916015625,4132.59814453125,3750.0,3526.9970703125,4594.29345703125,3673.7509765625,9380.6875
2023-03-05,7802.98828125,18260.1640625,2233.14892578125,3937.888916015625,4132.59814453125,3750.0,3526.9970703125,4594.29345703125,3673.7509765625,9380.6875
2023-03-06,7733.9365234375,18115.625,2233.14892578125,3962.70751953125,4163.43798828125,3750.0,3508.90966796875,4613.27783203125,3694.74365234375,9404.802734375
2023-03-07,7756.95458984375,17922.90625,2213.2099609375,4004.07177734375,4183.99853515625,3750.0,3508.90966796875,4518.3544921875,3736.7294921875,9621.8359375
2023-03-08,7895.0595703125,17898.81640625,2163.363037109375,4004.07177734375,4225.119140625,3750.0,3563.171142578125,4499.369140625,3726.233154296875,9453.0322265625
2023-03-09,7895.0595703125,17995.17578125,2193.27099609375,3979.25341796875,4297.07958984375,3750.0,3590.302001953125,4575.30859375,3841.69384765625,9453.0322265625
2023-03-10,7779.9716796875,17971.0859375,2352.781982421875,3987.5263671875,4266.2392578125,3750.0,3626.476318359375,4537.33935546875,3789.211669921875,9404.802734375
2023-03-11,7779.9716796875,17971.0859375,2352.781982421875,3987.5263671875,4266.2392578125,3750.0,3626.476318359375,4537.33935546875,3789.211669921875,9404.802734375
2023-03-12,7779.9716796875,17971.0859375,2352.781982421875,3987.5263671875,4266.2392578125,3750.0,3626.476318359375,4537.33935546875,3789.211669921875,9404.802734375
2023-03-13,7872.0419921875,18838.32421875,2233.14892578125,3995.799072265625,4255.95947265625,3597.5,3680.73779296875,4499.369140625,3778.71533203125,9308.3427734375
2023-03-14,7664.8828125,18501.06640625,2223.179443359375,3896.5244140625,4081.19775390625,3597.5,3635.52001953125,4385.4619140625,3684.24755859375,9308.3427734375
2023-03-15,7664.8828125,18501.06640625,2213.2099609375,3888.251953125,4132.59814453125,3480.0,3626.476318359375,4385.4619140625,3694.74365234375,8994.849609375
2023-03-16,7641.86474609375,18404.70703125,2213.2099609375,3913.070556640625,4050.357177734375,3480.0,3662.650634765625,4442.41552734375,3757.72265625,9067.1943359375
2023-03-17,7710.9189453125,19006.953125,2263.05712890625,4053.709228515625,4153.158203125,3480.0,3662.650634765625,4442.41552734375,3789.211669921875,9211.8837890625
2023-03-18,7710.9189453125,19006.953125,2263.05712890625,4053.709228515625,4153.158203125,3480.0,3662.650634765625,4442.41552734375,3789.211669921875,9211.8837890625
2023-03-19,7710.9189453125,19006.953125,2263.05712890625,4053.709228515625,4153.158203125,3480.0,3662.650634765625,4442.41552734375,3789.211669921875,9211.8837890625
2023-03-20,7733.9365234375,18645.60546875,2223.179443359375,4037.1630859375,4112.0380859375,3480.0,3608.38916015625,4461.400390625,3778.71533203125,9284.2275390625
2023-03-21,7826.00634765625,18693.787109375,2243.118408203125,4053.709228515625,4317.6396484375,3480.0,3725.955810546875,4461.400390625,3873.183349609375,9356.5732421875
2023-03-22,7826.00634765625,18693.787109375,2243.118408203125,4053.709228515625,4317.6396484375,3480.0,3725.955810546875,4461.400390625,3873.183349609375,9356.5732421875
2023-03-23,7826.00634765625,18693.787109375,2243.118408203125,4053.709228515625,4317.6396484375,3480.0,3725.955810546875,4461.400390625,3873.183349609375,9356.5732421875
2023-03-24,8125.236328125,18741.96484375,2263.05712890625,4141.595703125,4482.12109375,3480.0,3680.73779296875,4518.3544921875,4041.12646484375,9621.8359375
2023-03-25,8125.236328125,18741.96484375,2263.05712890625,4141.595703125,4482.12109375,3480.0,3680.73779296875,4518.3544921875,4041.12646484375,9621.8359375
2023-03-26,8125.236328125,18741.96484375,2263.05712890625,4141.595703125,4482.12109375,3480.0,3680.73779296875,4518.3544921875,4041.12646484375,9621.8359375
2023-03-27,8010.1484375,18573.3359375,2253.087646484375,4115.5478515625,4408.36181640625,3480.0,3662.650634765625,4461.400390625,3988.644287109375,9621.8359375
2023-03-28,7987.13037109375,18693.787109375,2292.96533203125,4141.595703125,4375.947265625,3480.0,3662.650634765625,4442.41552734375,3952.634521484375,9742.4111328125
2023-03-29,8264.16796875,19175.583984375,2312.904052734375,4176.326171875,4473.19091796875,3472.5,3707.86865234375,4518.3544921875,4029.278564453125,9621.8359375
2023-03-30,8287.6455078125,19994.640625,2273.026611328125,4124.23046875,4419.1669921875,3475.0,3698.8251953125,4480.384765625,4094.973388671875,9525.376953125
2023-03-31,8217.212890625,20018.73046875,2332.843017578125,4106.865234375,4462.38623046875,3475.0,3671.6943359375,4556.3232421875,4094.973388671875,9621.8359375
2023-04-01,8217.212890625,20018.73046875,2332.843017578125,4106.865234375,4462.38623046875,3475.0,3671.6943359375,4556.3232421875,4094.973388671875,9621.8359375
2023-04-02,8217.212890625,20018.73046875,2332.843017578125,4106.865234375,4462.38623046875,3475.0,3671.6943359375,4556.3232421875,4094.973388671875,9621.8359375
2023-04-03,8264.16796875,20139.181640625,2312.904052734375,4167.6435546875,4548.82421875,3475.0,3689.781494140625,4556.3232421875,4094.973388671875,9621.8359375
2023-04-04,8240.6904296875,20717.337890625,2273.026611328125,4185.0087890625,4494.80078125,3475.0,3671.6943359375,4575.30859375,4094.973388671875,9838.8701171875
2023-04-05,8193.7353515625,20861.880859375,2282.99609375,4193.69140625,4516.40966796875,3475.0,3753.08642578125,4556.3232421875,4084.024169921875,9766.525390625
2023-04-06,8217.212890625,20717.337890625,2282.99609375,4202.37353515625,4473.19091796875,3475.0,3843.5224609375,4499.369140625,4105.92236328125,9718.2958984375
2023-04-07,8217.212890625,20717.337890625,2282.99609375,4202.37353515625,4473.19091796875,3475.0,3843.5224609375,4499.369140625,4105.92236328125,9718.2958984375
2023-04-08,8217.212890625,20717.337890625,2282.99609375,4202.37353515625,4473.19091796875,3475.0,3843.5224609375,4499.369140625,4105.92236328125,9718.2958984375
2023-04-09,8217.212890625,20717.337890625,2282.99609375,4202.37353515625,4473.19091796875,3475.0,3843.5224609375,4499.369140625,4105.92236328125,9718.2958984375
2023-04-10,8264.16796875,20717.337890625,2243.118408203125,4219.73876953125,4408.36181640625,3475.0,3888.739990234375,4537.33935546875,4084.024169921875,9718.2958984375
2023-04-11,8287.6455078125,20717.337890625,2223.179443359375,4237.10400390625,4408.36181640625,3450.0,3888.739990234375,4613.27783203125,4105.92236328125,9838.8701171875
2023-04-12,8358.078125,20042.8203125,2223.179443359375,4280.51708984375,4451.58154296875,3450.0,3897.78369140625,4746.17041015625,4094.973388671875,9694.1806640625
2023-04-13,8381.5556640625,19368.302734375,2223.179443359375,4323.93017578125,4429.9716796875,3450.0,3924.91455078125,4746.17041015625,4105.92236328125,9887.099609375
2023-04-14,8451.990234375,19416.484375,2223.179443359375,4406.4150390625,4516.40966796875,3425.0,3924.91455078125,4708.201171875,4116.87158203125,9887.099609375
2023-04-15,8451.990234375,19416.484375,2223.179443359375,4406.4150390625,4516.40966796875,3425.0,3924.91455078125,4708.201171875,4116.87158203125,9887.099609375
2023-04-16,8451.990234375,19416.484375,2223.179443359375,4406.4150390625,4516.40966796875,3425.0,3924.91455078125,4708.201171875,4116.87158203125,9887.099609375
2023-04-17,8475.4677734375,19753.7421875,2282.99609375,4332.61279296875,4429.9716796875,3400.0,3861.609619140625,4727.18603515625,4138.76953125,9862.9853515625
2023-04-18,8569.37890625,20042.8203125,2273.026611328125,4297.88232421875,4473.19091796875,3400.0,3861.609619140625,4879.0634765625,4149.71923828125,9838.8701171875
2023-04-19,8569.37890625,20042.8203125,2273.026611328125,4297.88232421875,4473.19091796875,3400.0,3861.609619140625,4879.0634765625,4149.71923828125,9838.8701171875
2023-04-20,8569.37890625,20042.8203125,2273.026611328125,4297.88232421875,4473.19091796875,3400.0,3861.609619140625,4879.0634765625,4149.71923828125,9838.8701171875
2023-04-21,8569.37890625,20042.8203125,2273.026611328125,4297.88232421875,4473.19091796875,3400.0,3861.609619140625,4879.0634765625,4149.71923828125,9838.8701171875
2023-04-22,8569.37890625,20042.8203125,2273.026611328125,4297.88232421875,4473.19091796875,3400.0,3861.609619140625,4879.0634765625,4149.71923828125,9838.8701171875
2023-04-23,8569.37890625,20042.8203125,2273.026611328125,4297.88232421875,4473.19091796875,3400.0,3861.609619140625,4879.0634765625,4149.71923828125,9838.8701171875
2023-04-24,8569.37890625,20042.8203125,2273.026611328125,4297.88232421875,4473.19091796875,3400.0,3861.609619140625,4879.0634765625,4149.71923828125,9838.8701171875
2023-04-25,8569.37890625,20042.8203125,2273.026611328125,4297.88232421875,4473.19091796875,3400.0,3861.609619140625,4879.0634765625,4149.71923828125,9838.8701171875
2023-04-26,8639.8115234375,20572.798828125,2322.87353515625,4363.001953125,4494.80078125,3395.0,3979.17578125,5087.8955078125,4193.51513671875,9838.8701171875
2023-04-27,8592.8564453125,22114.5546875,2292.96533203125,4471.5341796875,4494.80078125,3395.0,3906.827392578125,5087.8955078125,4160.66796875,9887.099609375
2023-04-28,8498.9453125,20717.337890625,2352.781982421875,4428.12060546875,4473.19091796875,3395.0,3843.5224609375,5125.86474609375,4127.82080078125,10200.59375
2023-04-29,8498.9453125,20717.337890625,2352.781982421875,4428.12060546875,4473.19091796875,3395.0,3843.5224609375,5125.86474609375,4127.82080078125,10200.59375
2023-04-30,8498.9453125,20717.337890625,2352.781982421875,4428.12060546875,4473.19091796875,3395.0,3843.5224609375,5125.86474609375,4127.82080078125,10200.59375
2023-05-01,8498.9453125,20717.337890625,2352.781982421875,4428.12060546875,4473.19091796875,3395.0,3843.5224609375,5125.86474609375,4127.82080078125,10200.59375
2023-05-02,8498.9453125,20452.34765625,2312.904052734375,4471.5341796875,4538.01953125,3395.0,3789.260986328125,5068.91064453125,4182.56640625,10031.7890625
2023-05-03,8381.5556640625,20042.8203125,2302.934814453125,4428.12060546875,4516.40966796875,3650.0,3753.08642578125,5030.94091796875,4149.71923828125,10369.3974609375
2023-05-04,8451.990234375,20428.2578125,2302.934814453125,4471.5341796875,4473.19091796875,3720.0,3753.08642578125,5011.95654296875,4073.0751953125,10417.626953125
2023-05-05,8451.990234375,19922.37109375,2263.05712890625,4536.6533203125,4473.19091796875,3720.0,3771.173583984375,5096.48291015625,4051.1767578125,10489.97265625
2023-05-06,8451.990234375,19922.37109375,2263.05712890625,4536.6533203125,4473.19091796875,3720.0,3771.173583984375,5096.48291015625,4051.1767578125,10489.97265625
2023-05-07,8451.990234375,19922.37109375,2263.05712890625,4536.6533203125,4473.19091796875,3720.0,3771.173583984375,5096.48291015625,4051.1767578125,10489.97265625
2023-05-08,8451.990234375,19922.37109375,2263.05712890625,4428.12060546875,4429.9716796875,3720.0,3671.6943359375,5075.76611328125,4007.380126953125,10634.662109375
2023-05-09,8381.5556640625,19950.966796875,2243.118408203125,4449.82763671875,4365.142578125,3720.0,3680.73779296875,5241.5048828125,3996.43115234375,10610.546875
2023-05-10,8381.5556640625,19999.986328125,2273.026611328125,4471.5341796875,4386.75244140625,3720.0,3734.99951171875,5241.5048828125,4029.278564453125,10514.0859375
2023-05-11,8287.6455078125,19509.791015625,2233.14892578125,4471.5341796875,4408.36181640625,3720.0,3698.8251953125,5179.3525390625,4007.380126953125,10586.431640625
2023-05-12,8264.16796875,19044.10546875,2213.2099609375,4471.5341796875,4321.923828125,3720.0,3599.345458984375,5158.63525390625,3941.685546875,10489.97265625
2023-05-13,8264.16796875,19044.10546875,2213.2099609375,4471.5341796875,4321.923828125,3720.0,3599.345458984375,5158.63525390625,3941.685546875,10489.97265625
2023-05-14,8264.16796875,19044.10546875,2213.2099609375,4471.5341796875,4321.923828125,3720.0,3599.345458984375,5158.63525390625,3941.685546875,10489.97265625
2023-05-15,8240.6904296875,18504.890625,2263.05712890625,4471.5341796875,4365.142578125,3720.0,3599.345458984375,5262.22265625,3897.888916015625,10610.546875
2023-05-16,8170.25732421875,18774.49609375,2213.2099609375,4514.94775390625,4313.27978515625,3720.0,3599.345458984375,5200.0703125,3832.194091796875,10610.546875
2023-05-17,8240.6904296875,18529.3984375,2253.087646484375,4514.94775390625,4321.923828125,3720.0,3608.38916015625,5241.5048828125,3832.194091796875,10610.546875
2023-05-18,8240.6904296875,18529.3984375,2253.087646484375,4514.94775390625,4321.923828125,3720.0,3608.38916015625,5241.5048828125,3832.194091796875,10610.546875
2023-05-19,8451.990234375,18529.3984375,2183.302001953125,4688.59912109375,4386.75244140625,3720.0,3635.52001953125,5365.80908203125,3865.041748046875,10562.31640625
2023-05-20,8451.990234375,18529.3984375,2183.302001953125,4688.59912109375,4386.75244140625,3720.0,3635.52001953125,5365.80908203125,3865.041748046875,10562.31640625
2023-05-21,8451.990234375,18529.3984375,2183.302001953125,4688.59912109375,4386.75244140625,3720.0,3635.52001953125,5365.80908203125,3865.041748046875,10562.31640625
2023-05-22,8451.990234375,18602.9296875,2133.45458984375,4710.30517578125,4516.40966796875,3730.0,3653.60693359375,5469.396484375,3875.990966796875,10610.546875
2023-05-23,8569.37890625,18725.478515625,2093.5771484375,4775.4248046875,4429.9716796875,3730.0,3653.60693359375,5469.396484375,3919.787353515625,10779.3505859375
2023-05-24,8475.4677734375,18651.947265625,2123.4853515625,4862.2509765625,4386.75244140625,3730.0,3762.130126953125,5531.54833984375,3865.041748046875,10803.46484375
2023-05-25,8498.9453125,18529.3984375,2103.54638671875,4753.71826171875,4473.19091796875,3730.0,3725.955810546875,5469.396484375,3941.685546875,10803.46484375
2023-05-26,8592.8564453125,17794.10546875,2093.5771484375,4862.2509765625,4429.9716796875,3730.0,3734.99951171875,5469.396484375,3919.787353515625,10803.46484375
2023-05-27,8592.8564453125,17794.10546875,2093.5771484375,4862.2509765625,4429.9716796875,3730.0,3734.99951171875,5469.396484375,3919.787353515625,10803.46484375
2023-05-28,8592.8564453125,17794.10546875,2093.5771484375,4862.2509765625,4429.9716796875,3730.0,3734.99951171875,5469.396484375,3919.787353515625,10803.46484375
2023-05-29,8592.8564453125,16936.26171875,2158.6728515625,4818.837890625,4451.58154296875,3730.0,3798.304443359375,5469.396484375,3963.583984375,10779.3505859375
2023-05-30,8686.7666015625,15759.79296875,2148.678955078125,4775.4248046875,4451.58154296875,3730.0,3725.955810546875,5386.52685546875,3952.634521484375,10803.46484375
2023-05-31,8498.9453125,14705.873046875,2138.68505859375,4840.54443359375,4365.142578125,3730.0,3653.60693359375,5345.091796875,3963.583984375,11285.7626953125
2023-06-01,8498.9453125,14705.873046875,2138.68505859375,4840.54443359375,4365.142578125,3730.0,3653.60693359375,5345.091796875,3963.583984375,11285.7626953125
2023-06-02,8498.9453125,14705.873046875,2138.68505859375,4840.54443359375,4365.142578125,3730.0,3653.60693359375,5345.091796875,3963.583984375,11285.7626953125
2023-06-03,8498.9453125,14705.873046875,2138.68505859375,4840.54443359375,4365.142578125,3730.0,3653.60693359375,5345.091796875,3963.583984375,11285.7626953125
2023-06-04,8498.9453125,14705.873046875,2138.68505859375,4840.54443359375,4365.142578125,3730.0,3653.60693359375,5345.091796875,3963.583984375,11285.7626953125
2023-06-05,8639.8115234375,14436.265625,2038.7464599609375,4710.30517578125,4386.75244140625,3730.0,3689.781494140625,5655.85302734375,3941.685546875,11141.07421875
2023-06-06,8592.8564453125,13137.24609375,2048.740234375,4732.01171875,4365.142578125,3730.0,3698.8251953125,5635.1357421875,4029.278564453125,10899.9248046875
2023-06-07,8545.9013671875,13137.24609375,2068.72802734375,4688.59912109375,4343.53271484375,3730.0,3753.08642578125,5635.1357421875,4007.380126953125,10899.9248046875
2023-06-08,8569.37890625,13308.8154296875,2028.752685546875,4753.71826171875,4343.53271484375,3730.0,3771.173583984375,5614.41845703125,4029.278564453125,10899.9248046875
2023-06-09,8545.9013671875,13921.55859375,2048.740234375,4710.30517578125,4429.9716796875,3730.0,3753.08642578125,5635.1357421875,4040.2275390625,10972.26953125
2023-06-10,8545.9013671875,13921.55859375,2048.740234375,4710.30517578125,4429.9716796875,3730.0,3753.08642578125,5635.1357421875,4040.2275390625,10972.26953125
2023-06-11,8545.9013671875,13921.55859375,2048.740234375,4710.30517578125,4429.9716796875,3730.0,3753.08642578125,5635.1357421875,4040.2275390625,10972.26953125
2023-06-12,8592.8564453125,15441.1669921875,2058.734130859375,4688.59912109375,4408.36181640625,3730.0,3816.792724609375,5614.41845703125,4073.0751953125,10899.9248046875
2023-06-13,8592.8564453125,15784.302734375,2068.72802734375,4818.837890625,4408.36181640625,3730.0,3797.9443359375,5593.701171875,3996.43115234375,10851.6953125
2023-06-14,8522.4228515625,15392.146484375,2078.721923828125,4818.837890625,4365.142578125,3730.0,3769.671875,5718.005859375,3930.736328125,10899.9248046875
2023-06-15,8498.9453125,15539.205078125,2068.72802734375,4797.13134765625,4429.9716796875,3730.0,3788.520263671875,5697.2880859375,3985.48193359375,10924.0390625
2023-06-16,8498.9453125,15024.4990234375,2068.72802734375,4818.837890625,4451.58154296875,3730.0,3741.3994140625,5676.57080078125,3952.634521484375,10803.46484375
2023-06-17,8498.9453125,15024.4990234375,2068.72802734375,4818.837890625,4451.58154296875,3730.0,3741.3994140625,5676.57080078125,3952.634521484375,10803.46484375
2023-06-18,8498.9453125,15024.4990234375,2068.72802734375,4818.837890625,4451.58154296875,3730.0,3741.3994140625,5676.57080078125,3952.634521484375,10803.46484375
2023-06-19,8451.990234375,14950.970703125,2068.72802734375,4797.13134765625,4429.9716796875,3730.0,3731.97509765625,5697.2880859375,3963.583984375,10851.6953125
2023-06-20,8498.9453125,14828.421875,2078.721923828125,4818.837890625,4408.36181640625,3730.0,3760.247802734375,5635.1357421875,3974.532958984375,10803.46484375
2023-06-21,8569.37890625,14901.9501953125,2098.709716796875,4840.54443359375,4408.36181640625,3730.0,3750.823486328125,5738.72314453125,3985.48193359375,10924.0390625
2023-06-22,8498.9453125,14926.4609375,2078.721923828125,4753.71826171875,4386.75244140625,3800.0,3713.126953125,5614.41845703125,3963.583984375,10779.3505859375
2023-06-23,8498.9453125,15098.029296875,2078.721923828125,4688.59912109375,4386.75244140625,3800.0,3722.551025390625,5614.41845703125,3952.634521484375,10779.3505859375
2023-06-24,8498.9453125,15098.029296875,2078.721923828125,4688.59912109375,4386.75244140625,3800.0,3722.551025390625,5614.41845703125,3952.634521484375,10779.3505859375
2023-06-25,8498.9453125,15098.029296875,2078.721923828125,4688.59912109375,4386.75244140625,3800.0,3722.551025390625,5614.41845703125,3952.634521484375,10779.3505859375
2023-06-26,8522.4228515625,15686.2646484375,2068.72802734375,4732.01171875,4429.9716796875,3800.0,3760.247802734375,5635.1357421875,3996.43115234375,10924.0390625
2023-06-27,8592.8564453125,15196.068359375,2098.709716796875,4710.30517578125,4494.80078125,3800.0,3769.671875,5614.41845703125,4007.380126953125,10924.0390625
2023-06-28,8592.8564453125,15196.068359375,2098.709716796875,4710.30517578125,4494.80078125,3800.0,3769.671875,5614.41845703125,4007.380126953125,10924.0390625
2023-06-29,8592.8564453125,15196.068359375,2098.709716796875,4710.30517578125,4494.80078125,3800.0,3769.671875,5614.41845703125,4007.380126953125,10924.0390625
2023-06-30,8592.8564453125,15196.068359375,2098.709716796875,4710.30517578125,4494.80078125,3800.0,3769.671875,5614.41845703125,4007.380126953125,10924.0390625
2023-07-01,8592.8564453125,15196.068359375,2098.709716796875,4710.30517578125,4494.80078125,3800.0,3769.671875,5614.41845703125,4007.380126953125,10924.0390625
2023-07-02,8592.8564453125,15196.068359375,2098.709716796875,4710.30517578125,4494.80078125,3800.0,3769.671875,5614.41845703125,4007.380126953125,10924.0390625
2023-07-03,8522.4228515625,15343.126953125,2148.678955078125,4753.71826171875,4624.45849609375,4100.0,3769.671875,5655.85302734375,4040.2275390625,11165.1884765625
2023-07-04,8498.9453125,15171.55859375,2078.721923828125,4732.01171875,4538.01953125,4100.0,3741.3994140625,5614.41845703125,3985.48193359375,11068.728515625
2023-07-05,8498.9453125,15196.068359375,2098.709716796875,4732.01171875,4559.62939453125,4100.0,3750.823486328125,5614.41845703125,4007.380126953125,11044.6142578125
2023-07-06,8522.4228515625,15686.2646484375,2068.72802734375,4710.30517578125,4581.23876953125,4100.0,3731.97509765625,5635.1357421875,3985.48193359375,10996.384765625
2023-07-07,8475.4677734375,15857.8330078125,2088.7158203125,4666.892578125,4451.58154296875,4270.0,3731.97509765625,5655.85302734375,3974.532958984375,11058.1728515625
2023-07-08,8475.4677734375,15857.8330078125,2088.7158203125,4666.892578125,4451.58154296875,4270.0,3731.97509765625,5655.85302734375,3974.532958984375,11058.1728515625
2023-07-09,8475.4677734375,15857.8330078125,2088.7158203125,4666.892578125,4451.58154296875,4270.0,3731.97509765625,5655.85302734375,3974.532958984375,11058.1728515625
2023-07-10,8498.9453125,16029.400390625,2068.72802734375,4688.59912109375,4473.19091796875,4270.0,3722.551025390625,5614.41845703125,3963.583984375,11107.2109375
2023-07-11,8475.4677734375,17352.927734375,2068.72802734375,4710.30517578125,4559.62939453125,4250.0,3750.823486328125,5635.1357421875,3930.736328125,11303.365234375
2023-07-12,8616.333984375,17156.8515625,2048.740234375,4732.01171875,4581.23876953125,4250.0,3750.823486328125,5614.41845703125,3919.787353515625,11425.9609375
2023-07-13,8569.37890625,17647.046875,2078.721923828125,4732.01171875,4624.45849609375,4250.0,3694.278564453125,5635.1357421875,3897.888916015625,11475.0
2023-07-14,8639.8115234375,18431.361328125,2038.7464599609375,4797.13134765625,4667.677734375,4250.0,3703.70263671875,5593.701171875,3908.838134765625,11548.5576171875
2023-07-15,8639.8115234375,18431.361328125,2038.7464599609375,4797.13134765625,4667.677734375,4250.0,3703.70263671875,5593.701171875,3908.838134765625,11548.5576171875
2023-07-16,8639.8115234375,18431.361328125,2038.7464599609375,4797.13134765625,4667.677734375,4250.0,3703.70263671875,5593.701171875,3908.838134765625,11548.5576171875
2023-07-17,8616.333984375,18333.3203125,2088.7158203125,4840.54443359375,4646.06787109375,4320.0,3684.854248046875,5531.54833984375,3919.787353515625,11425.9609375
2023-07-18,8592.8564453125,18235.28125,2048.740234375,4883.95751953125,4624.45849609375,4320.0,3628.309326171875,5448.67919921875,3897.888916015625,11524.0380859375
2023-07-19,8592.8564453125,18235.28125,2048.740234375,4883.95751953125,4624.45849609375,4320.0,3628.309326171875,5448.67919921875,3897.888916015625,11524.0380859375
2023-07-20,8592.8564453125,18333.3203125,2038.7464599609375,4883.95751953125,4775.7255859375,4400.0,3628.309326171875,5407.244140625,3963.583984375,11254.3271484375
2023-07-21,8592.8564453125,18357.830078125,2038.7464599609375,4883.95751953125,4797.33544921875,4400.0,3637.7333984375,5345.091796875,3963.583984375,11278.845703125
2023-07-22,8592.8564453125,18357.830078125,2038.7464599609375,4883.95751953125,4797.33544921875,4400.0,3637.7333984375,5345.091796875,3963.583984375,11278.845703125
2023-07-23,8592.8564453125,18357.830078125,2038.7464599609375,4883.95751953125,4797.33544921875,4400.0,3637.7333984375,5345.091796875,3963.583984375,11278.845703125
2023-07-24,8545.9013671875,19264.693359375,2058.734130859375,4862.2509765625,4754.11572265625,4400.0,3675.43017578125,5427.9619140625,3952.634521484375,11303.365234375
2023-07-25,8592.8564453125,20392.14453125,2038.7464599609375,4905.6630859375,4797.33544921875,4400.0,3656.581787109375,5386.52685546875,3952.634521484375,11009.134765625
2023-07-26,8780.677734375,20563.712890625,2058.734130859375,4927.3701171875,4818.94482421875,4500.0,3656.581787109375,5469.396484375,3919.787353515625,10960.095703125
2023-07-27,8663.2890625,20294.103515625,2068.72802734375,4905.6630859375,4862.16357421875,4500.0,3505.794921875,5407.244140625,3897.888916015625,10960.095703125
2023-07-28,8569.37890625,19436.26171875,2088.7158203125,4949.07666015625,4926.99267578125,4500.0,3505.794921875,5490.11376953125,3886.939697265625,10984.615234375
2023-07-29,8569.37890625,19436.26171875,2088.7158203125,4949.07666015625,4926.99267578125,4500.0,3505.794921875,5490.11376953125,3886.939697265625,10984.615234375
2023-07-30,8569.37890625,19436.26171875,2088.7158203125,4949.07666015625,4926.99267578125,4500.0,3505.794921875,5490.11376953125,3886.939697265625,10984.615234375
2023-07-31,8569.37890625,19460.771484375,2118.697265625,4905.6630859375,4948.6025390625,4500.0,3505.794921875,5676.57080078125,3886.939697265625,10984.615234375
2023-08-01,8569.37890625,19019.595703125,2088.7158203125,4949.07666015625,4883.7734375,4600.0,3534.0673828125,5697.2880859375,3799.346923828125,10862.01953125
2023-08-02,8639.8115234375,18284.30078125,2058.734130859375,4949.07666015625,4926.99267578125,4900.0,3477.5224609375,5676.57080078125,3886.939697265625,10960.095703125
2023-08-03,8686.7666015625,17941.1640625,2068.72802734375,4949.07666015625,5013.431640625,5102.5,3505.794921875,5655.85302734375,3919.787353515625,10984.615234375
2023-08-04,8592.8564453125,17303.91015625,2078.721923828125,4840.54443359375,4991.82177734375,5602.5,3477.5224609375,5635.1357421875,3941.685546875,11033.6533203125
2023-08-05,8592.8564453125,17303.91015625,2078.721923828125,4840.54443359375,4991.82177734375,5602.5,3477.5224609375,5635.1357421875,3941.685546875,11033.6533203125
2023-08-06,8592.8564453125,17303.91015625,2078.721923828125,4840.54443359375,4991.82177734375,5602.5,3477.5224609375,5635.1357421875,3941.685546875,11033.6533203125
2023-08-07,8710.2451171875,17034.302734375,2058.734130859375,4949.07666015625,5078.26025390625,5500.0,3468.09814453125,5697.2880859375,3941.685546875,10911.0576171875
2023-08-08,8639.8115234375,17083.322265625,2068.72802734375,4883.95751953125,5099.86962890625,5500.0,3515.218994140625,5676.57080078125,3908.838134765625,10935.5771484375
2023-08-09,8827.6328125,17107.83203125,2068.72802734375,4949.07666015625,5099.86962890625,5500.0,3552.915771484375,5697.2880859375,3974.532958984375,10886.5380859375
2023-08-10,8827.6328125,17720.576171875,2088.7158203125,4949.07666015625,5164.69873046875,5500.0,3581.188232421875,5593.701171875,3985.48193359375,11229.8076171875
2023-08-11,8827.6328125,17401.94921875,2148.678955078125,4905.6630859375,5121.4794921875,5500.0,3590.612548828125,5593.701171875,3985.48193359375,11254.3271484375
2023-08-12,8827.6328125,17401.94921875,2148.678955078125,4905.6630859375,5121.4794921875,5500.0,3590.612548828125,5593.701171875,3985.48193359375,11254.3271484375
2023-08-13,8827.6328125,17401.94921875,2148.678955078125,4905.6630859375,5121.4794921875,5500.0,3590.612548828125,5593.701171875,3985.48193359375,11254.3271484375
2023-08-14,8780.677734375,17230.37890625,2168.66650390625,4905.6630859375,5143.0888671875,5500.0,3609.4609375,5635.1357421875,4029.278564453125,11180.76953125
2023-08-15,8733.72265625,17401.94921875,2138.68505859375,4840.54443359375,5013.431640625,5300.0,3600.03662109375,5572.98388671875,3985.48193359375,11254.3271484375
2023-08-16,8733.72265625,17401.94921875,2168.66650390625,4797.13134765625,5013.431640625,5150.0,3609.4609375,5593.701171875,3985.48193359375,11450.48046875
2023-08-17,8733.72265625,17401.94921875,2168.66650390625,4797.13134765625,5013.431640625,5150.0,3609.4609375,5593.701171875,3985.48193359375,11450.48046875
2023-08-18,8686.7666015625,17450.96875,2148.678955078125,4840.54443359375,4991.82177734375,4800.0,3543.49169921875,5407.244140625,3963.583984375,11475.0
2023-08-19,8686.7666015625,17450.96875,2148.678955078125,4840.54443359375,4991.82177734375,4800.0,3543.49169921875,5407.244140625,3963.583984375,11475.0
2023-08-20,8686.7666015625,17450.96875,2148.678955078125,4840.54443359375,4991.82177734375,4800.0,3543.49169921875,5407.244140625,3963.583984375,11475.0
2023-08-21,8616.333984375,18210.771484375,2158.6728515625,4775.4248046875,5035.04052734375,5100.0,3524.643310546875,5365.80908203125,3996.43115234375,11450.48046875
2023-08-22,8733.72265625,18210.771484375,2118.697265625,4840.54443359375,5143.0888671875,5100.0,3534.0673828125,5427.9619140625,3985.48193359375,11303.365234375
2023-08-23,8733.72265625,18431.361328125,2148.678955078125,4862.2509765625,5056.650390625,5120.0,3524.643310546875,5427.9619140625,3974.532958984375,11278.845703125
2023-08-24,8639.8115234375,18431.361328125,2198.648193359375,4818.837890625,5143.0888671875,5120.0,3505.794921875,5365.80908203125,3996.43115234375,11131.73046875
2023-08-25,8710.2451171875,18235.28125,2158.6728515625,4862.2509765625,5099.86962890625,5100.0,3505.794921875,5345.091796875,3985.48193359375,11205.2880859375
2023-08-26,8710.2451171875,18235.28125,2158.6728515625,4862.2509765625,5099.86962890625,5100.0,3505.794921875,5345.091796875,3985.48193359375,11205.2880859375
2023-08-27,8710.2451171875,18235.28125,2158.6728515625,4862.2509765625,5099.86962890625,5100.0,3505.794921875,5345.091796875,3985.48193359375,11205.2880859375
2023-08-28,8639.8115234375,18406.849609375,2158.6728515625,4818.837890625,5186.30859375,5130.0,3486.946533203125,5324.375,3985.48193359375,11082.6923828125
2023-08-29,8686.7666015625,18431.361328125,2178.660400390625,4862.2509765625,5143.0888671875,5050.0,3505.794921875,5303.6572265625,4007.380126953125,11156.25
2023-08-30,8639.8115234375,18406.849609375,2168.66650390625,4797.13134765625,5164.69873046875,5050.0,3590.612548828125,5345.091796875,4029.278564453125,11033.6533203125
2023-08-31,8616.333984375,18406.849609375,2178.660400390625,4818.837890625,5207.91748046875,4800.0,3515.218994140625,5345.091796875,4018.32958984375,10984.615234375
2023-09-01,8663.2890625,18431.361328125,2148.678955078125,4840.54443359375,5251.13720703125,4800.0,3505.794921875,5427.9619140625,4018.32958984375,10984.615234375
2023-09-02,8663.2890625,18431.361328125,2148.678955078125,4840.54443359375,5251.13720703125,4800.0,3505.794921875,5427.9619140625,4018.32958984375,10984.615234375
2023-09-03,8663.2890625,18431.361328125,2148.678955078125,4840.54443359375,5251.13720703125,4800.0,3505.794921875,5427.9619140625,4018.32958984375,10984.615234375
2023-09-04,8663.2890625,18431.361328125,2108.703369140625,4883.95751953125,5272.74658203125,4800.0,3515.218994140625,5469.396484375,4138.76953125,10984.615234375
2023-09-05,8663.2890625,18431.361328125,2048.740234375,4883.95751953125,5272.74658203125,4900.0,3524.643310546875,5469.396484375,4215.41357421875,10960.095703125
2023-09-06,8592.8564453125,18529.3984375,2008.764892578125,4840.54443359375,5229.52734375,5020.0,3571.76416015625,5407.244140625,4193.51513671875,10837.5
2023-09-07,8616.333984375,18602.9296875,2028.752685546875,4732.01171875,5078.26025390625,5020.0,3543.49169921875,5303.6572265625,4160.66796875,10984.615234375
2023-09-08,8569.37890625,18553.91015625,1998.7711181640625,4645.18603515625,5099.86962890625,5020.0,3477.5224609375,5303.6572265625,4105.92236328125,10911.0576171875
2023-09-09,8569.37890625,18553.91015625,1998.7711181640625,4645.18603515625,5099.86962890625,5020.0,3477.5224609375,5303.6572265625,4105.92236328125,10911.0576171875
2023-09-10,8569.37890625,18553.91015625,1998.7711181640625,4645.18603515625,5099.86962890625,5020.0,3477.5224609375,5303.6572265625,4105.92236328125,10911.0576171875
2023-09-11,8569.37890625,18529.3984375,2058.734130859375,4710.30517578125,5121.4794921875,5020.0,3486.946533203125,5282.93994140625,4138.76953125,10960.095703125
2023-09-12,8545.9013671875,18088.22265625,2068.72802734375,4666.892578125,5078.26025390625,5080.0,3496.37060546875,5220.787109375,4073.0751953125,10984.615234375
2023-09-13,8522.4228515625,18137.244140625,2128.691162109375,4688.59912109375,5056.650390625,5080.0,3496.37060546875,5220.787109375,4094.973388671875,10984.615234375
2023-09-14,8545.9013671875,18946.064453125,2258.611328125,4710.30517578125,5035.04052734375,5080.0,3468.09814453125,5241.5048828125,4138.76953125,10788.4609375
2023-09-15,8451.990234375,18848.02734375,2568.4208984375,4666.892578125,5121.4794921875,5080.0,3505.794921875,5220.787109375,4149.71923828125,10763.9423828125
2023-09-16,8451.990234375,18848.02734375,2568.4208984375,4666.892578125,5121.4794921875,5080.0,3505.794921875,5220.787109375,4149.71923828125,10763.9423828125
2023-09-17,8451.990234375,18848.02734375,2568.4208984375,4666.892578125,5121.4794921875,5080.0,3505.794921875,5220.787109375,4149.71923828125,10763.9423828125
2023-09-18,8451.990234375,18921.556640625,2648.37158203125,4623.4794921875,5099.86962890625,5080.0,3468.09814453125,5220.787109375,4094.973388671875,10641.345703125
2023-09-19,8522.4228515625,18529.3984375,2688.34716796875,4666.892578125,5186.30859375,5080.0,3515.218994140625,5262.22265625,4138.76953125,10616.8271484375
2023-09-20,8592.8564453125,18529.3984375,2728.322509765625,4666.892578125,5251.13720703125,5100.0,3590.612548828125,5220.787109375,4193.51513671875,10641.345703125
2023-09-21,8569.37890625,18676.458984375,2748.310302734375,4645.18603515625,5186.30859375,5100.0,3590.612548828125,5137.91796875,4204.46484375,10984.615234375
2023-09-22,8522.4228515625,18676.458984375,2618.39013671875,4645.18603515625,5186.30859375,5100.0,3637.7333984375,5137.91796875,4270.1591796875,11131.73046875
2023-09-23,8522.4228515625,18676.458984375,2618.39013671875,4645.18603515625,5186.30859375,5100.0,3637.7333984375,5137.91796875,4270.1591796875,11131.73046875
2023-09-24,8522.4228515625,18676.458984375,2618.39013671875,4645.18603515625,5186.30859375,5100.0,3637.7333984375,5137.91796875,4270.1591796875,11131.73046875
2023-09-25,8451.990234375,18676.458984375,2618.39013671875,4601.77294921875,5186.30859375,5100.0,3552.915771484375,5179.3525390625,4401.548828125,11033.6533203125
2023-09-26,8405.033203125,18504.890625,2578.414794921875,4514.94775390625,5121.4794921875,5100.0,3543.49169921875,5137.91796875,4368.70166015625,10960.095703125
2023-09-27,8334.6005859375,18676.458984375,2558.427001953125,4536.6533203125,5186.30859375,5120.0,3505.794921875,5096.48291015625,4434.39599609375,10788.4609375
2023-09-28,8334.6005859375,18676.458984375,2558.427001953125,4536.6533203125,5186.30859375,5120.0,3505.794921875,5096.48291015625,4434.39599609375,10788.4609375
2023-09-29,8287.6455078125,18504.890625,2528.4453125,4536.6533203125,5207.91748046875,5120.0,3534.0673828125,5158.63525390625,4521.9892578125,10862.01953125
2023-09-30,8287.6455078125,18504.890625,2528.4453125,4536.6533203125,5207.91748046875,5120.0,3534.0673828125,5158.63525390625,4521.9892578125,10862.01953125
2023-10-01,8287.6455078125,18504.890625,2528.4453125,4536.6533203125,5207.91748046875,5120.0,3534.0673828125,5158.63525390625,4521.9892578125,10862.01953125
2023-10-02,8522.4228515625,18357.830078125,2568.4208984375,4558.35986328125,5229.52734375,5120.0,3534.0673828125,5200.0703125,4511.0400390625,10886.5380859375
2023-10-03,8639.8115234375,17867.634765625,2598.40234375,4580.06689453125,5251.13720703125,5120.0,3552.915771484375,5137.91796875,4565.78564453125,10739.4228515625
2023-10-04,8639.8115234375,17818.615234375,2618.39013671875,4558.35986328125,5294.3564453125,5150.0,3562.33984375,5034.33056640625,4543.88720703125,10984.615234375
2023-10-05,8522.4228515625,17965.673828125,2728.322509765625,4493.24072265625,5294.3564453125,5150.0,3505.794921875,4992.89599609375,4543.88720703125,11401.4423828125
2023-10-06,8475.4677734375,17965.673828125,2738.31640625,4493.24072265625,5207.91748046875,5150.0,3562.33984375,5034.33056640625,4554.83642578125,11278.845703125
2023-10-07,8475.4677734375,17965.673828125,2738.31640625,4493.24072265625,5207.91748046875,5150.0,3562.33984375,5034.33056640625,4554.83642578125,11278.845703125
2023-10-08,8475.4677734375,17965.673828125,2738.31640625,4493.24072265625,5207.91748046875,5150.0,3562.33984375,5034.33056640625,4554.83642578125,11278.845703125
2023-10-09,8498.9453125,18039.203125,2688.34716796875,4449.82763671875,5099.86962890625,5130.0,3543.49169921875,5075.76611328125,4467.24365234375,10886.5380859375
2023-10-10,8381.5556640625,18112.732421875,2688.34716796875,4493.24072265625,5186.30859375,5130.0,3590.612548828125,5013.61328125,4554.83642578125,10641.345703125
2023-10-11,8381.5556640625,18161.751953125,2688.34716796875,4558.35986328125,5229.52734375,5130.0,3562.33984375,5013.61328125,4532.9384765625,10494.23046875
2023-10-12,8498.9453125,18186.263671875,2688.34716796875,4601.77294921875,5251.13720703125,5130.0,3609.4609375,5011.92919921875,4664.32763671875,10763.9423828125
2023-10-13,8522.4228515625,18186.263671875,2698.341064453125,4580.06689453125,5251.13720703125,5135.0,3628.309326171875,5032.9873046875,4532.9384765625,10665.865234375
2023-10-14,8522.4228515625,18186.263671875,2698.341064453125,4580.06689453125,5251.13720703125,5135.0,3628.309326171875,5032.9873046875,4532.9384765625,10665.865234375
2023-10-15,8522.4228515625,18186.263671875,2698.341064453125,4580.06689453125,5251.13720703125,5135.0,3628.309326171875,5032.9873046875,4532.9384765625,10665.865234375
2023-10-16,8545.9013671875,18333.3203125,2578.414794921875,4558.35986328125,5207.91748046875,5135.0,3543.49169921875,4927.6943359375,4554.83642578125,10690.384765625
2023-10-17,8405.033203125,19166.654296875,2658.365478515625,4471.5341796875,5186.30859375,5135.0,3571.76416015625,4927.6943359375,4554.83642578125,10690.384765625
2023-10-18,8311.123046875,19607.830078125,2668.359375,4471.5341796875,5056.650390625,5135.0,3534.0673828125,4906.6357421875,4489.1416015625,10420.6728515625
2023-10-19,8217.212890625,19534.30078125,2628.384033203125,4341.29541015625,4948.6025390625,5100.0,3515.218994140625,4822.40185546875,4327.0947265625,10224.51953125
2023-10-20,8428.5107421875,19362.732421875,2598.40234375,4384.7080078125,4970.2119140625,5000.0,3486.946533203125,4801.34375,4353.37255859375,10396.1533203125
2023-10-21,8428.5107421875,19362.732421875,2598.40234375,4384.7080078125,4970.2119140625,5000.0,3486.946533203125,4801.34375,4353.37255859375,10396.1533203125
2023-10-22,8428.5107421875,19362.732421875,2598.40234375,4384.7080078125,4970.2119140625,5000.0,3486.946533203125,4801.34375,4353.37255859375,10396.1533203125
2023-10-23,8311.123046875,18431.361328125,2628.384033203125,4341.29541015625,4905.38330078125,5000.0,3402.12890625,4717.109375,4370.89111328125,10298.0771484375
2023-10-24,8240.6904296875,18651.947265625,2608.396240234375,4428.12060546875,4970.2119140625,5000.0,3439.82568359375,4885.57763671875,4379.650390625,10592.3076171875
2023-10-25,8334.6005859375,18872.537109375,2668.359375,4493.24072265625,5056.650390625,5005.0,3392.704833984375,4864.51953125,4353.37255859375,10249.0380859375
2023-10-26,8193.7353515625,18823.515625,2728.322509765625,4271.83447265625,4926.99267578125,5005.0,3279.614501953125,4822.40185546875,4274.5390625,10077.4033203125
2023-10-27,8170.25732421875,18627.439453125,2818.26708984375,4341.29541015625,4926.99267578125,5050.0,3298.462890625,4822.40185546875,4248.2607421875,10322.595703125
2023-10-28,8170.25732421875,18627.439453125,2818.26708984375,4341.29541015625,4926.99267578125,5050.0,3298.462890625,4822.40185546875,4248.2607421875,10322.595703125
2023-10-29,8170.25732421875,18627.439453125,2818.26708984375,4341.29541015625,4926.99267578125,5050.0,3298.462890625,4822.40185546875,4248.2607421875,10322.595703125
2023-10-30,8311.123046875,17990.18359375,2818.26708984375,4341.29541015625,4948.6025390625,5050.0,3223.069580078125,4885.57763671875,4248.2607421875,10322.595703125
2023-10-31,8217.212890625,17867.634765625,2978.1689453125,4306.56494140625,4905.38330078125,5100.0,3289.038818359375,4864.51953125,4195.705078125,10150.9609375
2023-11-01,8076.345703125,17818.615234375,2948.187255859375,4193.69140625,4883.7734375,5100.0,3411.552978515625,4885.57763671875,4221.98291015625,10175.48046875
2023-11-02,8311.123046875,18137.244140625,2958.18115234375,4341.29541015625,5099.86962890625,5100.0,3411.552978515625,4885.57763671875,4265.77978515625,10150.9609375
2023-11-03,8358.078125,18308.8125,2998.156494140625,4428.12060546875,5035.04052734375,5100.0,3364.43212890625,4969.8115234375,4283.29833984375,10249.0380859375
2023-11-04,8358.078125,18308.8125,2998.156494140625,4428.12060546875,5035.04052734375,5100.0,3364.43212890625,4969.8115234375,4283.29833984375,10249.0380859375
2023-11-05,8358.078125,18308.8125,2998.156494140625,4428.12060546875,5035.04052734375,5100.0,3364.43212890625,4969.8115234375,4283.29833984375,10249.0380859375
2023-11-06,8498.9453125,18333.3203125,2948.187255859375,4514.94775390625,5121.4794921875,5100.0,3439.82568359375,4990.8701171875,4353.37255859375,10273.5576171875
2023-11-07,8428.5107421875,18406.849609375,2938.193359375,4558.35986328125,5078.26025390625,5000.0,3364.43212890625,4906.6357421875,4327.0947265625,10273.5576171875
2023-11-08,8451.990234375,18406.849609375,2948.187255859375,4536.6533203125,5056.650390625,5000.0,3317.311279296875,4822.40185546875,4274.5390625,10273.5576171875
2023-11-09,8451.990234375,18284.30078125,2958.18115234375,4514.94775390625,5078.26025390625,5100.0,3326.7353515625,4843.46044921875,4257.0205078125,10249.0380859375
2023-11-10,8287.6455078125,18480.37890625,2998.156494140625,4406.4150390625,4991.82177734375,5100.0,3345.583740234375,4864.51953125,4257.0205078125,10371.634765625
2023-11-11,8287.6455078125,18480.37890625,2998.156494140625,4406.4150390625,4991.82177734375,5100.0,3345.583740234375,4864.51953125,4257.0205078125,10371.634765625
2023-11-12,8287.6455078125,18480.37890625,2998.156494140625,4406.4150390625,4991.82177734375,5100.0,3345.583740234375,4864.51953125,4257.0205078125,10371.634765625
2023-11-13,8334.6005859375,18799.0078125,2908.2119140625,4363.001953125,5035.04052734375,5100.0,3317.311279296875,4759.22607421875,4283.29833984375,10175.48046875
2023-11-14,8381.5556640625,18823.515625,2988.162841796875,4406.4150390625,5035.04052734375,5100.0,3298.462890625,4780.28466796875,4274.5390625,10249.0380859375
2023-11-15,8498.9453125,18333.3203125,2918.205810546875,4558.35986328125,5121.4794921875,5100.0,3345.583740234375,4843.46044921875,4362.13232421875,10371.634765625
2023-11-16,8522.4228515625,18700.966796875,2918.205810546875,4558.35986328125,5121.4794921875,5100.0,3336.15966796875,4906.6357421875,4335.85400390625,10371.634765625
2023-11-17,8522.4228515625,18774.49609375,2948.187255859375,4536.6533203125,5099.86962890625,5150.0,3345.583740234375,4801.34375,4362.13232421875,10273.5576171875
2023-11-18,8522.4228515625,18774.49609375,2948.187255859375,4536.6533203125,5099.86962890625,5150.0,3345.583740234375,4801.34375,4362.13232421875,10273.5576171875
2023-11-19,8522.4228515625,18774.49609375,2948.187255859375,4536.6533203125,5099.86962890625,5150.0,3345.583740234375,4801.34375,4362.13232421875,10273.5576171875
2023-11-20,8334.6005859375,19068.61328125,2888.22412109375,4558.35986328125,5078.26025390625,5150.0,3383.280517578125,4885.57763671875,4362.13232421875,10322.595703125
2023-11-21,8240.6904296875,19215.673828125,2888.22412109375,4514.94775390625,5078.26025390625,5150.0,3411.552978515625,4864.51953125,4445.34521484375,10298.0771484375
2023-11-22,8334.6005859375,19019.595703125,2888.22412109375,4580.06689453125,5078.26025390625,5150.0,3402.12890625,4780.28466796875,4445.34521484375,10298.0771484375
2023-11-23,8381.5556640625,19019.595703125,2898.218017578125,4645.18603515625,5099.86962890625,5150.0,3392.704833984375,4801.34375,4511.0400390625,10347.115234375
2023-11-24,8381.5556640625,19019.595703125,2868.236572265625,4688.59912109375,5078.26025390625,5150.0,3411.552978515625,4822.40185546875,4554.83642578125,10224.51953125
2023-11-25,8381.5556640625,19019.595703125,2868.236572265625,4688.59912109375,5078.26025390625,5150.0,3411.552978515625,4822.40185546875,4554.83642578125,10224.51953125
2023-11-26,8381.5556640625,19019.595703125,2868.236572265625,4688.59912109375,5078.26025390625,5150.0,3411.552978515625,4822.40185546875,4554.83642578125,10224.51953125
2023-11-27,8334.6005859375,19019.595703125,2838.2548828125,4645.18603515625,5099.86962890625,5150.0,3468.09814453125,4738.16796875,4620.53125,10445.1923828125
2023-11-28,8334.6005859375,18946.064453125,2888.22412109375,4645.18603515625,5099.86962890625,5150.0,3552.915771484375,4674.99267578125,4532.9384765625,10445.1923828125
2023-11-29,8358.078125,18897.046875,2918.205810546875,4601.77294921875,5056.650390625,5150.0,3505.794921875,4653.93359375,4576.73486328125,10298.0771484375
2023-11-30,8428.5107421875,18897.046875,2948.187255859375,4580.06689453125,5056.650390625,5150.0,3543.49169921875,4548.6416015625,4620.53125,11327.884765625
2023-12-01,8405.033203125,18872.537109375,2908.2119140625,4645.18603515625,5099.86962890625,5150.0,3609.4609375,4843.46044921875,4598.63330078125,10322.595703125
2023-12-02,8405.033203125,18872.537109375,2908.2119140625,4645.18603515625,5099.86962890625,5150.0,3609.4609375,4843.46044921875,4598.63330078125,10322.595703125
2023-12-03,8405.033203125,18872.537109375,2908.2119140625,4645.18603515625,5099.86962890625,5150.0,3609.4609375,4843.46044921875,4598.63330078125,10322.595703125
2023-12-04,8421.546875,18823.515625,2908.2119140625,4775.4248046875,5186.30859375,5150.0,3590.612548828125,4843.46044921875,4642.4296875,10298.0771484375
2023-12-05,8397.9560546875,18799.0078125,3168.05224609375,4732.01171875,5164.69873046875,5150.0,3628.309326171875,4822.40185546875,4642.4296875,10469.7109375
2023-12-06,8303.59765625,18627.439453125,3477.861572265625,4710.30517578125,5013.431640625,5150.0,3694.278564453125,4822.40185546875,4576.73486328125,10445.1923828125
2023-12-07,8327.1875,18627.439453125,4347.3271484375,4753.71826171875,4970.2119140625,5150.0,3684.854248046875,4780.28466796875,4620.53125,10445.1923828125
2023-12-08,8256.4189453125,18627.439453125,4697.11181640625,4666.892578125,4926.99267578125,5150.0,3713.126953125,4780.28466796875,4445.34521484375,10763.9423828125
2023-12-09,8256.4189453125,18627.439453125,4697.11181640625,4666.892578125,4926.99267578125,5150.0,3713.126953125,4780.28466796875,4445.34521484375,10763.9423828125
2023-12-10,8256.4189453125,18627.439453125,4697.11181640625,4666.892578125,4926.99267578125,5150.0,3713.126953125,4780.28466796875,4445.34521484375,10763.9423828125
2023-12-11,8256.4189453125,18602.9296875,4697.11181640625,4601.77294921875,4991.82177734375,5910.0,3750.823486328125,4717.109375,4532.9384765625,10322.595703125
2023-12-12,8209.23828125,18602.9296875,4757.0751953125,4623.4794921875,5013.431640625,6870.0,3684.854248046875,4696.05078125,4620.53125,10420.6728515625
2023-12-13,8185.6494140625,18627.439453125,4777.06298828125,4601.77294921875,4948.6025390625,7880.0,3694.278564453125,4653.93359375,4532.9384765625,10347.115234375
2023-12-14,8539.49609375,18627.439453125,4647.142578125,4818.837890625,5143.0888671875,8200.0,3713.126953125,4738.16796875,4686.22607421875,10371.634765625
2023-12-15,8704.6240234375,19117.634765625,4926.970703125,4818.837890625,5099.86962890625,8070.0,3750.823486328125,4759.22607421875,4620.53125,10224.51953125
2023-12-16,8704.6240234375,19117.634765625,4926.970703125,4818.837890625,5099.86962890625,8070.0,3750.823486328125,4759.22607421875,4620.53125,10224.51953125
2023-12-17,8704.6240234375,19117.634765625,4926.970703125,4818.837890625,5099.86962890625,8070.0,3750.823486328125,4759.22607421875,4620.53125,10224.51953125
2023-12-18,8681.0341796875,18852.451171875,5071.8818359375,4775.4248046875,5121.4794921875,8047.5,3741.3994140625,4717.109375,4554.83642578125,10396.1533203125
2023-12-19,8728.2138671875,19050.896484375,5346.71240234375,4818.837890625,5164.69873046875,7800.0,3741.3994140625,4738.16796875,4554.83642578125,10371.634765625
2023-12-20,8775.3935546875,19323.76171875,5671.5126953125,4818.837890625,5121.4794921875,8000.0,3731.97509765625,4738.16796875,4554.83642578125,10371.634765625
2023-12-21,8798.982421875,19373.373046875,5871.39013671875,4840.54443359375,5164.69873046875,8000.0,3722.551025390625,4674.99267578125,4511.0400390625,10347.115234375
2023-12-22,8798.982421875,19348.568359375,5871.39013671875,4927.3701171875,5164.69873046875,8000.0,3731.97509765625,4674.99267578125,4598.63330078125,10322.595703125
2023-12-23,8798.982421875,19348.568359375,5871.39013671875,4927.3701171875,5164.69873046875,8000.0,3731.97509765625,4674.99267578125,4598.63330078125,10322.595703125
2023-12-24,8798.982421875,19348.568359375,5871.39013671875,4927.3701171875,5164.69873046875,8000.0,3731.97509765625,4674.99267578125,4598.63330078125,10322.595703125
2023-12-25,8798.982421875,19348.568359375,5871.39013671875,4927.3701171875,5164.69873046875,8000.0,3731.97509765625,4674.99267578125,4598.63330078125,10322.595703125
2023-12-26,8798.982421875,19348.568359375,5871.39013671875,4927.3701171875,5164.69873046875,8000.0,3731.97509765625,4674.99267578125,4598.63330078125,10322.595703125
2023-12-27,8846.162109375,19150.12109375,5996.31298828125,4883.95751953125,5186.30859375,8000.0,3713.126953125,4674.99267578125,4620.53125,10371.634765625
2023-12-28,8869.7529296875,19671.04296875,5996.31298828125,4970.783203125,5294.3564453125,8000.0,3731.97509765625,4717.109375,4686.22607421875,10445.1923828125
2023-12-29,8869.7529296875,19745.4609375,5246.77392578125,4970.783203125,5229.52734375,8000.0,3722.551025390625,4759.22607421875,4708.12451171875,10371.634765625
2023-12-30,8869.7529296875,19745.4609375,5246.77392578125,4970.783203125,5229.52734375,8000.0,3722.551025390625,4759.22607421875,4708.12451171875,10371.634765625
2023-12-31,8869.7529296875,19745.4609375,5246.77392578125,4970.783203125,5229.52734375,8000.0,3722.551025390625,4759.22607421875,4708.12451171875,10371.634765625
2024-01-01,8869.7529296875,19745.4609375,5246.77392578125,4970.783203125,5229.52734375,8000.0,3722.551025390625,4759.22607421875,4708.12451171875,10371.634765625
2024-01-02,8893.341796875,19795.072265625,5696.49755859375,5000.7431640625,5294.3564453125,7700.0,3760.247802734375,4801.34375,4708.12451171875,10445.1923828125
2024-01-03,8822.572265625,19447.791015625,5846.4052734375,4934.654296875,5272.74658203125,7700.0,3731.97509765625,4717.109375,4686.22607421875,10420.6728515625
2024-01-04,8940.5205078125,19373.373046875,5896.37451171875,5022.7734375,5488.8427734375,7700.0,3741.3994140625,4801.34375,4905.20849609375,10837.5
2024-01-05,9034.8818359375,19745.4609375,5721.482421875,5066.83251953125,5553.67138671875,7700.0,3666.005859375,4738.16796875,4883.31005859375,10518.75
2024-01-06,9034.8818359375,19745.4609375,5721.482421875,5066.83251953125,5553.67138671875,7700.0,3666.005859375,4738.16796875,4883.31005859375,10518.75
2024-01-07,9034.8818359375,19745.4609375,5721.482421875,5066.83251953125,5553.67138671875,7700.0,3666.005859375,4738.16796875,4883.31005859375,10518.75
2024-01-08,9034.8818359375,19621.431640625,5271.7587890625,4956.68408203125,5532.0625,7710.0,3666.005859375,4696.05078125,4883.31005859375,10543.26953125
2024-01-09,9082.060546875,19745.4609375,4217.40673828125,5022.7734375,5510.45263671875,7710.0,3731.97509765625,4696.05078125,4949.00537109375,10812.98046875
2024-01-10,9011.291015625,19671.04296875,3997.542236328125,5022.7734375,5553.67138671875,7710.0,3769.671875,4653.93359375,4905.20849609375,11131.73046875
2024-01-11,9034.8818359375,19596.626953125,3707.720458984375,5066.83251953125,5575.28125,7710.0,3760.247802734375,4674.99267578125,4905.20849609375,10911.0576171875
2024-01-12,9152.830078125,19547.013671875,3557.8125,5154.95166015625,5683.32958984375,8992.5,3779.09619140625,4717.109375,4905.20849609375,10960.095703125
2024-01-13,9152.830078125,19547.013671875,3557.8125,5154.95166015625,5683.32958984375,8992.5,3779.09619140625,4717.109375,4905.20849609375,10960.095703125
2024-01-14,9152.830078125,19547.013671875,3557.8125,5154.95166015625,5683.32958984375,8992.5,3779.09619140625,4717.109375,4905.20849609375,10960.095703125
2024-01-15,9176.419921875,19596.626953125,3228.015380859375,5132.921875,5618.50048828125,9815.0,3769.671875,4653.93359375,4927.10693359375,10911.0576171875
2024-01-16,9152.830078125,19621.431640625,3557.8125,5132.921875,5640.1103515625,11122.5,3779.09619140625,4632.875,4905.20849609375,10862.01953125
2024-01-17,9200.0087890625,19522.208984375,3407.90478515625,5088.8623046875,5640.1103515625,12247.5,3760.247802734375,4548.6416015625,4861.412109375,10911.0576171875
2024-01-18,9129.240234375,19671.04296875,4257.38232421875,5066.83251953125,5640.1103515625,13400.0,3722.551025390625,4527.5830078125,4861.412109375,11058.1728515625
2024-01-19,9082.060546875,19671.04296875,4347.3271484375,5110.89208984375,5640.1103515625,14200.0,3713.126953125,4506.52392578125,4817.61572265625,11327.884765625
2024-01-20,9082.060546875,19671.04296875,4347.3271484375,5110.89208984375,5640.1103515625,14200.0,3713.126953125,4506.52392578125,4817.61572265625,11327.884765625
2024-01-21,9082.060546875,19671.04296875,4347.3271484375,5110.89208984375,5640.1103515625,14200.0,3713.126953125,4506.52392578125,4817.61572265625,11327.884765625
2024-01-22,9082.060546875,19646.23828125,4787.056640625,5088.8623046875,5618.50048828125,14200.0,3750.823486328125,4401.23193359375,4839.51416015625,11180.76953125
2024-01-23,9058.4697265625,19646.23828125,5496.62060546875,5022.7734375,5618.50048828125,13550.0,3722.551025390625,4316.99755859375,4751.9208984375,11156.25
2024-01-24,8987.701171875,19547.013671875,5471.6357421875,4978.7138671875,5532.0625,13450.0,3741.3994140625,4274.880859375,4795.71728515625,11180.76953125
2024-01-25,8964.111328125,19398.1796875,5521.60498046875,4868.56494140625,5424.01416015625,14770.0,3750.823486328125,4253.822265625,4730.02294921875,11180.76953125
2024-01-26,8822.572265625,19547.013671875,5396.68212890625,4780.44677734375,5445.62353515625,14797.5,3750.823486328125,4274.880859375,4751.9208984375,11229.8076171875
2024-01-27,8822.572265625,19547.013671875,5396.68212890625,4780.44677734375,5445.62353515625,14797.5,3750.823486328125,4274.880859375,4751.9208984375,11229.8076171875
2024-01-28,8822.572265625,19547.013671875,5396.68212890625,4780.44677734375,5445.62353515625,14797.5,3750.823486328125,4274.880859375,4751.9208984375,11229.8076171875
2024-01-29,9011.291015625,19547.013671875,5496.62060546875,4912.625,5596.89111328125,14750.0,3779.09619140625,4152.74072265625,4883.31005859375,11180.76953125
2024-01-30,9105.6494140625,19547.013671875,5446.6513671875,4956.68408203125,5748.158203125,14345.0,3769.671875,4295.9384765625,4949.00537109375,11009.134765625
2024-01-31,9011.291015625,19547.013671875,5396.68212890625,5022.7734375,5748.158203125,14422.5,3731.97509765625,4316.99755859375,5036.59814453125,11548.5576171875
2024-02-01,9152.830078125,19571.8203125,5446.6513671875,5066.83251953125,5661.7197265625,14400.0,3807.36865234375,4316.99755859375,5014.69970703125,11352.4033203125
2024-02-02,9152.830078125,19596.626953125,5471.6357421875,5154.95166015625,5769.76806640625,14352.5,3760.247802734375,4485.46533203125,5058.49658203125,11352.4033203125
2024-02-03,9152.830078125,19596.626953125,5471.6357421875,5154.95166015625,5769.76806640625,14352.5,3760.247802734375,4485.46533203125,5058.49658203125,11352.4033203125
2024-02-04,9152.830078125,19596.626953125,5471.6357421875,5154.95166015625,5769.76806640625,14352.5,3760.247802734375,4485.46533203125,5058.49658203125,11352.4033203125
2024-02-05,9034.8818359375,19547.013671875,5396.68212890625,5088.8623046875,5899.42529296875,12500.0,3750.823486328125,4359.1142578125,5036.59814453125,11254.3271484375
2024-02-06,9082.060546875,19522.208984375,5421.66650390625,5132.921875,5921.03515625,12000.0,3750.823486328125,4422.2900390625,5058.49658203125,11303.365234375
2024-02-07,9152.830078125,19522.208984375,5196.8046875,5154.95166015625,6007.4736328125,12000.0,3750.823486328125,4485.46533203125,5036.59814453125,11205.2880859375
2024-02-08,9152.830078125,19522.208984375,5196.8046875,5154.95166015625,6007.4736328125,12000.0,3750.823486328125,4485.46533203125,5036.59814453125,11205.2880859375
2024-02-09,9152.830078125,19522.208984375,5196.8046875,5154.95166015625,6007.4736328125,12000.0,3750.823486328125,4485.46533203125,5036.59814453125,11205.2880859375
2024-02-10,9152.830078125,19522.208984375,5196.8046875,5154.95166015625,6007.4736328125,12000.0,3750.823486328125,4485.46533203125,5036.59814453125,11205.2880859375
2024-02-11,9152.830078125,19522.208984375,5196.8046875,5154.95166015625,6007.4736328125,12000.0,3750.823486328125,4485.46533203125,5036.59814453125,11205.2880859375
2024-02-12,9247.1884765625,19547.013671875,5096.8662109375,5309.15966796875,6137.13134765625,12050.0,3769.671875,4464.4072265625,5211.7841796875,11425.9609375
2024-02-13,9176.419921875,19522.208984375,4097.48046875,5287.1298828125,6072.30224609375,12050.0,3750.823486328125,4380.1728515625,5146.08935546875,11156.25
2024-02-14,9176.419921875,19522.208984375,4097.48046875,5287.1298828125,6072.30224609375,12050.0,3750.823486328125,4380.1728515625,5146.08935546875,11156.25
2024-02-15,9294.3681640625,19547.013671875,4047.511474609375,5397.2783203125,6223.56982421875,12050.0,3797.9443359375,4316.99755859375,5255.58056640625,11425.9609375
2024-02-16,9388.7265625,19373.373046875,4617.1611328125,5419.30810546875,6223.56982421875,12850.0,3920.458740234375,4380.1728515625,5255.58056640625,11229.8076171875
2024-02-17,9388.7265625,19373.373046875,4617.1611328125,5419.30810546875,6223.56982421875,12850.0,3920.458740234375,4380.1728515625,5255.58056640625,11229.8076171875
2024-02-18,9388.7265625,19373.373046875,4617.1611328125,5419.30810546875,6223.56982421875,12850.0,3920.458740234375,4380.1728515625,5255.58056640625,11229.8076171875
2024-02-19,9317.958984375,19447.791015625,4637.14892578125,5375.2490234375,6180.3505859375,12850.0,3920.458740234375,4316.99755859375,5146.08935546875,11352.4033203125
2024-02-20,9459.49609375,18852.451171875,4617.1611328125,5551.486328125,6180.3505859375,11502.5,3967.57958984375,4380.1728515625,5277.47900390625,11327.884765625
2024-02-21,9412.3173828125,19447.791015625,4667.13037109375,5551.486328125,6266.7890625,12025.0,3939.30712890625,4422.2900390625,5255.58056640625,11254.3271484375
2024-02-22,9317.958984375,19348.568359375,4627.1552734375,5507.4267578125,6137.13134765625,12025.0,3854.489501953125,4443.34814453125,5211.7841796875,11376.9228515625
2024-02-23,9270.7783203125,19398.1796875,4487.2412109375,5397.2783203125,6093.912109375,12025.0,3863.913818359375,4316.99755859375,5167.98779296875,11327.884765625
2024-02-24,9270.7783203125,19398.1796875,4487.2412109375,5397.2783203125,6093.912109375,12025.0,3863.913818359375,4316.99755859375,5167.98779296875,11327.884765625
2024-02-25,9270.7783203125,19398.1796875,4487.2412109375,5397.2783203125,6093.912109375,12025.0,3863.913818359375,4316.99755859375,5167.98779296875,11327.884765625
2024-02-26,9247.1884765625,19224.5390625,4517.22265625,5441.33740234375,6093.912109375,13000.0,3854.489501953125,4316.99755859375,5167.98779296875,11327.884765625
2024-02-27,9317.958984375,19323.76171875,4447.265625,5397.2783203125,6115.52197265625,12995.0,3760.247802734375,4359.1142578125,5255.58056640625,11376.9228515625
2024-02-28,9435.90625,19323.76171875,4507.22900390625,5485.3974609375,6158.7412109375,12897.5,3760.247802734375,4401.23193359375,5233.6826171875,11376.9228515625
2024-02-29,9317.958984375,19348.568359375,4577.185546875,5397.2783203125,6050.69287109375,12897.5,3769.671875,4401.23193359375,5255.58056640625,11327.884765625
2024-03-01,9270.7783203125,19348.568359375,4667.13037109375,5397.2783203125,6072.30224609375,12897.5,3694.278564453125,4401.23193359375,5167.98779296875,11401.4423828125
2024-03-02,9270.7783203125,19348.568359375,4667.13037109375,5397.2783203125,6072.30224609375,12897.5,3694.278564453125,4401.23193359375,5167.98779296875,11401.4423828125
2024-03-03,9270.7783203125,19348.568359375,4667.13037109375,5397.2783203125,6072.30224609375,12897.5,3694.278564453125,4401.23193359375,5167.98779296875,11401.4423828125
2024-03-04,9200.0087890625,19298.955078125,4787.056640625,5331.18896484375,6072.30224609375,12897.5,3713.126953125,4380.1728515625,5146.08935546875,11229.8076171875
2024-03-05,9247.1884765625,19274.150390625,4737.08740234375,5397.2783203125,6072.30224609375,12895.0,3647.157470703125,4295.9384765625,5167.98779296875,11156.25
2024-03-06,9388.7265625,19249.34375,5221.78955078125,5463.3671875,6115.52197265625,11997.5,3675.43017578125,4359.1142578125,5211.7841796875,10935.5771484375
2024-03-07,9553.85546875,19174.92578125,5621.54345703125,5485.3974609375,6137.13134765625,11997.5,3675.43017578125,4316.99755859375,5233.6826171875,10494.23046875
2024-03-08,9577.4462890625,19348.568359375,5571.57421875,5595.54541015625,6158.7412109375,11997.5,3637.7333984375,4338.05615234375,5343.173828125,10567.7880859375
2024-03-09,9577.4462890625,19348.568359375,5571.57421875,5595.54541015625,6158.7412109375,11997.5,3637.7333984375,4338.05615234375,5343.173828125,10567.7880859375
2024-03-10,9577.4462890625,19348.568359375,5571.57421875,5595.54541015625,6158.7412109375,11997.5,3637.7333984375,4338.05615234375,5343.173828125,10567.7880859375
2024-03-11,9577.4462890625,19348.568359375,5571.57421875,5595.54541015625,6158.7412109375,11997.5,3637.7333984375,4338.05615234375,5343.173828125,10567.7880859375
2024-03-12,9577.4462890625,19348.568359375,5571.57421875,5595.54541015625,6158.7412109375,11997.5,3637.7333984375,4338.05615234375,5343.173828125,10567.7880859375
2024-03-13,9435.90625,19323.76171875,6221.1748046875,5639.60498046875,6288.39892578125,10500.0,3675.43017578125,4338.05615234375,5452.6650390625,10518.75
2024-03-14,9742.5732421875,19348.568359375,5546.58984375,5625.8837890625,6396.44677734375,12125.0,3731.97509765625,4443.34814453125,5386.97021484375,10690.384765625
2024-03-15,9577.4462890625,19249.34375,5146.83544921875,5465.79736328125,6396.44677734375,12127.5,3741.3994140625,4359.1142578125,5323.1796875,10518.75
2024-03-16,9577.4462890625,19249.34375,5146.83544921875,5465.79736328125,6396.44677734375,12127.5,3741.3994140625,4359.1142578125,5323.1796875,10518.75
2024-03-17,9577.4462890625,19249.34375,5146.83544921875,5465.79736328125,6396.44677734375,12127.5,3741.3994140625,4359.1142578125,5323.1796875,10518.75
2024-03-18,9577.4462890625,19249.34375,5271.7587890625,5488.66650390625,6201.96044921875,12127.5,3694.278564453125,4338.05615234375,5323.1796875,10641.345703125
2024-03-19,9601.03515625,19249.34375,5346.71240234375,5488.66650390625,6288.39892578125,12500.0,3713.126953125,4401.23193359375,5369.06884765625,10788.4609375
2024-03-20,9553.85546875,19298.955078125,5696.49755859375,5580.14453125,6405.568359375,12500.0,3703.70263671875,4443.34814453125,5392.013671875,11009.134765625
2024-03-21,9553.85546875,19298.955078125,5621.54345703125,5580.14453125,6405.568359375,12500.0,3666.005859375,4506.52392578125,5323.1796875,10739.4228515625
2024-03-22,9530.265625,19323.76171875,5671.5126953125,5603.01416015625,6405.568359375,12500.0,3675.43017578125,4527.5830078125,5369.06884765625,10911.0576171875
2024-03-23,9530.265625,19323.76171875,5671.5126953125,5603.01416015625,6405.568359375,12500.0,3675.43017578125,4527.5830078125,5369.06884765625,10911.0576171875
2024-03-24,9530.265625,19323.76171875,5671.5126953125,5603.01416015625,6405.568359375,12500.0,3675.43017578125,4527.5830078125,5369.06884765625,10911.0576171875
2024-03-25,9725.74609375,18877.255859375,5946.34375,5717.361328125,6587.28662109375,11250.0,3515.218994140625,4506.52392578125,5437.9033203125,10984.615234375
2024-03-26,9701.6123046875,19100.509765625,6096.251953125,5763.10009765625,6519.142578125,12300.0,3411.552978515625,4464.4072265625,5460.84814453125,10641.345703125
2024-03-27,9725.74609375,18802.837890625,5721.482421875,5717.361328125,6519.142578125,12300.0,3289.038818359375,4443.34814453125,5437.9033203125,10788.4609375
2024-03-28,9725.74609375,18852.451171875,5821.4208984375,5534.4052734375,6587.28662109375,12300.0,3270.1904296875,4338.05615234375,5414.95849609375,11376.9228515625
2024-03-29,9725.74609375,18852.451171875,5821.4208984375,5534.4052734375,6587.28662109375,12300.0,3270.1904296875,4338.05615234375,5414.95849609375,11376.9228515625
2024-03-30,9725.74609375,18852.451171875,5821.4208984375,5534.4052734375,6587.28662109375,12300.0,3270.1904296875,4338.05615234375,5414.95849609375,11376.9228515625
2024-03-31,9725.74609375,18852.451171875,5821.4208984375,5534.4052734375,6587.28662109375,12300.0,3270.1904296875,4338.05615234375,5414.95849609375,11376.9228515625
2024-04-01,9508.5458984375,18902.0625,6096.251953125,5420.05859375,6269.27978515625,12300.0,3307.88720703125,4380.1728515625,5185.51123046875,11009.134765625
2024-04-02,9556.8125,18951.673828125,6471.021484375,5191.36376953125,6269.27978515625,12300.0,3289.038818359375,4443.34814453125,5024.89794921875,10984.615234375
2024-04-03,9194.8125,18877.255859375,6770.8369140625,5145.625,6155.7060546875,12300.0,3223.069580078125,4422.2900390625,4887.2294921875,10788.4609375
2024-04-04,9508.5458984375,18902.0625,6970.71435546875,5214.2333984375,6246.56494140625,11525.0,3251.342041015625,4359.1142578125,4910.17431640625,10812.98046875
2024-04-05,9484.4130859375,18654.00390625,7095.63720703125,5168.49462890625,6201.13525390625,12300.0,3232.49365234375,4443.34814453125,4864.28466796875,10641.345703125
2024-04-06,9484.4130859375,18654.00390625,7095.63720703125,5168.49462890625,6201.13525390625,12300.0,3232.49365234375,4443.34814453125,4864.28466796875,10641.345703125
2024-04-07,9484.4130859375,18654.00390625,7095.63720703125,5168.49462890625,6201.13525390625,12300.0,3232.49365234375,4443.34814453125,4864.28466796875,10641.345703125
2024-04-08,9484.4130859375,18654.00390625,7095.63720703125,5168.49462890625,6201.13525390625,12300.0,3232.49365234375,4443.34814453125,4864.28466796875,10641.345703125
2024-04-09,9484.4130859375,18654.00390625,7095.63720703125,5168.49462890625,6201.13525390625,12300.0,3232.49365234375,4443.34814453125,4864.28466796875,10641.345703125
2024-04-10,9484.4130859375,18654.00390625,7095.63720703125,5168.49462890625,6201.13525390625,12300.0,3232.49365234375,4443.34814453125,4864.28466796875,10641.345703125
2024-04-11,9484.4130859375,18654.00390625,7095.63720703125,5168.49462890625,6201.13525390625,12300.0,3232.49365234375,4443.34814453125,4864.28466796875,10641.345703125
2024-04-12,9484.4130859375,18654.00390625,7095.63720703125,5168.49462890625,6201.13525390625,12300.0,3232.49365234375,4443.34814453125,4864.28466796875,10641.345703125
2024-04-13,9484.4130859375,18654.00390625,7095.63720703125,5168.49462890625,6201.13525390625,12300.0,3232.49365234375,4443.34814453125,4864.28466796875,10641.345703125
2024-04-14,9484.4130859375,18654.00390625,7095.63720703125,5168.49462890625,6201.13525390625,12300.0,3232.49365234375,4443.34814453125,4864.28466796875,10641.345703125
2024-04-15,9484.4130859375,18654.00390625,7095.63720703125,5168.49462890625,6201.13525390625,12300.0,3232.49365234375,4443.34814453125,4864.28466796875,10641.345703125
2024-04-16,9146.544921875,18926.8671875,7220.560546875,4894.06103515625,6019.4169921875,12300.0,3034.5859375,4295.9384765625,4772.505859375,9905.76953125
2024-04-17,9194.8125,18827.64453125,6845.791015625,4848.322265625,6019.4169921875,12300.0,3015.737548828125,4316.99755859375,4818.3955078125,9954.8076171875
2024-04-18,9146.544921875,18926.8671875,6920.74462890625,5008.408203125,6178.42041015625,12300.0,3062.8583984375,4295.9384765625,4864.28466796875,9905.76953125
2024-04-19,9146.544921875,18951.673828125,6845.791015625,4825.453125,6110.2763671875,12300.0,2968.61669921875,4127.470703125,4795.45068359375,9537.98046875
2024-04-20,9146.544921875,18951.673828125,6845.791015625,4825.453125,6110.2763671875,12300.0,2968.61669921875,4127.470703125,4795.45068359375,9537.98046875
2024-04-21,9146.544921875,18951.673828125,6845.791015625,4825.453125,6110.2763671875,12300.0,2968.61669921875,4127.470703125,4795.45068359375,9537.98046875
2024-04-22,9025.87890625,18778.033203125,6995.69873046875,4848.322265625,6110.2763671875,12300.0,2987.465087890625,4169.58740234375,4910.17431640625,9611.5380859375
2024-04-23,9387.8798828125,18356.333984375,7295.5146484375,4848.322265625,6201.13525390625,12300.0,2921.495849609375,4232.76318359375,4818.3955078125,9734.134765625
2024-04-24,9605.0791015625,18902.0625,7445.42236328125,4779.71435546875,6405.568359375,12300.0,2864.95068359375,4135.89404296875,4864.28466796875,9979.3271484375
2024-04-25,9436.1455078125,18877.255859375,7395.453125,4711.10546875,6314.70947265625,12500.0,2864.95068359375,4169.58740234375,4864.28466796875,10494.23046875
2024-04-26,9291.345703125,18728.421875,7320.4990234375,4418.376953125,6132.9912109375,12500.0,2855.5263671875,4110.6240234375,4726.6162109375,10396.1533203125
2024-04-27,9291.345703125,18728.421875,7320.4990234375,4418.376953125,6132.9912109375,12500.0,2855.5263671875,4110.6240234375,4726.6162109375,10396.1533203125
2024-04-28,9291.345703125,18728.421875,7320.4990234375,4418.376953125,6132.9912109375,12500.0,2855.5263671875,4110.6240234375,4726.6162109375,10396.1533203125
2024-04-29,9460.279296875,18852.451171875,7495.3916015625,4363.490234375,6291.99462890625,12500.0,2902.6474609375,4232.76318359375,4795.45068359375,10469.7109375
2024-04-30,9460.279296875,18802.837890625,7570.34521484375,4519.00244140625,6269.27978515625,12500.0,2987.465087890625,4338.05615234375,4818.3955078125,10665.865234375
2024-05-01,9460.279296875,18802.837890625,7570.34521484375,4519.00244140625,6269.27978515625,12500.0,2987.465087890625,4338.05615234375,4818.3955078125,10665.865234375
2024-05-02,9218.9453125,18852.451171875,7820.19189453125,4354.34228515625,5746.83984375,12300.0,2940.343994140625,4359.1142578125,4432.923828125,10273.5576171875
2024-05-03,9508.5458984375,18951.673828125,7745.23779296875,4345.1943359375,5587.83642578125,12275.0,2978.040771484375,4401.23193359375,4432.923828125,10641.345703125
2024-05-04,9508.5458984375,18951.673828125,7745.23779296875,4345.1943359375,5587.83642578125,12275.0,2978.040771484375,4401.23193359375,4432.923828125,10641.345703125
2024-05-05,9508.5458984375,18951.673828125,7745.23779296875,4345.1943359375,5587.83642578125,12275.0,2978.040771484375,4401.23193359375,4432.923828125,10641.345703125
2024-05-06,9460.279296875,18877.255859375,7670.2841796875,4381.78564453125,5701.41015625,12500.0,2874.374755859375,4295.9384765625,4414.56787109375,10641.345703125
2024-05-07,9363.74609375,18902.0625,7695.2685546875,4272.01220703125,5701.41015625,12500.0,2912.071533203125,4253.822265625,4313.61083984375,10567.7880859375
2024-05-08,9050.01171875,18753.2265625,7970.099609375,4281.16015625,5701.41015625,12800.0,2902.6474609375,4316.99755859375,4286.0771484375,10567.7880859375
2024-05-09,9050.01171875,18753.2265625,7970.099609375,4281.16015625,5701.41015625,12800.0,2902.6474609375,4316.99755859375,4286.0771484375,10567.7880859375
2024-05-10,9050.01171875,18753.2265625,7970.099609375,4281.16015625,5701.41015625,12800.0,2902.6474609375,4316.99755859375,4286.0771484375,10567.7880859375
2024-05-11,9050.01171875,18753.2265625,7970.099609375,4281.16015625,5701.41015625,12800.0,2902.6474609375,4316.99755859375,4286.0771484375,10567.7880859375
2024-05-12,9050.01171875,18753.2265625,7970.099609375,4281.16015625,5701.41015625,12800.0,2902.6474609375,4316.99755859375,4286.0771484375,10567.7880859375
2024-05-13,9194.8125,18852.451171875,8045.0537109375,4281.16015625,5633.26611328125,12800.0,2912.071533203125,4274.880859375,4387.0341796875,10101.9228515625
2024-05-14,9218.9453125,18852.451171875,8419.8232421875,4326.89892578125,5633.26611328125,12800.0,2940.343994140625,4206.90869140625,4524.70263671875,10101.9228515625
2024-05-15,9170.6787109375,18728.421875,9119.392578125,4409.22900390625,5792.26953125,12800.0,2921.495849609375,4160.9814453125,4611.892578125,10396.1533203125
2024-05-16,9267.2119140625,18728.421875,9144.3779296875,4427.5244140625,5769.5546875,12800.0,3010.0,4326.31884765625,4772.505859375,10371.634765625
2024-05-17,9412.01171875,18802.837890625,9094.408203125,4500.70654296875,5973.98779296875,12800.0,2990.0,4408.98681640625,4749.56103515625,10347.115234375
2024-05-18,9412.01171875,18802.837890625,9094.408203125,4500.70654296875,5973.98779296875,12800.0,2990.0,4408.98681640625,4749.56103515625,10347.115234375
2024-05-19,9412.01171875,18802.837890625,9094.408203125,4500.70654296875,5973.98779296875,12800.0,2990.0,4408.98681640625,4749.56103515625,10347.115234375
2024-05-20,9146.544921875,18728.421875,9069.423828125,4409.22900390625,5746.83984375,13050.0,2990.0,4353.87451171875,4570.59228515625,10298.0771484375
2024-05-21,9050.01171875,18579.5859375,9075.0,4281.16015625,5474.26220703125,15660.0,2950.0,4317.1328125,4377.8564453125,10200.0
2024-05-22,9098.279296875,18505.16796875,9075.0,4317.7509765625,5496.97705078125,17800.0,2940.0,4326.31884765625,4368.67822265625,10273.5576171875
2024-05-23,9098.279296875,18505.16796875,9075.0,4317.7509765625,5496.97705078125,17800.0,2940.0,4326.31884765625,4368.67822265625,10273.5576171875
2024-05-24,9098.279296875,18505.16796875,9075.0,4317.7509765625,5496.97705078125,17800.0,2940.0,4326.31884765625,4368.67822265625,10273.5576171875
2024-05-25,9098.279296875,18505.16796875,9075.0,4317.7509765625,5496.97705078125,17800.0,2940.0,4326.31884765625,4368.67822265625,10273.5576171875
2024-05-26,9098.279296875,18505.16796875,9075.0,4317.7509765625,5496.97705078125,17800.0,2940.0,4326.31884765625,4368.67822265625,10273.5576171875
2024-05-27,8977.6123046875,18480.36328125,8850.0,4162.23876953125,5292.5439453125,17800.0,2810.0,4179.35205078125,4286.0771484375,10224.51953125
2024-05-28,8977.6123046875,18455.556640625,9075.0,4143.943359375,5406.1181640625,19770.0,2860.0,4142.61083984375,4322.7890625,10396.1533203125
2024-05-29,8832.8125,18207.498046875,9150.0,4034.170166015625,5269.82958984375,21200.0,2810.0,4096.68408203125,4157.5869140625,10224.51953125
2024-05-30,8688.01171875,18058.662109375,9150.0,4006.726806640625,5337.9736328125,21200.0,2810.0,3968.088134765625,4120.875,9954.8076171875
2024-05-31,8929.345703125,17835.41015625,9175.0,3970.1357421875,5360.6884765625,21200.0,2900.0,3940.5322265625,4038.274169921875,9562.5
2024-06-01,8929.345703125,17835.41015625,9175.0,3970.1357421875,5360.6884765625,21200.0,2900.0,3940.5322265625,4038.274169921875,9562.5
2024-06-02,8929.345703125,17835.41015625,9175.0,3970.1357421875,5360.6884765625,21200.0,2900.0,3940.5322265625,4038.274169921875,9562.5
2024-06-03,8953.478515625,17860.216796875,9200.0,4143.943359375,5542.40673828125,21100.0,2930.0,4133.42529296875,4240.18798828125,10003.845703125
2024-06-04,9025.87890625,17711.380859375,9600.0,4070.76123046875,5587.83642578125,19505.0,3000.0,4206.90869140625,4258.54345703125,10126.4423828125
2024-06-05,9122.4130859375,17736.1875,8650.0,4025.0224609375,5451.5478515625,19350.0,3060.0,4225.279296875,4231.009765625,10249.0380859375
2024-06-06,9146.544921875,17661.76953125,8700.0,4116.5,5610.55126953125,19700.0,3050.0,4188.53759765625,4377.8564453125,10396.1533203125
2024-06-07,9001.7451171875,17661.76953125,8500.0,3979.28369140625,5701.41015625,19600.0,3050.0,4188.53759765625,4313.61083984375,10371.634765625
2024-06-08,9001.7451171875,17661.76953125,8500.0,3979.28369140625,5701.41015625,19600.0,3050.0,4188.53759765625,4313.61083984375,10371.634765625
2024-06-09,9001.7451171875,17661.76953125,8500.0,3979.28369140625,5701.41015625,19600.0,3050.0,4188.53759765625,4313.61083984375,10371.634765625
2024-06-10,9194.8125,17636.962890625,8675.0,4025.0224609375,5701.41015625,19200.0,3010.0,4142.61083984375,4231.009765625,10298.0771484375
2024-06-11,8977.6123046875,17562.544921875,8550.0,3970.1357421875,5565.12158203125,20050.0,2880.0,3995.64453125,4111.697265625,10347.115234375
2024-06-12,8929.345703125,17339.29296875,8775.0,3979.28369140625,5383.4033203125,20500.0,2920.0,4004.82958984375,4065.807861328125,10371.634765625
2024-06-13,8881.078125,17165.65234375,8650.0,3942.692138671875,5337.9736328125,22000.0,2840.0,4096.68408203125,4111.697265625,10469.7109375
2024-06-14,8881.078125,17140.845703125,8575.0,3823.771240234375,5224.39990234375,21005.0,2720.0,4059.9423828125,3955.673095703125,10298.0771484375
2024-06-15,8881.078125,17140.845703125,8575.0,3823.771240234375,5224.39990234375,21005.0,2720.0,4059.9423828125,3955.673095703125,10298.0771484375
2024-06-16,8881.078125,17140.845703125,8575.0,3823.771240234375,5224.39990234375,21005.0,2720.0,4059.9423828125,3955.673095703125,10298.0771484375
2024-06-17,8881.078125,17140.845703125,8575.0,3823.771240234375,5224.39990234375,21005.0,2720.0,4059.9423828125,3955.673095703125,10298.0771484375
2024-06-18,8881.078125,17140.845703125,8575.0,3823.771240234375,5224.39990234375,21005.0,2720.0,4059.9423828125,3955.673095703125,10298.0771484375
2024-06-19,8736.2783203125,17264.875,8675.0,3750.5888671875,5224.39990234375,24000.0,2830.0,4087.498291015625,3946.4951171875,10003.845703125
2024-06-20,9098.279296875,17661.76953125,8600.0,3906.101318359375,5406.1181640625,24000.0,2840.0,4087.498291015625,4038.274169921875,9979.3271484375
2024-06-21,9267.2119140625,15057.154296875,8625.0,4061.61328125,5565.12158203125,24000.0,2950.0,4124.23974609375,4166.7646484375,10101.9228515625
2024-06-22,9267.2119140625,15057.154296875,8625.0,4061.61328125,5565.12158203125,24000.0,2950.0,4124.23974609375,4166.7646484375,10101.9228515625
2024-06-23,9267.2119140625,15057.154296875,8625.0,4061.61328125,5565.12158203125,24000.0,2950.0,4124.23974609375,4166.7646484375,10101.9228515625
2024-06-24,9267.2119140625,15057.154296875,8825.0,4025.0224609375,5451.5478515625,23900.0,2950.0,4069.127685546875,4166.7646484375,10101.9228515625
2024-06-25,9267.2119140625,15057.154296875,8925.0,4006.726806640625,5383.4033203125,23900.0,2990.0,4041.57177734375,4111.697265625,9930.2880859375
2024-06-26,9170.6787109375,15081.9599609375,9075.0,3997.578857421875,5315.2587890625,24117.5,3000.0,4059.9423828125,4056.6298828125,10175.48046875
2024-06-27,9412.01171875,15230.7958984375,9050.0,4079.9091796875,5451.5478515625,24300.0,3030.0,4069.127685546875,4203.47607421875,10298.0771484375
2024-06-28,9580.9462890625,15652.4951171875,9225.0,4207.9775390625,5587.83642578125,25000.0,3130.0,4096.68408203125,4276.8994140625,10101.9228515625
2024-06-29,9580.9462890625,15652.4951171875,9225.0,4207.9775390625,5587.83642578125,25000.0,3130.0,4096.68408203125,4276.8994140625,10101.9228515625
2024-06-30,9580.9462890625,15652.4951171875,9225.0,4207.9775390625,5587.83642578125,25000.0,3130.0,4096.68408203125,4276.8994140625,10101.9228515625
2024-07-01,9532.6796875,16173.41796875,9100.0,4235.42138671875,5678.6953125,27000.0,3090.0,4243.64990234375,4322.7890625,10101.9228515625
2024-07-02,9556.8125,17413.7109375,9000.0,4180.53466796875,5633.26611328125,26900.0,3040.0,4160.9814453125,4322.7890625,10052.884765625
2024-07-03,9653.3466796875,19100.509765625,9200.0,4207.9775390625,5655.98046875,26870.0,3030.0,4197.72265625,4267.7216796875,10077.4033203125
2024-07-04,9484.4130859375,18827.64453125,9200.0,4381.78564453125,5678.6953125,26870.0,2960.0,4179.35205078125,4322.7890625,10028.365234375
2024-07-05,9605.0791015625,18703.615234375,9200.0,4390.93359375,5837.69873046875,27002.5,3020.0,4206.90869140625,4313.61083984375,10077.4033203125
2024-07-06,9605.0791015625,18703.615234375,9200.0,4390.93359375,5837.69873046875,27002.5,3020.0,4206.90869140625,4313.61083984375,10077.4033203125
2024-07-07,9605.0791015625,18703.615234375,9200.0,4390.93359375,5837.69873046875,27002.5,3020.0,4206.90869140625,4313.61083984375,10077.4033203125
2024-07-08,9701.6123046875,18650.0,9325.0,4345.1943359375,5655.98046875,27500.0,3080.0,4262.02099609375,4286.0771484375,10200.0
2024-07-09,9725.74609375,18625.0,9200.0,4454.9677734375,5792.26953125,28000.0,3080.0,4188.53759765625,4460.45751953125,10325.0
2024-07-10,9749.8798828125,18450.0,9500.0,4436.67236328125,5792.26953125,27750.0,3160.0,4170.1669921875,4423.74560546875,10300.0
2024-07-11,9725.74609375,18650.0,9600.0,4427.5244140625,5814.984375,28000.0,3180.0,4142.61083984375,4469.63525390625,10300.0
2024-07-12,9725.74609375,18350.0,9500.0,4482.4111328125,5837.69873046875,28300.0,3220.0,4170.1669921875,4611.892578125,10375.0
2024-07-13,9725.74609375,18350.0,9500.0,4482.4111328125,5837.69873046875,28300.0,3220.0,4170.1669921875,4611.892578125,10375.0
2024-07-14,9725.74609375,18350.0,9500.0,4482.4111328125,5837.69873046875,28300.0,3220.0,4170.1669921875,4611.892578125,10375.0
2024-07-15,9701.6123046875,17975.0,9700.0,4409.22900390625,5769.5546875,29000.0,3160.0,4105.869140625,4611.892578125,10575.0
2024-07-16,9605.0791015625,17950.0,9825.0,4326.89892578125,5769.5546875,29000.0,3100.0,4023.200439453125,4570.59228515625,10475.0
2024-07-17,9460.279296875,18200.0,9725.0,4354.34228515625,5860.41357421875,29000.0,3250.0,4096.68408203125,4588.94775390625,10750.0
2024-07-18,9749.8798828125,17925.0,9675.0,4473.263671875,5951.27294921875,29000.0,3210.0,4170.1669921875,4657.7822265625,10750.0
2024-07-19,9774.013671875,17950.0,9475.0,4482.4111328125,5928.55810546875,28500.0,3140.0,4160.9814453125,4680.72705078125,10800.0
2024-07-20,9774.013671875,17950.0,9475.0,4482.4111328125,5928.55810546875,28500.0,3140.0,4160.9814453125,4680.72705078125,10800.0
2024-07-21,9774.013671875,17950.0,9475.0,4482.4111328125,5928.55810546875,28500.0,3140.0,4160.9814453125,4680.72705078125,10800.0
2024-07-22,9749.8798828125,17500.0,9350.0,4491.55908203125,6087.5615234375,28800.0,3100.0,4151.79638671875,4680.72705078125,10900.0
2024-07-23,9822.279296875,17425.0,9450.0,4381.78564453125,6019.4169921875,29025.0,3160.0,4087.498291015625,4634.83740234375,10725.0
2024-07-24,9725.74609375,17275.0,9425.0,4372.6376953125,5883.12841796875,29025.0,3060.0,4160.9814453125,4680.72705078125,10800.0
2024-07-25,9942.9462890625,17500.0,9450.0,4299.45556640625,5973.98779296875,29000.0,3090.0,4124.23974609375,4611.892578125,10850.0
2024-07-26,9967.080078125,17300.0,9550.0,4354.34228515625,5951.27294921875,29325.0,3100.0,4234.46484375,4588.94775390625,10850.0
2024-07-27,9967.080078125,17300.0,9550.0,4354.34228515625,5951.27294921875,29325.0,3100.0,4234.46484375,4588.94775390625,10850.0
2024-07-28,9967.080078125,17300.0,9550.0,4354.34228515625,5951.27294921875,29325.0,3100.0,4234.46484375,4588.94775390625,10850.0
2024-07-29,9894.6796875,17200.0,9525.0,4372.6376953125,5883.12841796875,29800.0,3050.0,4234.46484375,4611.892578125,10825.0
2024-07-30,9822.279296875,17200.0,9600.0,4272.01220703125,5883.12841796875,29575.0,2880.0,4170.1669921875,4543.05859375,10900.0
2024-07-31,9918.8134765625,17050.0,9650.0,4272.01220703125,5814.984375,29600.0,2880.0,4335.50390625,4561.4140625,10925.0
2024-08-01,10015.3466796875,17025.0,9825.0,4345.1943359375,6132.9912109375,29750.0,2880.0,4353.87451171875,4657.7822265625,11000.0
2024-08-02,9846.4130859375,17000.0,10100.0,4308.603515625,6178.42041015625,31500.0,2850.0,4307.94775390625,4680.72705078125,11175.0
2024-08-03,9846.4130859375,17000.0,10100.0,4308.603515625,6178.42041015625,31500.0,2850.0,4307.94775390625,4680.72705078125,11175.0
2024-08-04,9846.4130859375,17000.0,10100.0,4308.603515625,6178.42041015625,31500.0,2850.0,4307.94775390625,4680.72705078125,11175.0
2024-08-05,9532.6796875,16800.0,9400.0,4143.943359375,5973.98779296875,31200.0,2790.0,4188.53759765625,4552.236328125,10900.0
2024-08-06,9653.3466796875,16875.0,9675.0,4207.9775390625,6019.4169921875,31900.0,2790.0,4234.46484375,4611.892578125,11000.0
2024-08-07,9749.8798828125,17425.0,10300.0,4226.2734375,6155.7060546875,31925.0,2820.0,4252.83544921875,4588.94775390625,11050.0
2024-08-08,9870.546875,17450.0,10325.0,4262.8642578125,6178.42041015625,31700.0,2850.0,4353.87451171875,4611.892578125,10975.0
2024-08-09,9798.146484375,17450.0,10475.0,4272.01220703125,6223.85009765625,31700.0,2830.0,4372.2451171875,4703.67138671875,11200.0
2024-08-10,9798.146484375,17450.0,10475.0,4272.01220703125,6223.85009765625,31700.0,2830.0,4372.2451171875,4703.67138671875,11200.0
2024-08-11,9798.146484375,17450.0,10475.0,4272.01220703125,6223.85009765625,31700.0,2830.0,4372.2451171875,4703.67138671875,11200.0
2024-08-12,9846.4130859375,17200.0,10475.0,4281.16015625,6269.27978515625,37500.0,2870.0,4372.2451171875,4703.67138671875,11000.0
2024-08-13,9942.9462890625,17400.0,10500.0,4317.7509765625,6360.138671875,41875.0,2850.0,4372.2451171875,4749.56103515625,11175.0
2024-08-14,9846.4130859375,17375.0,10625.0,4409.22900390625,6428.283203125,41275.0,2860.0,4491.6552734375,4841.33984375,11350.0
2024-08-15,9870.546875,17425.0,10475.0,4418.376953125,6382.853515625,40450.0,2870.0,4491.6552734375,4818.3955078125,11275.0
2024-08-16,9967.080078125,17025.0,10100.0,4418.376953125,6428.283203125,40350.0,2960.0,4565.138671875,4864.28466796875,11375.0
2024-08-17,9967.080078125,17025.0,10100.0,4418.376953125,6428.283203125,40350.0,2960.0,4565.138671875,4864.28466796875,11375.0
2024-08-18,9967.080078125,17025.0,10100.0,4418.376953125,6428.283203125,40350.0,2960.0,4565.138671875,4864.28466796875,11375.0
2024-08-19,10015.3466796875,17075.0,9850.0,4409.22900390625,6496.427734375,40350.0,2930.0,4615.658203125,4910.17431640625,11400.0
2024-08-20,10063.6142578125,17000.0,9600.0,4528.150390625,6541.85693359375,40350.0,2980.0,4707.51220703125,5024.89794921875,11425.0
2024-08-21,10063.6142578125,16975.0,9450.0,4665.36669921875,6587.28662109375,41100.0,2970.0,4661.58544921875,5001.953125,11450.0
2024-08-22,9967.080078125,17000.0,9475.0,4619.6279296875,6405.568359375,41100.0,2920.0,4592.69482421875,4841.33984375,11350.0
2024-08-23,9967.080078125,16875.0,9325.0,4711.10546875,6405.568359375,40750.0,2950.0,4684.548828125,5001.953125,11475.0
2024-08-24,9967.080078125,16875.0,9325.0,4711.10546875,6405.568359375,40750.0,2950.0,4684.548828125,5001.953125,11475.0
2024-08-25,9967.080078125,16875.0,9325.0,4711.10546875,6405.568359375,40750.0,2950.0,4684.548828125,5001.953125,11475.0
2024-08-26,9967.080078125,16775.0,9300.0,4848.322265625,6405.568359375,41500.0,2980.0,4730.4755859375,5070.78759765625,11400.0
2024-08-27,9846.4130859375,16650.0,9350.0,4733.97509765625,6382.853515625,41750.0,2990.0,4730.4755859375,4956.06396484375,11425.0
2024-08-28,9991.212890625,17225.0,9450.0,4711.10546875,6564.57177734375,41450.0,2980.0,4615.658203125,4933.119140625,11400.0
2024-08-29,9870.546875,16875.0,9400.0,4688.236328125,6450.998046875,41675.0,3030.0,4661.58544921875,4864.28466796875,11400.0
2024-08-30,9967.080078125,16700.0,9975.0,4711.10546875,6473.712890625,41625.0,3060.0,4684.548828125,4910.17431640625,11475.0
2024-08-31,9967.080078125,16700.0,9975.0,4711.10546875,6473.712890625,41625.0,3060.0,4684.548828125,4910.17431640625,11475.0
2024-09-01,9967.080078125,16700.0,9975.0,4711.10546875,6473.712890625,41625.0,3060.0,4684.548828125,4910.17431640625,11475.0
2024-09-02,9918.8134765625,16800.0,9600.0,4733.97509765625,6541.85693359375,41350.0,3140.0,4776.40234375,4910.17431640625,11500.0
2024-09-03,9822.279296875,16650.0,9450.0,4733.97509765625,6428.283203125,41375.0,3080.0,4707.51220703125,4933.119140625,11375.0
2024-09-04,9942.9462890625,16775.0,9525.0,4665.36669921875,6519.142578125,40950.0,3080.0,4638.6220703125,4910.17431640625,11400.0
2024-09-05,9894.6796875,16775.0,9450.0,4711.10546875,6519.142578125,41200.0,3020.0,4661.58544921875,5001.953125,11650.0
2024-09-06,9942.9462890625,16750.0,9425.0,4779.71435546875,6587.28662109375,41225.0,3040.0,4638.6220703125,5185.51123046875,11450.0
2024-09-07,9942.9462890625,16750.0,9425.0,4779.71435546875,6587.28662109375,41225.0,3040.0,4638.6220703125,5185.51123046875,11450.0
2024-09-08,9942.9462890625,16750.0,9425.0,4779.71435546875,6587.28662109375,41225.0,3040.0,4638.6220703125,5185.51123046875,11450.0
2024-09-09,9918.8134765625,16550.0,9400.0,4733.97509765625,6587.28662109375,41250.0,3030.0,4615.658203125,5254.34521484375,11600.0
2024-09-10,9991.212890625,16600.0,9275.0,4802.58349609375,6587.28662109375,41525.0,3030.0,4615.658203125,5231.400390625,11575.0
2024-09-11,10063.6142578125,16500.0,8950.0,4733.97509765625,6700.86083984375,41500.0,3040.0,4615.658203125,5185.51123046875,11575.0
2024-09-12,10111.8798828125,16575.0,9025.0,4733.97509765625,6632.71630859375,41375.0,3050.0,4615.658203125,5139.62158203125,11475.0
2024-09-13,10063.6142578125,16500.0,9000.0,4848.322265625,6610.00146484375,41350.0,3110.0,4661.58544921875,5162.56640625,11325.0
2024-09-14,10063.6142578125,16500.0,9000.0,4848.322265625,6610.00146484375,41350.0,3110.0,4661.58544921875,5162.56640625,11325.0
2024-09-15,10063.6142578125,16500.0,9000.0,4848.322265625,6610.00146484375,41350.0,3110.0,4661.58544921875,5162.56640625,11325.0
2024-09-16,10063.6142578125,16500.0,9000.0,4848.322265625,6610.00146484375,41350.0,3110.0,4661.58544921875,5162.56640625,11325.0
2024-09-17,10136.013671875,16525.0,8925.0,4848.322265625,6746.2900390625,41125.0,3090.0,4661.58544921875,5185.51123046875,11400.0
2024-09-18,10256.6806640625,16525.0,8850.0,4894.06103515625,6723.5751953125,40500.0,3120.0,4822.32958984375,5231.400390625,11500.0
2024-09-19,10522.1474609375,16525.0,9000.0,4939.7998046875,6723.5751953125,40050.0,3140.0,4845.29296875,5346.12451171875,11700.0
2024-09-20,10401.48046875,16550.0,8050.0,4916.9306640625,6632.71630859375,41225.0,3150.0,4799.3662109375,5277.2900390625,12000.0
2024-09-21,10401.48046875,16550.0,8050.0,4916.9306640625,6632.71630859375,41225.0,3150.0,4799.3662109375,5277.2900390625,12000.0
2024-09-22,10401.48046875,16550.0,8050.0,4916.9306640625,6632.71630859375,41225.0,3150.0,4799.3662109375,5277.2900390625,12000.0
2024-09-23,10570.4140625,16475.0,8725.0,5031.27783203125,6769.0048828125,41500.0,3170.0,4799.3662109375,5323.1796875,12200.0
2024-09-24,10425.6142578125,16475.0,8600.0,5054.1474609375,6746.2900390625,41075.0,3160.0,4845.29296875,5323.1796875,12425.0
2024-09-25,10473.880859375,16600.0,8950.0,4871.19189453125,6541.85693359375,41050.0,3190.0,4799.3662109375,5139.62158203125,12450.0
2024-09-26,10329.0810546875,16600.0,9150.0,4619.6279296875,6519.142578125,41550.0,3170.0,4822.32958984375,5139.62158203125,12775.0
2024-09-27,10280.8134765625,17225.0,8875.0,4665.36669921875,6405.568359375,41525.0,3050.0,4684.548828125,5001.953125,12650.0
2024-09-28,10280.8134765625,17225.0,8875.0,4665.36669921875,6405.568359375,41525.0,3050.0,4684.548828125,5001.953125,12650.0
2024-09-29,10280.8134765625,17225.0,8875.0,4665.36669921875,6405.568359375,41525.0,3050.0,4684.548828125,5001.953125,12650.0
2024-09-30,9967.080078125,16300.0,8475.0,4528.150390625,6291.99462890625,40300.0,2990.0,4638.6220703125,4910.17431640625,12325.0
2024-10-01,10184.2802734375,16650.0,8875.0,4642.4970703125,6405.568359375,40325.0,3020.0,4753.43896484375,4933.119140625,12450.0
2024-10-02,10136.013671875,16925.0,8925.0,4519.00244140625,6337.42431640625,40325.0,2920.0,4730.4755859375,4910.17431640625,12200.0
2024-10-03,10087.74609375,16700.0,8825.0,4500.70654296875,6405.568359375,40800.0,2890.0,4822.32958984375,4933.119140625,12000.0
2024-10-04,10111.8798828125,16500.0,8650.0,4445.81982421875,6314.70947265625,41500.0,2880.0,4730.4755859375,4887.2294921875,12125.0
2024-10-05,10111.8798828125,16500.0,8650.0,4445.81982421875,6314.70947265625,41500.0,2880.0,4730.4755859375,4887.2294921875,12125.0
2024-10-06,10111.8798828125,16500.0,8650.0,4445.81982421875,6314.70947265625,41500.0,2880.0,4730.4755859375,4887.2294921875,12125.0
2024-10-07,9942.9462890625,16575.0,8950.0,4409.22900390625,6246.56494140625,40700.0,2900.0,4684.548828125,4772.505859375,12000.0
2024-10-08,10039.48046875,16550.0,8950.0,4573.88916015625,6428.283203125,41025.0,2990.0,4799.3662109375,4910.17431640625,12300.0
2024-10-09,10063.6142578125,16450.0,8875.0,4509.8544921875,6314.70947265625,41325.0,2960.0,4661.58544921875,4887.2294921875,12075.0
2024-10-10,10136.013671875,16450.0,8575.0,4445.81982421875,6314.70947265625,41650.0,2950.0,4707.51220703125,4887.2294921875,12050.0
2024-10-11,10015.3466796875,16700.0,8550.0,4482.4111328125,6314.70947265625,41500.0,2940.0,4661.58544921875,4933.119140625,12250.0
2024-10-12,10015.3466796875,16700.0,8550.0,4482.4111328125,6314.70947265625,41500.0,2940.0,4661.58544921875,4933.119140625,12250.0
2024-10-13,10015.3466796875,16700.0,8550.0,4482.4111328125,6314.70947265625,41500.0,2940.0,4661.58544921875,4933.119140625,12250.0
2024-10-14,10136.013671875,16725.0,8600.0,4482.4111328125,6291.99462890625,41450.0,2900.0,4617.56396484375,4979.00830078125,12350.0
2024-10-15,10256.6806640625,16850.0,8750.0,4500.70654296875,6405.568359375,41700.0,2940.0,4617.56396484375,5047.8427734375,12575.0
2024-10-16,10111.8798828125,16925.0,8825.0,4528.150390625,6360.138671875,41875.0,3000.0,4645.66259765625,5024.89794921875,12500.0
2024-10-17,10353.212890625,17125.0,8850.0,4555.59326171875,6564.57177734375,42825.0,3040.0,4636.29638671875,5047.8427734375,12500.0
2024-10-18,10377.3466796875,17175.0,8900.0,4546.4453125,6519.142578125,44250.0,3100.0,4608.19775390625,5185.51123046875,12800.0
2024-10-19,10377.3466796875,17175.0,8900.0,4546.4453125,6519.142578125,44250.0,3100.0,4608.19775390625,5185.51123046875,12800.0
2024-10-20,10377.3466796875,17175.0,8900.0,4546.4453125,6519.142578125,44250.0,3100.0,4608.19775390625,5185.51123046875,12800.0
2024-10-21,10304.947265625,17175.0,8875.0,4564.7412109375,6541.85693359375,44825.0,3100.0,4776.7900390625,5162.56640625,12500.0
2024-10-22,10136.013671875,17200.0,9075.0,4482.4111328125,6428.283203125,44850.0,3010.0,4940.69970703125,5185.51123046875,12525.0
2024-10-23,10280.8134765625,17125.0,9150.0,4445.81982421875,6428.283203125,43300.0,2940.0,4964.115234375,5208.4560546875,12600.0
2024-10-24,10329.0810546875,17175.0,9000.0,4409.22900390625,6337.42431640625,43000.0,2900.0,4940.69970703125,5162.56640625,12525.0
2024-10-25,10377.3466796875,17100.0,9100.0,4363.490234375,6405.568359375,45000.0,2910.0,4893.86865234375,5185.51123046875,12650.0
2024-10-26,10377.3466796875,17100.0,9100.0,4363.490234375,6405.568359375,45000.0,2910.0,4893.86865234375,5185.51123046875,12650.0
2024-10-27,10377.3466796875,17100.0,9100.0,4363.490234375,6405.568359375,45000.0,2910.0,4893.86865234375,5185.51123046875,12650.0
2024-10-28,10232.546875,17175.0,9000.0,4354.34228515625,6201.13525390625,46500.0,2920.0,4917.2841796875,5047.8427734375,12650.0
2024-10-29,10136.013671875,17100.0,8925.0,4299.45556640625,6201.13525390625,44400.0,2900.0,4800.2060546875,4864.28466796875,12575.0
2024-10-30,9991.212890625,17150.0,8825.0,4308.603515625,6132.9912109375,44100.0,2900.0,4870.45263671875,4795.45068359375,12450.0
2024-10-31,9894.6796875,17200.0,8750.0,4390.93359375,6087.5615234375,44600.0,2820.0,4776.7900390625,4818.3955078125,12325.0
2024-11-01,10063.6142578125,17225.0,8550.0,4299.45556640625,6042.1318359375,44625.0,2780.0,4753.37451171875,4772.505859375,12100.0
2024-11-02,10063.6142578125,17225.0,8550.0,4299.45556640625,6042.1318359375,44625.0,2780.0,4753.37451171875,4772.505859375,12100.0
2024-11-03,10063.6142578125,17225.0,8550.0,4299.45556640625,6042.1318359375,44625.0,2780.0,4753.37451171875,4772.505859375,12100.0
2024-11-04,10015.3466796875,17200.0,8275.0,4317.7509765625,6132.9912109375,44500.0,2800.0,4800.2060546875,4864.28466796875,12325.0
2024-11-05,10136.013671875,17200.0,7700.0,4308.603515625,6291.99462890625,44600.0,2770.0,4847.037109375,4956.06396484375,12600.0
2024-11-06,10087.74609375,17200.0,7575.0,4207.9775390625,5951.27294921875,44850.0,2740.0,4729.958984375,4703.67138671875,12150.0
2024-11-07,9822.279296875,17675.0,6700.0,4162.23876953125,5837.69873046875,43250.0,2760.0,4683.1279296875,4611.892578125,12075.0
2024-11-08,9725.74609375,17725.0,7275.0,4134.7958984375,5746.83984375,41450.0,2750.0,4645.66259765625,4570.59228515625,12100.0
2024-11-09,9725.74609375,17725.0,7275.0,4134.7958984375,5746.83984375,41450.0,2750.0,4645.66259765625,4570.59228515625,12100.0
2024-11-10,9725.74609375,17725.0,7275.0,4134.7958984375,5746.83984375,41450.0,2750.0,4645.66259765625,4570.59228515625,12100.0
2024-11-11,9701.6123046875,17750.0,7050.0,4079.9091796875,5769.5546875,37700.0,2690.0,4655.02880859375,4579.77001953125,11950.0
2024-11-12,9798.146484375,17800.0,7050.0,4116.5,5792.26953125,38650.0,2600.0,4655.02880859375,4524.70263671875,11850.0
2024-11-13,9798.146484375,17900.0,6850.0,4189.6826171875,5837.69873046875,39050.0,2580.0,4706.54345703125,4552.236328125,11850.0
2024-11-14,9749.8798828125,17925.0,6825.0,4116.5,5792.26953125,37850.0,2530.0,4636.29638671875,4543.05859375,11450.0
2024-11-15,9822.279296875,18000.0,6625.0,4089.056884765625,5769.5546875,37425.0,2540.0,4626.93017578125,4506.3466796875,11675.0
2024-11-16,9822.279296875,18000.0,6625.0,4089.056884765625,5769.5546875,37425.0,2540.0,4626.93017578125,4506.3466796875,11675.0
2024-11-17,9822.279296875,18000.0,6625.0,4089.056884765625,5769.5546875,37425.0,2540.0,4626.93017578125,4506.3466796875,11675.0
2024-11-18,9653.3466796875,18000.0,6725.0,3979.28369140625,5746.83984375,36650.0,2590.0,4617.56396484375,4469.63525390625,11975.0
2024-11-19,9580.9462890625,18000.0,6575.0,3988.430908203125,5678.6953125,36050.0,2780.0,4655.02880859375,4451.279296875,11900.0
2024-11-20,9725.74609375,18000.0,6475.0,3960.98779296875,5655.98046875,37075.0,2680.0,4683.1279296875,4451.279296875,11800.0
2024-11-21,9555.970703125,19000.0,6450.0,3887.805419921875,5587.83642578125,36775.0,2770.0,4580.09912109375,4331.966796875,11800.0
2024-11-22,9555.970703125,18975.0,6350.0,4025.0224609375,5678.6953125,37200.0,2750.0,4598.83154296875,4442.1015625,12000.0
2024-11-23,9555.970703125,18975.0,6350.0,4025.0224609375,5678.6953125,37200.0,2750.0,4598.83154296875,4442.1015625,12000.0
2024-11-24,9555.970703125,18975.0,6350.0,4025.0224609375,5678.6953125,37200.0,2750.0,4598.83154296875,4442.1015625,12000.0
2024-11-25,9871.2685546875,19700.0,7250.0,4089.056884765625,5973.98779296875,36650.0,2740.0,4847.037109375,4579.77001953125,11950.0
2024-11-26,9701.4931640625,19600.0,7175.0,4025.0224609375,5814.984375,38325.0,2710.0,4823.62158203125,4543.05859375,11975.0
2024-11-27,9701.4931640625,19600.0,7175.0,4025.0224609375,5814.984375,38325.0,2710.0,4823.62158203125,4543.05859375,11975.0
2024-11-28,9701.4931640625,19575.0,7000.0,3960.98779296875,5860.41357421875,36700.0,2720.0,4800.2060546875,4611.892578125,11900.0
2024-11-29,9701.4931640625,19575.0,6950.0,3887.805419921875,5587.83642578125,36325.0,2710.0,4776.7900390625,4570.59228515625,11900.0
2024-11-30,9701.4931640625,19575.0,6950.0,3887.805419921875,5587.83642578125,36325.0,2710.0,4776.7900390625,4570.59228515625,11900.0
2024-12-01,9701.4931640625,19575.0,6950.0,3887.805419921875,5587.83642578125,36325.0,2710.0,4776.7900390625,4570.59228515625,11900.0
2024-12-02,9458.955078125,19600.0,7050.0,3814.623291015625,5451.5478515625,37400.0,2680.0,4626.93017578125,4322.7890625,11850.0
2024-12-03,9895.5224609375,19700.0,6975.0,3878.657958984375,5701.41015625,39200.0,2820.0,4800.2060546875,4387.0341796875,11925.0
2024-12-04,9895.5224609375,19800.0,7575.0,3979.28369140625,5792.26953125,38000.0,2840.0,4893.86865234375,4543.05859375,11800.0
2024-12-05,9944.0302734375,19800.0,8375.0,3896.953369140625,5587.83642578125,37725.0,2770.0,4870.45263671875,4423.74560546875,11900.0
2024-12-06,9774.25390625,19850.0,8675.0,3942.692138671875,5655.98046875,37500.0,2760.0,4823.62158203125,4460.45751953125,11825.0
2024-12-07,9774.25390625,19850.0,8675.0,3942.692138671875,5655.98046875,37500.0,2760.0,4823.62158203125,4460.45751953125,11825.0
2024-12-08,9774.25390625,19850.0,8675.0,3942.692138671875,5655.98046875,37500.0,2760.0,4823.62158203125,4460.45751953125,11825.0
2024-12-09,10041.044921875,19900.0,8250.0,4015.87451171875,5792.26953125,37525.0,2740.0,4893.86865234375,4588.94775390625,11775.0
2024-12-10,10041.044921875,20000.0,7975.0,3988.430908203125,5724.125,37750.0,2770.0,4893.86865234375,4680.72705078125,11725.0
2024-12-11,10113.806640625,20700.0,7950.0,4006.726806640625,5724.125,39775.0,2860.0,4917.2841796875,4657.7822265625,11725.0
2024-12-12,9871.2685546875,20700.0,8000.0,3896.953369140625,5565.12158203125,40175.0,2820.0,4776.7900390625,4478.81298828125,11600.0
2024-12-13,9750.0,20300.0,7775.0,3814.623291015625,5474.26220703125,41200.0,2790.0,4800.2060546875,4341.14453125,11850.0
2024-12-14,9750.0,20300.0,7775.0,3814.623291015625,5474.26220703125,41200.0,2790.0,4800.2060546875,4341.14453125,11850.0
2024-12-15,9750.0,20300.0,7775.0,3814.623291015625,5474.26220703125,41200.0,2790.0,4800.2060546875,4341.14453125,11850.0
2024-12-16,9798.5078125,20475.0,7750.0,3887.805419921875,5519.69189453125,38450.0,2660.0,4800.2060546875,4258.54345703125,11800.0
2024-12-17,9604.4775390625,20475.0,7675.0,3796.327880859375,5406.1181640625,39175.0,2620.0,4664.39501953125,4102.51953125,11525.0
2024-12-18,9507.462890625,20000.0,7600.0,3796.327880859375,5292.5439453125,38750.0,2570.0,4683.1279296875,4065.807861328125,11325.0
2024-12-19,9386.1943359375,20300.0,7325.0,3741.441162109375,5156.25537109375,37400.0,2530.0,4570.732421875,3955.673095703125,11200.0
2024-12-20,9361.9404296875,20375.0,7300.0,3713.997802734375,5156.25537109375,36625.0,2550.0,4561.3662109375,3909.78369140625,11250.0
2024-12-21,9361.9404296875,20375.0,7300.0,3713.997802734375,5156.25537109375,36625.0,2550.0,4561.3662109375,3909.78369140625,11250.0
2024-12-22,9361.9404296875,20375.0,7300.0,3713.997802734375,5156.25537109375,36625.0,2550.0,4561.3662109375,3909.78369140625,11250.0
2024-12-23,9483.208984375,20325.0,7400.0,3851.214599609375,5292.5439453125,35225.0,2650.0,4636.29638671875,4019.91845703125,11425.0
2024-12-24,9458.955078125,20350.0,7300.0,3842.066650390625,5224.39990234375,38150.0,2740.0,4570.732421875,4019.91845703125,11575.0
2024-12-25,9458.955078125,20350.0,7300.0,3842.066650390625,5224.39990234375,38150.0,2740.0,4570.732421875,4019.91845703125,11575.0
2024-12-26,9458.955078125,20350.0,7300.0,3842.066650390625,5224.39990234375,38150.0,2740.0,4570.732421875,4019.91845703125,11575.0
2024-12-27,9507.462890625,20200.0,7300.0,3875.147216796875,5269.82958984375,36900.0,2750.0,4617.56396484375,4001.5625,11425.0
2024-12-28,9507.462890625,20200.0,7300.0,3875.147216796875,5269.82958984375,36900.0,2750.0,4617.56396484375,4001.5625,11425.0
2024-12-29,9507.462890625,20200.0,7300.0,3875.147216796875,5269.82958984375,36900.0,2750.0,4617.56396484375,4001.5625,11425.0
2024-12-30,9386.1943359375,20250.0,7500.0,3856.244140625,5178.97021484375,37000.0,2710.0,4589.46533203125,3992.384765625,11375.0
2024-12-31,9386.1943359375,20250.0,7500.0,3856.244140625,5178.97021484375,37000.0,2710.0,4589.46533203125,3992.384765625,11375.0
2025-01-01,9386.1943359375,20250.0,7500.0,3856.244140625,5178.97021484375,37000.0,2710.0,4589.46533203125,3992.384765625,11375.0
2025-01-02,9604.4775390625,20675.0,7500.0,3979.11474609375,5315.2587890625,37300.0,2700.0,4636.29638671875,4212.654296875,11225.0
2025-01-03,9555.970703125,20625.0,7175.0,3922.4052734375,5269.82958984375,36775.0,2750.0,4636.29638671875,4166.7646484375,11375.0
2025-01-04,9555.970703125,20625.0,7175.0,3922.4052734375,5269.82958984375,36775.0,2750.0,4636.29638671875,4166.7646484375,11375.0
2025-01-05,9555.970703125,20625.0,7175.0,3922.4052734375,5269.82958984375,36775.0,2750.0,4636.29638671875,4166.7646484375,11375.0
2025-01-06,9386.1943359375,20050.0,6850.0,3875.147216796875,5156.25537109375,36175.0,2690.0,4552.0,4065.807861328125,11175.0
2025-01-07,9240.671875,20050.0,6850.0,3808.986328125,5088.111328125,36175.0,2570.0,4608.19775390625,4001.5625,10925.0
2025-01-08,9386.1943359375,20050.0,6675.0,3856.244140625,5224.39990234375,35550.0,2650.0,4505.1689453125,4010.740478515625,11100.0
2025-01-09,9555.970703125,20250.0,6875.0,3808.986328125,5224.39990234375,35500.0,2620.0,4617.56396484375,4019.91845703125,11025.0
2025-01-10,9434.7021484375,20600.0,6800.0,3790.0830078125,5088.111328125,35325.0,2680.0,4589.46533203125,3992.384765625,11075.0
2025-01-11,9434.7021484375,20600.0,6800.0,3790.0830078125,5088.111328125,35325.0,2680.0,4589.46533203125,3992.384765625,11075.0
2025-01-12,9434.7021484375,20600.0,6800.0,3790.0830078125,5088.111328125,35325.0,2680.0,4589.46533203125,3992.384765625,11075.0
2025-01-13,9386.1943359375,20625.0,6975.0,3638.85791015625,5019.966796875,36100.0,2670.0,4448.97119140625,3863.89404296875,11100.0
2025-01-14,9240.671875,20375.0,6750.0,3591.599853515625,4906.39306640625,36100.0,2620.0,4448.97119140625,3790.470947265625,10750.0
2025-01-15,9507.462890625,20500.0,6675.0,3865.69580078125,5224.39990234375,36275.0,2630.0,4626.93017578125,4047.4521484375,10775.0
2025-01-16,9458.955078125,20475.0,6750.0,3931.856689453125,5337.9736328125,37075.0,2590.0,4570.732421875,4130.05322265625,10925.0
2025-01-17,9604.4775390625,20500.0,6750.0,3865.69580078125,5337.9736328125,40000.0,2660.0,4626.93017578125,4102.51953125,10825.0
2025-01-18,9604.4775390625,20500.0,6750.0,3865.69580078125,5337.9736328125,40000.0,2660.0,4626.93017578125,4102.51953125,10825.0
2025-01-19,9604.4775390625,20500.0,6750.0,3865.69580078125,5337.9736328125,40000.0,2660.0,4626.93017578125,4102.51953125,10825.0
2025-01-20,9337.6865234375,20400.0,6875.0,3988.566162109375,5451.5478515625,41300.0,2610.0,4598.83154296875,4240.18798828125,10525.0
2025-01-21,9289.1796875,20400.0,6750.0,4026.37255859375,5496.97705078125,41800.0,2630.0,4598.83154296875,4350.32275390625,11000.0
2025-01-22,9313.4326171875,20375.0,6975.0,4026.37255859375,5587.83642578125,42100.0,2730.0,4645.66259765625,4396.2119140625,11375.0
2025-01-23,9313.4326171875,20400.0,7050.0,4064.178955078125,5610.55126953125,41500.0,2710.0,4589.46533203125,4267.7216796875,11275.0
2025-01-24,9070.8955078125,20425.0,7025.0,3960.21142578125,5565.12158203125,43150.0,2690.0,4561.3662109375,4231.009765625,11425.0
2025-01-25,9070.8955078125,20425.0,7025.0,3960.21142578125,5565.12158203125,43150.0,2690.0,4561.3662109375,4231.009765625,11425.0
2025-01-26,9070.8955078125,20425.0,7025.0,3960.21142578125,5565.12158203125,43150.0,2690.0,4561.3662109375,4231.009765625,11425.0
2025-01-27,9070.8955078125,20425.0,7025.0,3960.21142578125,5565.12158203125,43150.0,2690.0,4561.3662109375,4231.009765625,11425.0
2025-01-28,9070.8955078125,20425.0,7025.0,3960.21142578125,5565.12158203125,43150.0,2690.0,4561.3662109375,4231.009765625,11425.0
2025-01-29,9070.8955078125,20425.0,7025.0,3960.21142578125,5565.12158203125,43150.0,2690.0,4561.3662109375,4231.009765625,11425.0
2025-01-30,8876.8662109375,20400.0,7000.0,3894.050537109375,5542.40673828125,43600.0,2640.0,4477.0703125,4258.54345703125,11575.0
2025-01-31,9167.9111328125,20425.0,7100.0,3988.566162109375,5474.26220703125,44950.0,2660.0,4495.802734375,4377.8564453125,11500.0
2025-02-01,9167.9111328125,20425.0,7100.0,3988.566162109375,5474.26220703125,44950.0,2660.0,4495.802734375,4377.8564453125,11500.0
2025-02-02,9167.9111328125,20425.0,7100.0,3988.566162109375,5474.26220703125,44950.0,2660.0,4495.802734375,4377.8564453125,11500.0
2025-02-03,9070.8955078125,20300.0,7500.0,4016.9208984375,5269.82958984375,49725.0,2630.0,4458.33740234375,4387.0341796875,11225.0
2025-02-04,8901.1201171875,20350.0,8550.0,4026.37255859375,5156.25537109375,49500.0,2640.0,4495.802734375,4313.61083984375,11100.0
2025-02-05,8852.6123046875,20375.0,8625.0,3912.95361328125,5019.966796875,48100.0,2620.0,4439.60498046875,4130.05322265625,10900.0
2025-02-06,8682.8359375,20375.0,8100.0,3752.27685546875,4633.8154296875,48025.0,2560.0,4261.64599609375,3937.3173828125,10950.0
2025-02-07,9070.8955078125,20400.0,6525.0,3808.986328125,4679.2451171875,39450.0,2590.0,4355.30859375,3918.96142578125,11375.0
2025-02-08,9070.8955078125,20400.0,6525.0,3808.986328125,4679.2451171875,39450.0,2590.0,4355.30859375,3918.96142578125,11375.0
2025-02-09,9070.8955078125,20400.0,6525.0,3808.986328125,4679.2451171875,39450.0,2590.0,4355.30859375,3918.96142578125,11375.0
2025-02-10,8876.8662109375,20100.0,7000.0,3752.27685546875,4542.95654296875,38750.0,2440.0,4280.37890625,3808.82666015625,11275.0
2025-02-11,8804.1044921875,20150.0,6650.0,3790.0830078125,4433.92529296875,38025.0,2320.0,4317.84375,3735.403564453125,11225.0
2025-02-12,8876.8662109375,20200.0,7400.0,3808.986328125,4488.44091796875,36850.0,2480.0,4345.9423828125,3946.4951171875,11150.0
2025-02-13,8731.34375,20200.0,7075.0,3771.179931640625,4565.6708984375,37550.0,2420.0,4364.6748046875,3900.605712890625,11225.0
2025-02-14,8707.08984375,20225.0,6975.0,3648.309326171875,4656.5302734375,35500.0,2530.0,4383.40771484375,4010.740478515625,11525.0
2025-02-15,8707.08984375,20225.0,6975.0,3648.309326171875,4656.5302734375,35500.0,2530.0,4383.40771484375,4010.740478515625,11525.0
2025-02-16,8707.08984375,20225.0,6975.0,3648.309326171875,4656.5302734375,35500.0,2530.0,4383.40771484375,4010.740478515625,11525.0
2025-02-17,9046.6416015625,20075.0,7525.0,3808.986328125,4929.107421875,37000.0,2650.0,4439.60498046875,4194.29833984375,11500.0
2025-02-18,9022.388671875,20025.0,7325.0,3922.4052734375,4951.822265625,36275.0,2680.0,4495.802734375,4359.50048828125,11525.0
2025-02-19,8682.8359375,20100.0,8000.0,3799.53466796875,4701.9599609375,36750.0,2670.0,4402.14013671875,4148.40869140625,11650.0
2025-02-20,8731.34375,20100.0,7800.0,3695.5673828125,4679.2451171875,36525.0,2670.0,4420.87255859375,4093.341552734375,11550.0
2025-02-21,8731.34375,20000.0,8025.0,3676.6640625,4611.1005859375,37500.0,2650.0,4448.97119140625,3946.4951171875,11500.0
2025-02-22,8731.34375,20000.0,8025.0,3676.6640625,4611.1005859375,37500.0,2650.0,4448.97119140625,3946.4951171875,11500.0
2025-02-23,8731.34375,20000.0,8025.0,3676.6640625,4611.1005859375,37500.0,2650.0,4448.97119140625,3946.4951171875,11500.0
2025-02-24,8658.58203125,19725.0,8050.0,3705.018798828125,4565.6708984375,36250.0,2600.0,4402.14013671875,3854.71630859375,11875.0
2025-02-25,8561.5673828125,19500.0,7975.0,3591.599853515625,4424.83935546875,35350.0,2460.0,4271.0126953125,3882.25,11325.0
2025-02-26,8513.0595703125,19100.0,7800.0,3610.503173828125,4470.26904296875,35750.0,2520.0,4289.7451171875,3992.384765625,10500.0
2025-02-27,8270.5224609375,19175.0,7550.0,3430.923095703125,4234.03515625,32500.0,2490.0,4299.111328125,3983.206787109375,10400.0
2025-02-28,8173.5078125,19275.0,6700.0,3175.73046875,4179.52001953125,30875.0,2350.0,4242.91357421875,3698.69189453125,10450.0
2025-03-01,8173.5078125,19275.0,6700.0,3175.73046875,4179.52001953125,30875.0,2350.0,4242.91357421875,3698.69189453125,10450.0
2025-03-02,8173.5078125,19275.0,6700.0,3175.73046875,4179.52001953125,30875.0,2350.0,4242.91357421875,3698.69189453125,10450.0
2025-03-03,8537.3134765625,19700.0,7450.0,3468.7294921875,4452.09716796875,32375.0,2400.0,4383.40771484375,3909.78369140625,10575.0
2025-03-04,8585.8212890625,19650.0,6850.0,3468.7294921875,4397.58154296875,30675.0,2380.0,4392.77392578125,3873.072021484375,10575.0
2025-03-05,8731.34375,19750.0,7075.0,3629.40625,4415.75341796875,31375.0,2450.0,4589.46533203125,4093.341552734375,10400.0
2025-03-06,8707.08984375,19725.0,7100.0,3733.37353515625,4424.83935546875,31725.0,2400.0,4589.46533203125,4212.654296875,10350.0
2025-03-07,8658.58203125,19750.0,7300.0,3601.051513671875,4397.58154296875,30900.0,2410.0,4617.56396484375,4166.7646484375,10550.0
2025-03-08,8658.58203125,19750.0,7300.0,3601.051513671875,4397.58154296875,30900.0,2410.0,4617.56396484375,4166.7646484375,10550.0
2025-03-09,8658.58203125,19750.0,7300.0,3601.051513671875,4397.58154296875,30900.0,2410.0,4617.56396484375,4166.7646484375,10550.0
2025-03-10,8658.58203125,19800.0,7175.0,3553.793701171875,4279.46484375,34950.0,2390.0,4467.70361328125,4084.16357421875,10600.0
2025-03-11,8658.58203125,19800.0,6875.0,3582.1484375,4306.72265625,34275.0,2370.0,4495.802734375,4084.16357421875,10425.0
2025-03-12,8852.6123046875,19725.0,6950.0,3676.6640625,4433.92529296875,38200.0,2450.0,4505.1689453125,4157.5869140625,10925.0
2025-03-13,8707.08984375,20075.0,7000.0,3591.599853515625,4306.72265625,39600.0,2430.0,4430.23876953125,4157.5869140625,11000.0
2025-03-14,8488.806640625,20225.0,6750.0,3544.342041015625,4306.72265625,40175.0,2420.0,4327.2099609375,4065.807861328125,10750.0
2025-03-15,8488.806640625,20225.0,6750.0,3544.342041015625,4306.72265625,40175.0,2420.0,4327.2099609375,4065.807861328125,10750.0
2025-03-16,8488.806640625,20225.0,6750.0,3544.342041015625,4306.72265625,40175.0,2420.0,4327.2099609375,4065.807861328125,10750.0
2025-03-17,8343.2841796875,20125.0,6650.0,3619.95458984375,4252.20703125,42400.0,2420.0,4327.2099609375,3974.02880859375,10950.0
2025-03-18,8052.23876953125,20000.0,5425.0,3478.180908203125,4115.91845703125,41275.0,2420.0,4355.30859375,3845.538330078125,10825.0
2025-03-19,8076.49267578125,20000.0,6125.0,3506.53564453125,4252.20703125,42125.0,2430.0,4392.77392578125,3827.1826171875,10725.0
2025-03-20,8125.0,19975.0,7050.0,3459.27783203125,4197.69189453125,42300.0,2390.0,4411.50634765625,3744.58154296875,10600.0
2025-03-21,7900.0,20000.0,7250.0,3497.084228515625,4006.887451171875,42400.0,2310.0,4533.267578125,3460.066650390625,10575.0
2025-03-22,7900.0,20000.0,7250.0,3497.084228515625,4006.887451171875,42400.0,2310.0,4533.267578125,3460.066650390625,10575.0
2025-03-23,7900.0,20000.0,7250.0,3497.084228515625,4006.887451171875,42400.0,2310.0,4533.267578125,3460.066650390625,10575.0
2025-03-24,7950.0,20000.0,7075.0,3412.02001953125,4052.317138671875,42400.0,2330.0,4392.77392578125,3414.17724609375,10425.0
2025-03-25,8050.0,20000.0,6775.0,3591.599853515625,4306.72265625,42300.0,2340.0,4355.30859375,3579.37939453125,10375.0
2025-03-26,8525.0,20000.0,7125.0,3780.631591796875,4679.2451171875,42600.0,2440.0,4495.802734375,3900.605712890625,10550.0
2025-03-27,8500.0,20025.0,7200.0,3827.889404296875,4724.6748046875,42600.0,2410.0,4608.19775390625,3891.427734375,10175.0
2025-03-28,8500.0,20025.0,7200.0,3827.889404296875,4724.6748046875,42600.0,2410.0,4608.19775390625,3891.427734375,10175.0
2025-03-29,8500.0,20025.0,7200.0,3827.889404296875,4724.6748046875,42600.0,2410.0,4608.19775390625,3891.427734375,10175.0
2025-03-30,8500.0,20025.0,7200.0,3827.889404296875,4724.6748046875,42600.0,2410.0,4608.19775390625,3891.427734375,10175.0
2025-03-31,8500.0,20025.0,7200.0,3827.889404296875,4724.6748046875,42600.0,2410.0,4608.19775390625,3891.427734375,10175.0
2025-04-01,8500.0,20025.0,7200.0,3827.889404296875,4724.6748046875,42600.0,2410.0,4608.19775390625,3891.427734375,10175.0
2025-04-02,8500.0,20025.0,7200.0,3827.889404296875,4724.6748046875,42600.0,2410.0,4608.19775390625,3891.427734375,10175.0
2025-04-03,8500.0,20025.0,7200.0,3827.889404296875,4724.6748046875,42600.0,2410.0,4608.19775390625,3891.427734375,10175.0
2025-04-04,8500.0,20025.0,7200.0,3827.889404296875,4724.6748046875,42600.0,2410.0,4608.19775390625,3891.427734375,10175.0
2025-04-05,8500.0,20025.0,7200.0,3827.889404296875,4724.6748046875,42600.0,2410.0,4608.19775390625,3891.427734375,10175.0
2025-04-06,8500.0,20025.0,7200.0,3827.889404296875,4724.6748046875,42600.0,2410.0,4608.19775390625,3891.427734375,10175.0
2025-04-07,8500.0,20025.0,7200.0,3827.889404296875,4724.6748046875,42600.0,2410.0,4608.19775390625,3891.427734375,10175.0
2025-04-08,7775.0,19875.0,7200.0,3440.374755859375,4243.12109375,40175.0,2290.0,4196.08251953125,3698.69189453125,9700.0
2025-04-09,7925.0,20000.0,6725.0,3430.923095703125,4279.46484375,40225.0,2320.0,4327.2099609375,3707.869873046875,9575.0
2025-04-10,8225.0,20075.0,6800.0,3591.599853515625,4565.6708984375,41900.0,2350.0,4411.50634765625,3909.78369140625,10000.0
2025-04-11,8275.0,20000.0,6975.0,3630.0,4633.8154296875,41950.0,2330.0,4411.50634765625,4029.09619140625,9925.0
2025-04-12,8275.0,20000.0,6975.0,3630.0,4633.8154296875,41950.0,2330.0,4411.50634765625,4029.09619140625,9925.0
2025-04-13,8275.0,20000.0,6975.0,3630.0,4633.8154296875,41950.0,2330.0,4411.50634765625,4029.09619140625,9925.0
2025-04-14,8400.0,17025.0,7000.0,3690.0,4750.0,43200.0,2430.0,4617.56396484375,4175.9423828125,10325.0
2025-04-15,8575.0,20000.0,7350.0,3690.0,4710.0,42950.0,2450.0,4561.3662109375,4280.0,10475.0
2025-04-16,8475.0,20000.0,7500.0,3650.0,4630.0,42800.0,2480.0,4477.0703125,4100.0,10250.0
2025-04-17,8500.0,20000.0,7550.0,3640.0,4600.0,43800.0,2550.0,4448.97119140625,4040.0,10600.0
2025-04-18,8500.0,20000.0,7550.0,3640.0,4600.0,43800.0,2550.0,4448.97119140625,4040.0,10600.0
2025-04-19,8500.0,20000.0,7550.0,3640.0,4600.0,43800.0,2550.0,4448.97119140625,4040.0,10600.0
2025-04-20,8500.0,20000.0,7550.0,3640.0,4600.0,43800.0,2550.0,4448.97119140625,4040.0,10600.0
2025-04-21,8300.0,19675.0,7650.0,3620.0,4610.0,41800.0,2570.0,4486.4365234375,3990.0,10550.0
2025-04-22,8500.0,19925.0,7750.0,3630.0,4720.0,42300.0,2550.0,4439.60498046875,4010.0,10475.0
2025-04-23,8725.0,19875.0,7975.0,3760.0,4900.0,43000.0,2630.0,4514.53515625,4150.0,10700.0
2025-04-24,8475.0,19900.0,7700.0,3730.0,4890.0,43100.0,2630.0,4467.70361328125,4170.0,11000.0
2025-04-25,8600.0,19950.0,7800.0,3740.0,4900.0,42250.0,2600.0,4552.0,4200.0,11000.0
2025-04-26,8600.0,19950.0,7800.0,3740.0,4900.0,42250.0,2600.0,4552.0,4200.0,11000.0
2025-04-27,8600.0,19950.0,7800.0,3740.0,4900.0,42250.0,2600.0,4552.0,4200.0,11000.0
2025-04-28,8775.0,19975.0,7800.0,3840.0,4920.0,44850.0,2560.0,4580.09912109375,4190.0,11000.0
2025-04-29,8725.0,19875.0,7675.0,3850.0,4940.0,45875.0,2590.0,4495.802734375,4140.0,11250.0
2025-04-30,8825.0,19775.0,7875.0,3850.0,4890.0,45500.0,2640.0,4495.802734375,4180.0,11350.0
2025-05-01,8825.0,19775.0,7875.0,3850.0,4890.0,45500.0,2640.0,4495.802734375,4180.0,11350.0
2025-05-02,8975.0,19900.0,8650.0,3880.0,4960.0,45900.0,2680.0,4486.4365234375,4200.0,11000.0
2025-05-03,8975.0,19900.0,8650.0,3880.0,4960.0,45900.0,2680.0,4486.4365234375,4200.0,11000.0
2025-05-04,8975.0,19900.0,8650.0,3880.0,4960.0,45900.0,2680.0,4486.4365234375,4200.0,11000.0
2025-05-05,8975.0,19600.0,8650.0,3860.0,4980.0,46300.0,2700.0,4477.0703125,4210.0,11200.0
2025-05-06,9025.0,20150.0,8700.0,3880.0,4980.0,48200.0,2680.0,4448.97119140625,4180.0,11275.0
2025-05-07,9075.0,20225.0,9025.0,3910.0,4950.0,48700.0,2620.0,4523.9013671875,4160.0,11075.0
2025-05-08,8975.0,20225.0,8875.0,3790.0,4790.0,48250.0,2570.0,4477.0703125,4120.0,11400.0
2025-05-09,9000.0,20200.0,8525.0,3840.0,4770.0,49325.0,2600.0,4477.0703125,4100.0,11200.0
2025-05-10,9000.0,20200.0,8525.0,3840.0,4770.0,49325.0,2600.0,4477.0703125,4100.0,11200.0
2025-05-11,9000.0,20200.0,8525.0,3840.0,4770.0,49325.0,2600.0,4477.0703125,4100.0,11200.0
2025-05-12,9000.0,20200.0,8525.0,3840.0,4770.0,49325.0,2600.0,4477.0703125,4100.0,11200.0
2025-05-13,9000.0,20200.0,8525.0,3840.0,4770.0,49325.0,2600.0,4477.0703125,4100.0,11200.0
2025-05-14,9275.0,20100.0,9050.0,4090.0,5050.0,49900.0,2590.0,4505.1689453125,4370.0,11175.0
2025-05-15,9275.0,19975.0,9025.0,4270.0,5325.0,50400.0,2660.0,4514.53515625,4500.0,11050.0
2025-05-16,9300.0,20000.0,9225.0,4250.0,5475.0,49925.0,2740.0,4570.732421875,4500.0,11075.0
2025-05-17,9300.0,20000.0,9225.0,4250.0,5475.0,49925.0,2740.0,4570.732421875,4500.0,11075.0
2025-05-18,9300.0,20000.0,9225.0,4250.0,5475.0,49925.0,2740.0,4570.732421875,4500.0,11075.0
2025-05-19,9500.0,20025.0,9150.0,4230.0,5525.0,50700.0,2820.0,4626.93017578125,4460.0,10950.0
2025-05-20,9475.0,19950.0,9575.0,4210.0,5400.0,51000.0,2740.0,4552.0,4450.0,10750.0
2025-05-21,9700.0,19950.0,9500.0,4260.0,5450.0,50825.0,2750.0,4670.0,4520.0,10825.0
2025-05-22,9650.0,19950.0,9525.0,4300.0,5450.0,51800.0,2800.0,4630.0,4470.0,10800.0
2025-05-23,9675.0,19975.0,10550.0,4350.0,5425.0,52700.0,2690.0,4740.0,4510.0,10825.0
2025-05-24,9675.0,19975.0,10550.0,4350.0,5425.0,52700.0,2690.0,4740.0,4510.0,10825.0
2025-05-25,9675.0,19975.0,10550.0,4350.0,5425.0,52700.0,2690.0,4740.0,4510.0,10825.0
2025-05-26,9625.0,19975.0,9750.0,4320.0,5475.0,53900.0,2800.0,4730.0,4500.0,11025.0
2025-05-27,9450.0,19950.0,9800.0,4370.0,5400.0,53675.0,2830.0,4700.0,4530.0,11125.0
